// LostCrownGameAssets.h - Generated assets for Lost Crown Training Ground & Veera
// Auto-generated from assets/Traning_ground.png and assets/Veera_*.png
#pragma once

#include <Arduino.h>

static constexpr int16_t LC_BG_W = 128;
static constexpr int16_t LC_BG_H = 160;
static constexpr int16_t VEERA_SPRITE_W = 36;
static constexpr int16_t VEERA_SPRITE_H = 34;
static constexpr int16_t VEERA_GROUND_Y = 102;
static constexpr uint16_t VEERA_TRANSPARENT_COLOR = 0x0000;
static constexpr uint8_t VEERA_RUN_FRAME_COUNT = 5;
static constexpr int16_t VEERA_ATTACK_SPRITE_W = 58;
static constexpr int16_t VEERA_ATTACK_SPRITE_H = 46;
static constexpr uint8_t VEERA_ATTACK_FRAME_COUNT = 4;
static constexpr int16_t VEERA_ATTACK_OFFSET_X_RIGHT = 8;
static constexpr int16_t VEERA_ATTACK_OFFSET_X_LEFT = 14;
static constexpr int16_t VEERA_ATTACK_OFFSET_Y = 12;

// 128x160 Static Training Ground Background (20480 pixels)
static const uint16_t PROGMEM image_Traning_ground_pixels[20480] = {
  0x2D9F, 0x2D7F, 0x359F, 0x359F, 0x359F, 0x359F, 0x359F, 0x359F, 0x2D9F, 0x2D9F, 0x2D9F, 0x359F, 0x359F, 0x2D9F, 0x2D9F, 0x359F,
  0x359F, 0x359F, 0x359F, 0x2D7F, 0x359F, 0x2D9F, 0x2D9F, 0x2D7F, 0x2D9F, 0x2D9F, 0x359F, 0x359F, 0x359F, 0x2D9F, 0x2D9F, 0x2D9F,
  0x2D9F, 0x359F, 0x359F, 0x359F, 0x359F, 0x2D9F, 0x2D9F, 0x2D9F, 0x2D9F, 0x2D9F, 0x2D9F, 0x2D9F, 0x2D9F, 0x2D9F, 0x2D9F, 0x2D9F,
  0x2D9F, 0x2D9F, 0x2D9F, 0x2D9F, 0x2D9F, 0x359F, 0x2D9F, 0x2D9F, 0x2D9F, 0x2D9F, 0x359F, 0x2D9F, 0x2D9F, 0x2D9F, 0x2D9F, 0x2D9F,
  0x2D9F, 0x2D9F, 0x2D9F, 0x2D9F, 0x359F, 0x2D9F, 0x359F, 0x2D9F, 0x359F, 0x2D9F, 0x2D7F, 0x2D7F, 0x2D9F, 0x2D9F, 0x2D9F, 0x359F,
  0x359F, 0x359F, 0x359F, 0x359F, 0x359F, 0x2D9F, 0x2D9F, 0x2D7F, 0x2D9F, 0x2D9F, 0x2D9F, 0x2D9F, 0x359F, 0x359F, 0x2D9F, 0x2D9F,
  0x2D9F, 0x2D9F, 0x2D9F, 0x2D7F, 0x2D9F, 0x2D9F, 0x2D9F, 0x359F, 0x359F, 0x359F, 0x359F, 0x359F, 0x2D9F, 0x2D9F, 0x359F, 0x2D9F,
  0x359F, 0x359F, 0x359F, 0x359F, 0x359F, 0x359F, 0x359F, 0x359F, 0x359F, 0x359F, 0x359F, 0x359F, 0x359F, 0x359F, 0x359F, 0x359F,
  0x359F, 0x359F, 0x359F, 0x2D9F, 0x2D9F, 0x359F, 0x2D9F, 0x2D9F, 0x2D9F, 0x2D9F, 0x2D9F, 0x2D9F, 0x359F, 0x359F, 0x2D9F, 0x359F,
  0x359F, 0x359F, 0x359F, 0x359F, 0x2D9F, 0x2D9F, 0x359F, 0x2D9F, 0x2D9F, 0x2D9F, 0x359F, 0x359F, 0x359F, 0x359F, 0x2D9F, 0x2D9F,
  0x2D9F, 0x2D9F, 0x359F, 0x359F, 0x359F, 0x359F, 0x359F, 0x2D9F, 0x2D9F, 0x2D9F, 0x2D9F, 0x2D9F, 0x2D9F, 0x2D9F, 0x2D9F, 0x2D9F,
  0x2D9F, 0x2D9F, 0x2D9F, 0x359F, 0x2D9F, 0x359F, 0x359F, 0x2D9F, 0x2D9F, 0x2D9F, 0x2D9F, 0x2D9F, 0x2D9F, 0x2D9F, 0x2D9F, 0x2D9F,
  0x2D9F, 0x2D9F, 0x2D9F, 0x2D9F, 0x2D9F, 0x359F, 0x2D9F, 0x359F, 0x359F, 0x2D9F, 0x2D9F, 0x2D9F, 0x2D9F, 0x2D9F, 0x2D9F, 0x2D9F,
  0x2D9F, 0x2D9F, 0x359F, 0x359F, 0x359F, 0x359F, 0x2D9F, 0x2D9F, 0x2D9F, 0x2D9F, 0x2D9F, 0x2D9F, 0x359F, 0x359F, 0x2D9F, 0x359F,
  0x2D9F, 0x2D9F, 0x2D9F, 0x2D9F, 0x2D9F, 0x2D9F, 0x2D9F, 0x2D9F, 0x359F, 0x359F, 0x359F, 0x359F, 0x359F, 0x359F, 0x2D9F, 0x2D9F,
  0x359F, 0x359F, 0x359F, 0x359F, 0x359F, 0x359F, 0x359F, 0x359F, 0x359F, 0x359F, 0x359F, 0x359F, 0x359F, 0x359F, 0x359F, 0x359F,
  0x359F, 0x359F, 0x357F, 0x2D7F, 0x2D9F, 0x2D9F, 0x2D9F, 0x2D9F, 0x2D9F, 0x2D9F, 0x2D9F, 0x2D9F, 0x2D9F, 0x2D9F, 0x2D9F, 0x2D9F,
  0x359F, 0x359F, 0x359F, 0x359F, 0x359F, 0x2D9F, 0x2D9F, 0x2D9F, 0x2D9F, 0x359F, 0x359F, 0x359F, 0x359F, 0x2D9F, 0x2D9F, 0x2D9F,
  0x2D9F, 0x2D9F, 0x359F, 0x2D9F, 0x2D9F, 0x2D9F, 0x2D9F, 0x2D9F, 0x2D9F, 0x2D9F, 0x2D9F, 0x2D9F, 0x2D9F, 0x2D9F, 0x2D9F, 0x2D9F,
  0x2D9F, 0x2D9F, 0x2D9F, 0x2D9F, 0x359F, 0x359F, 0x359F, 0x2D9F, 0x2D9F, 0x2D9F, 0x2D9F, 0x2D9F, 0x2D9F, 0x2D7F, 0x2D9F, 0x2D7F,
  0x2D7F, 0x2D7F, 0x2D9F, 0x2D9F, 0x2D9F, 0x2D9F, 0x2D9F, 0x2D9F, 0x2D9F, 0x2D9F, 0x2D9F, 0x2D9F, 0x2D9F, 0x2D7F, 0x2D7F, 0x2D9F,
  0x2D7F, 0x2D9F, 0x359F, 0x359F, 0x359F, 0x2D9F, 0x2D9F, 0x2D9F, 0x2D9F, 0x2D9F, 0x359F, 0x359F, 0x2D9F, 0x359F, 0x359F, 0x2D9F,
  0x359F, 0x2D9F, 0x2D9F, 0x2D9F, 0x2D9F, 0x2D9F, 0x2D9F, 0x2D9F, 0x2D9F, 0x359F, 0x359F, 0x359F, 0x2D9F, 0x2D9F, 0x2D9F, 0x2D9F,
  0x359F, 0x359F, 0x359F, 0x359F, 0x359F, 0x359F, 0x2D9F, 0x359F, 0x2D9F, 0x359F, 0x359F, 0x359F, 0x359F, 0x359F, 0x359F, 0x2D9F,
  0x2D7F, 0x2D7F, 0x2D7F, 0x2D9F, 0x2D9F, 0x2D9F, 0x359F, 0x2D9F, 0x2D9F, 0x359F, 0x2D9F, 0x2D9F, 0x2D9F, 0x2D9F, 0x2D9F, 0x2D9F,
  0x2D9F, 0x2D9F, 0x359F, 0x2D9F, 0x2D9F, 0x2D9F, 0x2D9F, 0x2D9F, 0x2D9F, 0x359F, 0x359F, 0x359F, 0x359F, 0x2D9F, 0x2D9F, 0x2D9F,
  0x2D9F, 0x2D9F, 0x2D9F, 0x2D9F, 0x2D9F, 0x2D9F, 0x2D9F, 0x2D9F, 0x2D9F, 0x2D9F, 0x2D9F, 0x2D9F, 0x359F, 0x359F, 0x2D9F, 0x2D9F,
  0x2D9F, 0x2D9F, 0x2D9F, 0x2D9F, 0x359F, 0x359F, 0x359F, 0x359F, 0x2D9F, 0x359F, 0x359F, 0x359F, 0x2D9F, 0x2D9F, 0x2D9F, 0x2D7F,
  0x2D7F, 0x2D7F, 0x2D7F, 0x2D9F, 0x2D9F, 0x357F, 0x2D9F, 0x2D9F, 0x2D9F, 0x2D9F, 0x2D7F, 0x2D7F, 0x2D7F, 0x2D7F, 0x2D7F, 0x2D9F,
  0x2D7F, 0x2D9F, 0x2D9F, 0x359F, 0x359F, 0x2D9F, 0x2D9F, 0x359F, 0x2D9F, 0x2D9F, 0x359F, 0x359F, 0x359F, 0x2D9F, 0x359F, 0x359F,
  0x359F, 0x2D9F, 0x2D7F, 0x2D7F, 0x2D7F, 0x2D9F, 0x2D9F, 0x2D9F, 0x2D9F, 0x359F, 0x359F, 0x2D9F, 0x2D7F, 0x2D9F, 0x2D9F, 0x359F,
  0x359F, 0x2D9F, 0x359F, 0x359F, 0x359F, 0x359F, 0x2D9F, 0x2D9F, 0x2D9F, 0x2D9F, 0x359F, 0x359F, 0x359F, 0x359F, 0x359F, 0x2D9F,
  0x2D7F, 0x2D7F, 0x2D9F, 0x2D9F, 0x2D9F, 0x359F, 0x359F, 0x2D9F, 0x359F, 0x359F, 0x359F, 0x359F, 0x2D9F, 0x359F, 0x359F, 0x359F,
  0x2D9F, 0x2D9F, 0x2D9F, 0x2D9F, 0x2D9F, 0x2D9F, 0x2D9F, 0x2D7F, 0x2D9F, 0x2D7F, 0x359F, 0x359F, 0x2D7F, 0x2D7F, 0x2D7F, 0x2D9F,
  0x2D9F, 0x359F, 0x2D9F, 0x359F, 0x359F, 0x359F, 0x2D9F, 0x2D9F, 0x2D9F, 0x2D9F, 0x2D9F, 0x359F, 0x359F, 0x359F, 0x359F, 0x2D9F,
  0x2D9F, 0x2D7F, 0x2D9F, 0x2D7F, 0x2D9F, 0x2D9F, 0x359F, 0x359F, 0x359F, 0x359F, 0x359F, 0x2D9F, 0x2D9F, 0x2D9F, 0x2D7F, 0x2D7F,
  0x2D7F, 0x2D7F, 0x2D7F, 0x2D9F, 0x359F, 0x2D9F, 0x2D9F, 0x2D9F, 0x2D9F, 0x2D9F, 0x2D7F, 0x2D9F, 0x2D7F, 0x2D7F, 0x2D7F, 0x2D7F,
  0x2D9F, 0x2D7F, 0x2D9F, 0x359F, 0x2D9F, 0x359F, 0x2D9F, 0x359F, 0x359F, 0x359F, 0x359F, 0x359F, 0x2D9F, 0x2D9F, 0x2D9F, 0x2D9F,
  0x2D9F, 0x2D9F, 0x2D9F, 0x2D7F, 0x2D7F, 0x2D7F, 0x2D9F, 0x2D7F, 0x2D9F, 0x2D9F, 0x2D9F, 0x2D9F, 0x359F, 0x2D9F, 0x2D9F, 0x359F,
  0x359F, 0x359F, 0x359F, 0x359F, 0x359F, 0x359F, 0x2D9F, 0x2D9F, 0x2D9F, 0x2D9F, 0x359F, 0x2D9F, 0x359F, 0x2D9F, 0x359F, 0x359F,
  0x2D7F, 0x2D7F, 0x2D9F, 0x2D9F, 0x359F, 0x359F, 0x359F, 0x359F, 0x359F, 0x359F, 0x359F, 0x359F, 0x359F, 0x359F, 0x359F, 0x359F,
  0x359F, 0x359F, 0x359F, 0x2D7F, 0x2D7F, 0x2D7F, 0x2D7F, 0x2D9F, 0x2D7F, 0x2D7F, 0x2D9F, 0x359F, 0x2D9F, 0x2D9F, 0x2D9F, 0x359F,
  0x359F, 0x359F, 0x359F, 0x359F, 0x359F, 0x2D9F, 0x2D9F, 0x2D9F, 0x2D9F, 0x2D9F, 0x2D9F, 0x359F, 0x359F, 0x359F, 0x359F, 0x359F,
  0x2D9F, 0x2D9F, 0x2D9F, 0x359F, 0x359F, 0x359F, 0x359F, 0x2D9F, 0x359F, 0x2D9F, 0x359F, 0x2D9F, 0x2D9F, 0x2D7F, 0x2D7F, 0x2D7F,
  0x2D7F, 0x2D7F, 0x2D7F, 0x2D9F, 0x2D9F, 0x2D9F, 0x2D9F, 0x359F, 0x357F, 0x359F, 0x2D9F, 0x2D7F, 0x2D9F, 0x2D9F, 0x2D7F, 0x2D7F,
  0x2D7F, 0x2D9F, 0x2D7F, 0x359F, 0x359F, 0x359F, 0x359F, 0x2D7F, 0x359F, 0x359F, 0x359F, 0x359F, 0x359F, 0x359F, 0x2D9F, 0x2D9F,
  0x2D9F, 0x2D7F, 0x2D7F, 0x2D9F, 0x2D7F, 0x2D7F, 0x2D9F, 0x2D9F, 0x2D9F, 0x2D9F, 0x2D9F, 0x2D9F, 0x2D9F, 0x2D9F, 0x359F, 0x359F,
  0x359F, 0x359F, 0x359F, 0x359F, 0x359F, 0x359F, 0x2D9F, 0x2D9F, 0x2D9F, 0x2D9F, 0x2D9F, 0x2D9F, 0x359F, 0x2D9F, 0x2D9F, 0x359F,
  0x2D9F, 0x2D7F, 0x2D9F, 0x2D9F, 0x359F, 0x359F, 0x359F, 0x359F, 0x359F, 0x359F, 0x359F, 0x359F, 0x359F, 0x359F, 0x359F, 0x2D9F,
  0x359F, 0x2D9F, 0x2D7F, 0x2D9F, 0x2D7F, 0x2D7F, 0x2D7F, 0x2D9F, 0x2D7F, 0x357F, 0x2D9F, 0x359F, 0x2D9F, 0x2D9F, 0x359F, 0x359F,
  0x359F, 0x359F, 0x359F, 0x359F, 0x359F, 0x359F, 0x359F, 0x359F, 0x2D9F, 0x2D9F, 0x359F, 0x359F, 0x359F, 0x359F, 0x359F, 0x359F,
  0x359F, 0x359F, 0x359F, 0x359F, 0x359F, 0x2D9F, 0x359F, 0x359F, 0x359F, 0x359F, 0x359F, 0x2D9F, 0x359F, 0x2D7F, 0x2D7F, 0x2D7F,
  0x2D7F, 0x2D7F, 0x359F, 0x2D7F, 0x359F, 0x359F, 0x2D9F, 0x2D7F, 0x359F, 0x359F, 0x2D7F, 0x2D9F, 0x2D7F, 0x2D9F, 0x2D7F, 0x2D7F,
  0x2D9F, 0x2D9F, 0x359F, 0x359F, 0x359F, 0x357F, 0x359F, 0x359F, 0x359F, 0x359F, 0x359F, 0x359F, 0x359F, 0x359F, 0x359F, 0x359F,
  0x357F, 0x2D9F, 0x2D7F, 0x2D9F, 0x2D9F, 0x2D9F, 0x2D9F, 0x2D9F, 0x2D9F, 0x2D9F, 0x2D9F, 0x2D7F, 0x2D7F, 0x2D9F, 0x359F, 0x359F,
  0x359F, 0x359F, 0x359F, 0x359F, 0x359F, 0x359F, 0x2D9F, 0x2D9F, 0x359F, 0x2D9F, 0x2D9F, 0x359F, 0x359F, 0x359F, 0x2D9F, 0x359F,
  0x2D7F, 0x2D7F, 0x2D9F, 0x359F, 0x359F, 0x359F, 0x359F, 0x359F, 0x359F, 0x359F, 0x359F, 0x359F, 0x359F, 0x359F, 0x359F, 0x359F,
  0x359F, 0x359F, 0x359F, 0x359F, 0x2D7F, 0x2D7F, 0x2D7F, 0x2D7F, 0x2D7F, 0x2D7F, 0x359F, 0x359F, 0x359F, 0x359F, 0x359F, 0x359F,
  0x359F, 0x359F, 0x359F, 0x359F, 0x359F, 0x359F, 0x359F, 0x359F, 0x359F, 0x359F, 0x359F, 0x359F, 0x2D9F, 0x359F, 0x359F, 0x359F,
  0x359F, 0x2D9F, 0x359F, 0x359F, 0x359F, 0x2D9F, 0x359F, 0x359F, 0x359F, 0x359F, 0x2D9F, 0x359F, 0x2D7F, 0x2D7F, 0x2D7F, 0x2D7F,
  0x2D7F, 0x359F, 0x359F, 0x359F, 0x359F, 0x2D9F, 0x2D9F, 0x359F, 0x2D9F, 0x2D9F, 0x2D7F, 0x2D7F, 0x2D7F, 0x2D7F, 0x2D7F, 0x2D7F,
  0x2D9F, 0x359F, 0x359F, 0x359F, 0x359F, 0x359F, 0x359F, 0x359F, 0x359F, 0x359F, 0x359F, 0x359F, 0x359F, 0x359F, 0x359F, 0x2D9F,
  0x359F, 0x359F, 0x359F, 0x359F, 0x2D9F, 0x359F, 0x359F, 0x2D9F, 0x2D9F, 0x2D9F, 0x2D9F, 0x2D9F, 0x2D7F, 0x2D9F, 0x2D9F, 0x359F,
  0x359F, 0x359F, 0x359F, 0x359F, 0x359F, 0x359F, 0x359F, 0x359F, 0x359F, 0x359F, 0x359F, 0x359F, 0x359F, 0x359F, 0x359F, 0x2D9F,
  0x2D7F, 0x2D9F, 0x2D9F, 0x359F, 0x2D9F, 0x359F, 0x359F, 0x359F, 0x359F, 0x359F, 0x359F, 0x359F, 0x359F, 0x359F, 0x359F, 0x359F,
  0x359F, 0x359F, 0x359F, 0x359F, 0x2D7F, 0x2D7F, 0x2D7F, 0x2D7F, 0x2D7F, 0x359F, 0x359F, 0x359F, 0x359F, 0x359F, 0x359F, 0x359F,
  0x359F, 0x359F, 0x359F, 0x359F, 0x359F, 0x359F, 0x359F, 0x359F, 0x359F, 0x359F, 0x359F, 0x359F, 0x359F, 0x359F, 0x359F, 0x359F,
  0x359F, 0x359F, 0x359F, 0x359F, 0x359F, 0x359F, 0x359F, 0x359F, 0x359F, 0x359F, 0x359F, 0x359F, 0x2D7F, 0x2D7F, 0x2D7F, 0x2D7F,
  0x2D7F, 0x359F, 0x359F, 0x359F, 0x359F, 0x359F, 0x2D9F, 0x359F, 0x2D9F, 0x2D9F, 0x357F, 0x2D7F, 0x2D7F, 0x2D9F, 0x2D9F, 0x2D9F,
  0x2D7F, 0x2D7F, 0x2D7F, 0x359F, 0x359F, 0x359F, 0x359F, 0x357F, 0x359F, 0x357F, 0x357F, 0x359F, 0x359F, 0x359F, 0x2D9F, 0x2D9F,
  0x359F, 0x359F, 0x359F, 0x359F, 0x359F, 0x359F, 0x359F, 0x359F, 0x2D9F, 0x2D9F, 0x2D9F, 0x2D9F, 0x2D9F, 0x2D9F, 0x2D9F, 0x2D9F,
  0x359F, 0x359F, 0x359F, 0x359F, 0x359F, 0x359F, 0x359F, 0x359F, 0x359F, 0x359F, 0x359F, 0x359F, 0x359F, 0x359F, 0x359F, 0x359F,
  0x2D9F, 0x2D9F, 0x359F, 0x2D9F, 0x359F, 0x359F, 0x359F, 0x359F, 0x359F, 0x359F, 0x359F, 0x359F, 0x359F, 0x359F, 0x359F, 0x359F,
  0x359F, 0x359F, 0x2D9F, 0x2D9F, 0x2D7F, 0x2D7F, 0x2D7F, 0x359F, 0x359F, 0x359F, 0x359F, 0x359F, 0x359F, 0x359F, 0x359F, 0x359F,
  0x359F, 0x359F, 0x359F, 0x359F, 0x359F, 0x359F, 0x359F, 0x359F, 0x359F, 0x359F, 0x359F, 0x359F, 0x2D9F, 0x2D9F, 0x359F, 0x359F,
  0x359F, 0x2D9F, 0x359F, 0x359F, 0x359F, 0x359F, 0x359F, 0x359F, 0x359F, 0x2D9F, 0x359F, 0x2D7F, 0x2D7F, 0x2D7F, 0x2D9F, 0x2D7F,
  0x2D9F, 0x359F, 0x359F, 0x359F, 0x2D9F, 0x2D9F, 0x2D9F, 0x2D9F, 0x2D7F, 0x2D9F, 0x2D7F, 0x2D7F, 0x2D7F, 0x2D7F, 0x2D7F, 0x357F,
  0x2D7F, 0x2D7F, 0x2D7F, 0x2D9F, 0x359F, 0x2D9F, 0x357F, 0x2D7F, 0x359F, 0x357F, 0x357F, 0x357F, 0x2D7F, 0x2D7F, 0x2D7F, 0x2D7F,
  0x2D9F, 0x359F, 0x359F, 0x359F, 0x359F, 0x359F, 0x359F, 0x359F, 0x359F, 0x2D9F, 0x2D9F, 0x2D9F, 0x2D9F, 0x2D9F, 0x2D9F, 0x2D9F,
  0x2D9F, 0x2D7F, 0x359F, 0x359F, 0x359F, 0x359F, 0x359F, 0x2D9F, 0x2D9F, 0x2D9F, 0x359F, 0x2D9F, 0x359F, 0x359F, 0x359F, 0x359F,
  0x2D9F, 0x2D9F, 0x359F, 0x359F, 0x359F, 0x359F, 0x359F, 0x359F, 0x357F, 0x357F, 0x359F, 0x359F, 0x359F, 0x359F, 0x359F, 0x359F,
  0x359F, 0x359F, 0x359F, 0x2D9F, 0x2D9F, 0x359F, 0x359F, 0x2D7F, 0x2D9F, 0x359F, 0x359F, 0x359F, 0x359F, 0x359F, 0x359F, 0x359F,
  0x359F, 0x359F, 0x359F, 0x359F, 0x359F, 0x359F, 0x359F, 0x359F, 0x359F, 0x359F, 0x2D9F, 0x2D9F, 0x2D9F, 0x2D9F, 0x2D9F, 0x2D9F,
  0x359F, 0x2D9F, 0x359F, 0x359F, 0x359F, 0x359F, 0x359F, 0x359F, 0x359F, 0x2D9F, 0x2D9F, 0x2D7F, 0x2D7F, 0x2D9F, 0x2D7F, 0x2D7F,
  0x2D9F, 0x2D9F, 0x2D9F, 0x2D9F, 0x2D7F, 0x2D9F, 0x2D9F, 0x2D7F, 0x2D9F, 0x2D9F, 0x2D7F, 0x2D7F, 0x2D7F, 0x2D7F, 0x2D7F, 0x2D7F,
  0x2D7F, 0x2D7F, 0x2D7F, 0x2D7F, 0x2D9F, 0x2D9F, 0x2D9F, 0x359F, 0x359F, 0x357F, 0x357F, 0x2D9F, 0x357F, 0x357F, 0x2D7F, 0x2D7F,
  0x359F, 0x359F, 0x359F, 0x2D9F, 0x2D9F, 0x359F, 0x359F, 0x359F, 0x359F, 0x2D9F, 0x359F, 0x359F, 0x359F, 0x359F, 0x359F, 0x2D9F,
  0x2D9F, 0x2D9F, 0x359F, 0x2D9F, 0x2D9F, 0x2D9F, 0x359F, 0x359F, 0x2D9F, 0x2D9F, 0x2D9F, 0x2D9F, 0x359F, 0x359F, 0x359F, 0x359F,
  0x2D7F, 0x359F, 0x359F, 0x2D9F, 0x2D9F, 0x359F, 0x359F, 0x357F, 0x2D9F, 0x359F, 0x2D9F, 0x2D9F, 0x359F, 0x359F, 0x359F, 0x359F,
  0x359F, 0x359F, 0x359F, 0x359F, 0x2D9F, 0x357F, 0x359F, 0x359F, 0x359F, 0x359F, 0x359F, 0x359F, 0x359F, 0x359F, 0x359F, 0x359F,
  0x359F, 0x359F, 0x359F, 0x359F, 0x359F, 0x359F, 0x359F, 0x359F, 0x359F, 0x359F, 0x2D9F, 0x2D9F, 0x2D9F, 0x2D9F, 0x2D9F, 0x2D9F,
  0x2D9F, 0x359F, 0x359F, 0x359F, 0x359F, 0x359F, 0x359F, 0x359F, 0x2D9F, 0x2D7F, 0x2D9F, 0x2D7F, 0x2D7F, 0x2D7F, 0x2D7F, 0x2D7F,
  0x2D7F, 0x2D9F, 0x2D9F, 0x2D9F, 0x2D9F, 0x2D9F, 0x2D9F, 0x2D9F, 0x2D9F, 0x2D7F, 0x2D7F, 0x2D7F, 0x2D7F, 0x2D9F, 0x2D7F, 0x2D7F,
  0x2D7F, 0x2D7F, 0x2D7F, 0x2D7F, 0x2D7F, 0x2D7F, 0x2D9F, 0x357F, 0x359F, 0x359F, 0x2D7F, 0x357F, 0x359F, 0x357F, 0x2D9F, 0x357F,
  0x357F, 0x359F, 0x2D7F, 0x5DFC, 0xD732, 0x55DC, 0x2D7F, 0x359F, 0x2D7F, 0x2D9F, 0x359F, 0x359F, 0x359F, 0x359F, 0x359F, 0x2D9F,
  0x2D9F, 0x2D9F, 0x2D9F, 0x2D9F, 0x2D9F, 0x2D9F, 0x2D9F, 0x2D9F, 0x2D9F, 0x2D9F, 0x2D9F, 0x2D9F, 0x359F, 0x359F, 0x359F, 0x359F,
  0x2D7F, 0x359F, 0x2D9F, 0x2D9F, 0x2D7F, 0x359F, 0x359F, 0x2D7F, 0x2D7F, 0x2D7F, 0x2D9F, 0x359F, 0x2D9F, 0x359F, 0x359F, 0x359F,
  0x359F, 0x359F, 0x359F, 0x359F, 0x359F, 0x359F, 0x359F, 0x359F, 0x359F, 0x359F, 0x359F, 0x359F, 0x359F, 0x359F, 0x359F, 0x359F,
  0x359F, 0x359F, 0x359F, 0x359F, 0x359F, 0x359F, 0x359F, 0x359F, 0x359F, 0x2D9F, 0x2D9F, 0x2D9F, 0x2D9F, 0x2D9F, 0x2D9F, 0x2D9F,
  0x2D9F, 0x2D9F, 0x2D9F, 0x2D9F, 0x2D9F, 0x359F, 0x359F, 0x359F, 0x2D9F, 0x2D9F, 0x2D9F, 0x2D9F, 0x2D9F, 0x2D7F, 0x2D7F, 0x2D7F,
  0x2D7F, 0x2D9F, 0x2D9F, 0x2D9F, 0x2D9F, 0x2D9F, 0x2D9F, 0x2D7F, 0x2D7F, 0x2D7F, 0x2D7F, 0x2D9F, 0x2D9F, 0x2D7F, 0x2D7F, 0x2D7F,
  0x2D7F, 0x2D7F, 0x2D7F, 0x2D7F, 0x2D9F, 0x2D7F, 0x357F, 0x357F, 0x359F, 0x359F, 0x359F, 0x359F, 0x359F, 0x359F, 0x359F, 0x359F,
  0x359F, 0x359F, 0x257F, 0x65FB, 0xFFAE, 0x5DFB, 0x257F, 0x359F, 0x2D7F, 0x2D7F, 0x2D9F, 0x359F, 0x359F, 0x359F, 0x2D9F, 0x2D9F,
  0x2D9F, 0x2D9F, 0x2D9F, 0x2D9F, 0x2D9F, 0x2D9F, 0x2D9F, 0x2D9F, 0x2D9F, 0x2D9F, 0x2D9F, 0x359F, 0x359F, 0x359F, 0x359F, 0x2D9F,
  0x2D7F, 0x2D7F, 0x2D7F, 0x2D9F, 0x2D9F, 0x359F, 0x359F, 0x357F, 0x357F, 0x2D7F, 0x2D9F, 0x2D7F, 0x2D9F, 0x2D9F, 0x359F, 0x359F,
  0x359F, 0x2D9F, 0x359F, 0x359F, 0x359F, 0x359F, 0x359F, 0x359F, 0x359F, 0x359F, 0x359F, 0x359F, 0x359F, 0x359F, 0x359F, 0x359F,
  0x359F, 0x359F, 0x359F, 0x359F, 0x359F, 0x359F, 0x359F, 0x359F, 0x359F, 0x359F, 0x359F, 0x359F, 0x2D9F, 0x2D9F, 0x2D9F, 0x2D9F,
  0x2D9F, 0x2D9F, 0x2D9F, 0x2D9F, 0x2D9F, 0x359F, 0x2D9F, 0x2D9F, 0x359F, 0x2D9F, 0x2D9F, 0x2D9F, 0x2D9F, 0x2D9F, 0x2D9F, 0x2D9F,
  0x2D9F, 0x2D9F, 0x2D9F, 0x2D9F, 0x2D9F, 0x2D9F, 0x2D9F, 0x2D9F, 0x2D9F, 0x2D9F, 0x2D9F, 0x2D9F, 0x2D7F, 0x2D7F, 0x2D9F, 0x2D7F,
  0x2D7F, 0x2D9F, 0x2D7F, 0x2D7F, 0x2D7F, 0x2D9F, 0x359F, 0x359F, 0x357F, 0x359F, 0x359F, 0x2D7F, 0x2D7F, 0x359F, 0x359F, 0x359F,
  0x359F, 0x359F, 0x257F, 0x65FB, 0xFFAD, 0x5DFB, 0x257F, 0x357F, 0x2D7F, 0x2D7F, 0x359F, 0x2D9F, 0x257F, 0x2D7F, 0x359F, 0x2D9F,
  0x2D9F, 0x2D9F, 0x2D9F, 0x2D9F, 0x2D9F, 0x2D9F, 0x2D9F, 0x359F, 0x359F, 0x359F, 0x2D9F, 0x359F, 0x359F, 0x359F, 0x2D9F, 0x2D9F,
  0x2D7F, 0x2D7F, 0x2D7F, 0x2D7F, 0x2D7F, 0x359F, 0x359F, 0x2D7F, 0x2D7F, 0x2D7F, 0x2D9F, 0x2D9F, 0x2D9F, 0x2D9F, 0x2D9F, 0x2D9F,
  0x2D9F, 0x359F, 0x359F, 0x2D9F, 0x359F, 0x359F, 0x359F, 0x359F, 0x359F, 0x359F, 0x359F, 0x359F, 0x359F, 0x359F, 0x359F, 0x359F,
  0x359F, 0x359F, 0x359F, 0x359F, 0x359F, 0x359F, 0x359F, 0x359F, 0x359F, 0x359F, 0x359F, 0x359F, 0x359F, 0x2D9F, 0x2D9F, 0x2D9F,
  0x2D9F, 0x2D7F, 0x2D9F, 0x2D9F, 0x2D9F, 0x2D9F, 0x2D9F, 0x2D9F, 0x359F, 0x2D9F, 0x2D9F, 0x2D9F, 0x2D9F, 0x2D7F, 0x2D7F, 0x2D9F,
  0x2D9F, 0x2D9F, 0x359F, 0x2D9F, 0x2D9F, 0x2D7F, 0x2D9F, 0x2D9F, 0x2D9F, 0x2D9F, 0x2D9F, 0x2D9F, 0x2D7F, 0x2D7F, 0x2D7F, 0x2D7F,
  0x2D7F, 0x2D9F, 0x2D7F, 0x2D9F, 0x2D9F, 0x359F, 0x359F, 0x359F, 0x359F, 0x359F, 0x2D9F, 0x55FC, 0x55FC, 0x359F, 0x359F, 0x359F,
  0x359F, 0x359F, 0x2D7F, 0x55DD, 0xAEB4, 0x4DBD, 0x2D7F, 0x357F, 0x2D7F, 0x357F, 0x357F, 0x359F, 0x5E1B, 0x45DD, 0x2D7F, 0x359F,
  0x2D7F, 0x2D9F, 0x2D9F, 0x2D9F, 0x2D9F, 0x2D9F, 0x2D9F, 0x2D9F, 0x359F, 0x359F, 0x2D9F, 0x2D9F, 0x359F, 0x2D9F, 0x2D9F, 0x2D9F,
  0x2D7F, 0x2D7F, 0x2D7F, 0x2D7F, 0x2D7F, 0x2D7F, 0x2D7F, 0x2D7F, 0x2D7F, 0x2D7F, 0x2D9F, 0x2D9F, 0x2D9F, 0x2D9F, 0x2D9F, 0x2D9F,
  0x2D9F, 0x2D9F, 0x359F, 0x2D9F, 0x2D9F, 0x359F, 0x359F, 0x359F, 0x359F, 0x359F, 0x359F, 0x359F, 0x359F, 0x359F, 0x359F, 0x359F,
  0x359F, 0x359F, 0x359F, 0x359F, 0x359F, 0x359F, 0x359F, 0x2D9F, 0x359F, 0x359F, 0x359F, 0x359F, 0x2D9F, 0x359F, 0x2D9F, 0x2D7F,
  0x2D9F, 0x2D9F, 0x2D9F, 0x2D9F, 0x2D9F, 0x2D9F, 0x2D9F, 0x2D9F, 0x2D9F, 0x2D9F, 0x2D9F, 0x2D9F, 0x2D9F, 0x2D9F, 0x2D9F, 0x2D9F,
  0x2D9F, 0x2D9F, 0x2D9F, 0x2D9F, 0x2D7F, 0x2D9F, 0x2D9F, 0x2D7F, 0x2D9F, 0x2D9F, 0x2D9F, 0x2D9F, 0x2D9F, 0x2D7F, 0x2D7F, 0x2D7F,
  0x2D9F, 0x2D7F, 0x2D9F, 0x2D9F, 0x357F, 0x357F, 0x359F, 0x359F, 0x359F, 0x359F, 0x257F, 0xE730, 0xD711, 0x155F, 0x2D7F, 0x359F,
  0x359F, 0x359F, 0x2D9F, 0x2D9F, 0x1D7F, 0x2D9F, 0x2D9F, 0x359F, 0x357F, 0x359F, 0x257F, 0x35BF, 0xFFAD, 0x9E76, 0x1D5F, 0x359F,
  0x2D7F, 0x2D9F, 0x2D9F, 0x2D9F, 0x2D9F, 0x2D9F, 0x2D9F, 0x359F, 0x2D9F, 0x359F, 0x359F, 0x2D9F, 0x359F, 0x359F, 0x359F, 0x359F,
  0x2D7F, 0x2D7F, 0x2D7F, 0x2D7F, 0x2D7F, 0x2D7F, 0x357F, 0x2D7F, 0x2D7F, 0x2D7F, 0x359F, 0x2D9F, 0x2D9F, 0x2D9F, 0x359F, 0x359F,
  0x359F, 0x2D9F, 0x359F, 0x359F, 0x359F, 0x359F, 0x359F, 0x359F, 0x359F, 0x359F, 0x359F, 0x359F, 0x359F, 0x359F, 0x359F, 0x359F,
  0x359F, 0x359F, 0x357F, 0x359F, 0x359F, 0x359F, 0x359F, 0x2D9F, 0x359F, 0x359F, 0x359F, 0x359F, 0x359F, 0x359F, 0x359F, 0x2D9F,
  0x2D9F, 0x2D9F, 0x2D9F, 0x2D9F, 0x2D9F, 0x359F, 0x2D9F, 0x2D9F, 0x2D9F, 0x2D9F, 0x2D9F, 0x2D7F, 0x2D7F, 0x2D9F, 0x2D9F, 0x2D9F,
  0x2D9F, 0x2D9F, 0x2D9F, 0x2D9F, 0x2D9F, 0x2D9F, 0x2D9F, 0x2D9F, 0x2D9F, 0x359F, 0x359F, 0x2D9F, 0x359F, 0x2D7F, 0x2D7F, 0x2D9F,
  0x2D7F, 0x2D9F, 0x2D9F, 0x2D7F, 0x357F, 0x2D9F, 0x359F, 0x359F, 0x359F, 0x359F, 0x2D7F, 0x5DFB, 0x8E77, 0xC712, 0x55DC, 0x257F,
  0x257F, 0x259F, 0xBE4E, 0xD64B, 0xD64C, 0xD64B, 0xAE30, 0x1D7F, 0x257F, 0x255F, 0x7E59, 0xCEF2, 0x7E39, 0x4DDC, 0x2D7F, 0x357F,
  0x2D7F, 0x2D9F, 0x2D9F, 0x2D9F, 0x2D9F, 0x2D9F, 0x2D9F, 0x2D9F, 0x2D9F, 0x359F, 0x2D9F, 0x2D9F, 0x359F, 0x359F, 0x359F, 0x359F,
  0x2D7F, 0x2D7F, 0x2D7F, 0x2D7F, 0x2D7F, 0x357F, 0x357F, 0x357F, 0x357F, 0x359F, 0x359F, 0x359F, 0x359F, 0x359F, 0x2D7F, 0x2D9F,
  0x359F, 0x359F, 0x359F, 0x359F, 0x359F, 0x359F, 0x359F, 0x359F, 0x359F, 0x359F, 0x359F, 0x359F, 0x359F, 0x359F, 0x359F, 0x359F,
  0x359F, 0x357F, 0x359F, 0x359F, 0x359F, 0x359F, 0x2D9F, 0x359F, 0x359F, 0x359F, 0x359F, 0x359F, 0x359F, 0x359F, 0x359F, 0x359F,
  0x359F, 0x359F, 0x359F, 0x2D9F, 0x2D9F, 0x2D9F, 0x2D9F, 0x2D9F, 0x2D7F, 0x2D9F, 0x2D9F, 0x2D7F, 0x2D7F, 0x2D9F, 0x2D7F, 0x2D9F,
  0x2D9F, 0x2D9F, 0x2D9F, 0x2D9F, 0x2D9F, 0x2D7F, 0x2D7F, 0x2D7F, 0x2D9F, 0x359F, 0x2D9F, 0x359F, 0x2D9F, 0x357F, 0x2D7F, 0x2D9F,
  0x2D9F, 0x2D9F, 0x359F, 0x359F, 0x359F, 0x359F, 0x359F, 0x359F, 0x359F, 0x359F, 0x359F, 0x1D5F, 0x5DFC, 0xE74F, 0x55DC, 0x459D,
  0x7DF6, 0x7DF6, 0xF648, 0xFE45, 0xFE46, 0xFE65, 0xE649, 0x75F6, 0x7DF5, 0x357E, 0x8E58, 0xDF11, 0x2D7F, 0x257F, 0x357F, 0x2D7F,
  0x2D7F, 0x2D9F, 0x2D7F, 0x2D9F, 0x2D9F, 0x2D9F, 0x2D9F, 0x2D9F, 0x2D9F, 0x2D9F, 0x2D9F, 0x2D9F, 0x2D9F, 0x2D9F, 0x2D9F, 0x359F,
  0x2D7F, 0x2D7F, 0x2D7F, 0x2D7F, 0x2D7F, 0x357F, 0x359F, 0x359F, 0x359F, 0x359F, 0x359F, 0x359F, 0x359F, 0x359F, 0x359F, 0x359F,
  0x359F, 0x359F, 0x359F, 0x359F, 0x359F, 0x359F, 0x359F, 0x2D9F, 0x2D9F, 0x2D9F, 0x359F, 0x359F, 0x359F, 0x359F, 0x359F, 0x359F,
  0x357F, 0x359F, 0x359F, 0x359F, 0x359F, 0x359F, 0x359F, 0x359F, 0x2D9F, 0x359F, 0x359F, 0x359F, 0x359F, 0x359F, 0x359F, 0x359F,
  0x359F, 0x359F, 0x359F, 0x2D9F, 0x2D9F, 0x359F, 0x359F, 0x2D9F, 0x2D9F, 0x2D9F, 0x2D9F, 0x2D7F, 0x2D7F, 0x2D7F, 0x2D9F, 0x2D9F,
  0x2D9F, 0x2D9F, 0x2D9F, 0x2D9F, 0x2D9F, 0x2D9F, 0x2D7F, 0x2D7F, 0x2D9F, 0x359F, 0x2D9F, 0x359F, 0x359F, 0x359F, 0x2D7F, 0x357F,
  0x359F, 0x359F, 0x359F, 0x359F, 0x359F, 0x359F, 0x359F, 0x359F, 0x359F, 0x359F, 0x2D7F, 0x357F, 0x2D9F, 0x2D7F, 0x1D5F, 0x75D7,
  0xFE64, 0xFE46, 0xFE89, 0xFEAA, 0xFEAA, 0xFEAA, 0xFE89, 0xFE65, 0xFE66, 0x559B, 0x255F, 0x2D7F, 0x357F, 0x2D7F, 0x2D7F, 0x2D7F,
  0x2D7F, 0x2D7F, 0x2D7F, 0x2D7F, 0x2D7F, 0x2D9F, 0x2D9F, 0x2D9F, 0x2D9F, 0x2D9F, 0x2D9F, 0x2D9F, 0x2D9F, 0x2D9F, 0x359F, 0x359F,
  0x2D7F, 0x2D7F, 0x2D7F, 0x2D7F, 0x2D7F, 0x359F, 0x359F, 0x359F, 0x359F, 0x359F, 0x359F, 0x359F, 0x359F, 0x359F, 0x359F, 0x359F,
  0x2D9F, 0x2D9F, 0x359F, 0x359F, 0x359F, 0x359F, 0x359F, 0x2D7F, 0x2D7F, 0x2D9F, 0x2D9F, 0x2D9F, 0x2D9F, 0x359F, 0x359F, 0x359F,
  0x359F, 0x359F, 0x359F, 0x359F, 0x359F, 0x359F, 0x359F, 0x359F, 0x359F, 0x359F, 0x359F, 0x359F, 0x359F, 0x359F, 0x359F, 0x359F,
  0x359F, 0x359F, 0x2D9F, 0x2D9F, 0x2D9F, 0x2D9F, 0x2D9F, 0x2D9F, 0x2D9F, 0x2D7F, 0x2D7F, 0x2D7F, 0x2D7F, 0x2D7F, 0x2D7F, 0x2D9F,
  0x2D7F, 0x2D7F, 0x2D9F, 0x2D9F, 0x2D7F, 0x2D9F, 0x2D7F, 0x2D7F, 0x2D9F, 0x359F, 0x2D7F, 0x2D9F, 0x2D7F, 0x2D9F, 0x359F, 0x2D9F,
  0x359F, 0x359F, 0x359F, 0x359F, 0x359F, 0x359F, 0x359F, 0x359F, 0x359F, 0x359F, 0x359F, 0x357F, 0x357F, 0x2D9F, 0xA611, 0xE64A,
  0xFE68, 0xFE89, 0xFF4F, 0xFFB1, 0xFF91, 0xFFB1, 0xFF4E, 0xFE89, 0xFE68, 0xDE2A, 0x7DD5, 0x257F, 0x357F, 0x2D7F, 0x2D7F, 0x2D7F,
  0x2D7F, 0x2D7F, 0x2D7F, 0x2D7F, 0x2D7F, 0x2D7F, 0x2D9F, 0x2D9F, 0x2D9F, 0x2D9F, 0x2D9F, 0x2D9F, 0x2D9F, 0x2D9F, 0x2D9F, 0x2D9F,
  0x2D7F, 0x2D7F, 0x2D7F, 0x2D7F, 0x2D7F, 0x359F, 0x359F, 0x359F, 0x359F, 0x359F, 0x359F, 0x359F, 0x359F, 0x2D9F, 0x2D9F, 0x2D9F,
  0x2D9F, 0x2D9F, 0x359F, 0x359F, 0x359F, 0x2D9F, 0x359F, 0x2D7F, 0x2D7F, 0x2D7F, 0x2D9F, 0x2D9F, 0x2D9F, 0x357F, 0x2D9F, 0x359F,
  0x359F, 0x359F, 0x359F, 0x359F, 0x2D9F, 0x359F, 0x2D9F, 0x359F, 0x359F, 0x359F, 0x359F, 0x359F, 0x359F, 0x359F, 0x359F, 0x359F,
  0x359F, 0x359F, 0x2D9F, 0x2D9F, 0x2D9F, 0x2D9F, 0x2D9F, 0x2D9F, 0x2D7F, 0x2D9F, 0x2D9F, 0x2D7F, 0x2D9F, 0x2D7F, 0x2D7F, 0x2D7F,
  0x2D9F, 0x2D7F, 0x2D9F, 0x2D9F, 0x2D7F, 0x2D9F, 0x2D7F, 0x2D7F, 0x2D7F, 0x2D9F, 0x2D9F, 0x2D9F, 0x2D9F, 0x2D7F, 0x359F, 0x359F,
  0x359F, 0x2D9F, 0x359F, 0x359F, 0x359F, 0x359F, 0x359F, 0x359F, 0x359F, 0x359F, 0x359F, 0x359F, 0x2D9F, 0x259F, 0xD62D, 0xFE45,
  0xFE89, 0xFF91, 0xFF91, 0xFF90, 0xFF90, 0xFF90, 0xFF91, 0xFF70, 0xFE47, 0xFE64, 0x9E12, 0x157F, 0x357F, 0x357F, 0x357F, 0x359F,
  0x357F, 0x2D7F, 0x2D9F, 0x2D9F, 0x2D9F, 0x2D9F, 0x2D9F, 0x2D9F, 0x2D9F, 0x2D9F, 0x2D9F, 0x2D9F, 0x2D9F, 0x2D9F, 0x359F, 0x2D9F,
  0x2D7F, 0x2D7F, 0x2D7F, 0x2D7F, 0x359F, 0x359F, 0x255F, 0x255F, 0x255F, 0x2D7F, 0x359F, 0x2D7F, 0x2D9F, 0x359F, 0x2D7F, 0x2D7F,
  0x2D9F, 0x2D9F, 0x359F, 0x359F, 0x359F, 0x2D9F, 0x2D9F, 0x2D9F, 0x2D7F, 0x2D7F, 0x2D7F, 0x2D9F, 0x2D7F, 0x2D7F, 0x2D7F, 0x2D9F,
  0x359F, 0x359F, 0x359F, 0x359F, 0x359F, 0x359F, 0x359F, 0x359F, 0x359F, 0x359F, 0x359F, 0x359F, 0x359F, 0x359F, 0x359F, 0x359F,
  0x359F, 0x359F, 0x2D9F, 0x2D9F, 0x2D9F, 0x2D9F, 0x2D9F, 0x2D9F, 0x2D9F, 0x2D9F, 0x2D9F, 0x2D9F, 0x2D9F, 0x2D9F, 0x2D7F, 0x2D9F,
  0x2D9F, 0x2D9F, 0x2D7F, 0x2D7F, 0x2D7F, 0x2D7F, 0x2D7F, 0x2D7F, 0x2D9F, 0x2D9F, 0x2D9F, 0x2D9F, 0x2D9F, 0x2D9F, 0x359F, 0x2D7F,
  0x359F, 0x359F, 0x359F, 0x359F, 0x359F, 0x359F, 0x359F, 0x2D7F, 0x255F, 0x257F, 0x257F, 0x257F, 0x4DBB, 0xC62D, 0xEE29, 0xFECA,
  0xFF4E, 0xFF90, 0xFF91, 0xFF91, 0xFF91, 0xFF91, 0xFF91, 0xFF70, 0xFF4E, 0xFE88, 0xE649, 0xB62F, 0x359E, 0x257F, 0x1D5F, 0x255F,
  0x2D7F, 0x359F, 0x2D7F, 0x2D9F, 0x2D9F, 0x2D9F, 0x2D7F, 0x2D9F, 0x2D9F, 0x2D9F, 0x2D9F, 0x2D9F, 0x2D9F, 0x2D9F, 0x2D9F, 0x2D9F,
  0x2D7F, 0x2D7F, 0x2D7F, 0x359F, 0x2D7F, 0x2D7F, 0x6E3F, 0x7E5F, 0x7E7F, 0x55FF, 0x255F, 0x357F, 0x357F, 0x359F, 0x359F, 0x357F,
  0x359F, 0x359F, 0x359F, 0x359F, 0x359F, 0x2D9F, 0x2D9F, 0x359F, 0x2D7F, 0x2D7F, 0x2D7F, 0x2D9F, 0x2D9F, 0x2D7F, 0x2D7F, 0x357F,
  0x359F, 0x359F, 0x359F, 0x359F, 0x359F, 0x359F, 0x359F, 0x359F, 0x359F, 0x359F, 0x359F, 0x359F, 0x359F, 0x359F, 0x359F, 0x359F,
  0x359F, 0x359F, 0x359F, 0x2D9F, 0x2D9F, 0x359F, 0x2D9F, 0x2D9F, 0x2D9F, 0x2D9F, 0x2D9F, 0x2D9F, 0x2D9F, 0x2D9F, 0x2D7F, 0x2D9F,
  0x2D7F, 0x2D7F, 0x2D7F, 0x2D7F, 0x2D7F, 0x2D7F, 0x2D9F, 0x2D9F, 0x2D7F, 0x2D9F, 0x2D7F, 0x2D9F, 0x2D9F, 0x2D9F, 0x2D9F, 0x359F,
  0x359F, 0x359F, 0x359F, 0x359F, 0x359F, 0x359F, 0x2D7F, 0x4DDD, 0x8E77, 0x8E78, 0x8E77, 0x3DBE, 0x5DBA, 0xFE65, 0xFE26, 0xFEEC,
  0xFFB2, 0xFF90, 0xFF91, 0xFF91, 0xFF91, 0xFF91, 0xFF91, 0xFF91, 0xFFB2, 0xFEAA, 0xFE45, 0xF649, 0x2D7E, 0x5DFC, 0x8E97, 0x8E78,
  0x9EB9, 0x359F, 0x2D7F, 0x359F, 0x2D9F, 0x2D9F, 0x2D9F, 0x2D9F, 0x2D9F, 0x2D9F, 0x2D9F, 0x2D9F, 0x2D9F, 0x2D9F, 0x2D9F, 0x2D9F,
  0x2D7F, 0x2D7F, 0x2D7F, 0x2D7F, 0x4DDF, 0x663F, 0xEFBF, 0xFFFF, 0xFFFF, 0xBF3F, 0x45BF, 0x359F, 0x2D7F, 0x2D7F, 0x2D7F, 0x359F,
  0x357F, 0x357F, 0x359F, 0x357F, 0x359F, 0x359F, 0x2D9F, 0x359F, 0x2D9F, 0x2D9F, 0x359F, 0x359F, 0x359F, 0x2D7F, 0x2D7F, 0x359F,
  0x359F, 0x359F, 0x359F, 0x359F, 0x359F, 0x359F, 0x359F, 0x359F, 0x359F, 0x359F, 0x359F, 0x359F, 0x359F, 0x359F, 0x359F, 0x359F,
  0x359F, 0x359F, 0x359F, 0x2D9F, 0x359F, 0x359F, 0x2D9F, 0x2D9F, 0x2D9F, 0x2D9F, 0x2D9F, 0x2D9F, 0x2D9F, 0x2D7F, 0x2D7F, 0x2D7F,
  0x2D9F, 0x2D7F, 0x2D7F, 0x2D7F, 0x2D7F, 0x2D7F, 0x2D7F, 0x359F, 0x2D9F, 0x2D9F, 0x2D9F, 0x359F, 0x2D9F, 0x2D9F, 0x357F, 0x2D9F,
  0x2D9F, 0x2D9F, 0x359F, 0x357F, 0x359F, 0x359F, 0x257F, 0x6E1B, 0xFFAE, 0xFF8E, 0xFF8D, 0x5DFC, 0x55BB, 0xFE67, 0xFE27, 0xFEEC,
  0xFFB1, 0xFF90, 0xFF91, 0xFF91, 0xFF91, 0xFF91, 0xFF91, 0xFF91, 0xFF91, 0xFEAA, 0xFE46, 0xEE4A, 0x2D7F, 0x9E97, 0xFFCE, 0xFF8E,
  0xEF50, 0x359E, 0x2D7F, 0x359F, 0x2D9F, 0x2D9F, 0x2D9F, 0x2D9F, 0x2D9F, 0x2D9F, 0x2D9F, 0x2D9F, 0x2D9F, 0x2D9F, 0x2D9F, 0x2D9F,
  0x2D7F, 0x2D7F, 0x359F, 0x2D9F, 0xAF1F, 0xFFFF, 0xFFDF, 0xFFFF, 0xF7DF, 0xFFFF, 0xEFBF, 0x3D9F, 0x3DBF, 0x4DDF, 0x45BF, 0x255F,
  0x2D7F, 0x357F, 0x357F, 0x357F, 0x359F, 0x359F, 0x359F, 0x359F, 0x359F, 0x359F, 0x359F, 0x359F, 0x359F, 0x2D7F, 0x359F, 0x2D9F,
  0x359F, 0x359F, 0x359F, 0x359F, 0x359F, 0x359F, 0x359F, 0x359F, 0x359F, 0x359F, 0x359F, 0x359F, 0x359F, 0x359F, 0x359F, 0x359F,
  0x359F, 0x359F, 0x359F, 0x359F, 0x359F, 0x359F, 0x359F, 0x2D9F, 0x2D9F, 0x2D9F, 0x2D9F, 0x2D9F, 0x2D7F, 0x2D7F, 0x2D7F, 0x2D7F,
  0x2D9F, 0x2D7F, 0x2D7F, 0x2D9F, 0x2D7F, 0x2D7F, 0x2D9F, 0x2D7F, 0x2D9F, 0x2D7F, 0x2D7F, 0x2D7F, 0x2D9F, 0x2D7F, 0x2D7F, 0x2D7F,
  0x2D9F, 0x2D9F, 0x2D9F, 0x2D7F, 0x359F, 0x2D9F, 0x2D9F, 0x35BF, 0x4DDD, 0x45DD, 0x45DD, 0x2D9F, 0x5DBA, 0xFE67, 0xFE26, 0xFF0C,
  0xFFB1, 0xFF90, 0xFF91, 0xFF91, 0xFF91, 0xFF91, 0xFF91, 0xFF91, 0xFF91, 0xFEAA, 0xFE46, 0xE64A, 0x359E, 0x3DBE, 0x45DD, 0x4DDD,
  0x45DD, 0x359F, 0x2D9F, 0x2D9F, 0x2D9F, 0x2D9F, 0x2D9F, 0x2D9F, 0x2D9F, 0x2D9F, 0x2D9F, 0x2D9F, 0x2D9F, 0x2D9F, 0x2D9F, 0x2D9F,
  0x357F, 0x255F, 0x561F, 0xAF1F, 0xF7BF, 0xFFFF, 0xFFFF, 0xFFFF, 0xD77F, 0xD79F, 0xD79F, 0x96DF, 0xDF9F, 0xF7FF, 0xD77F, 0x5E1F,
  0x359F, 0x357F, 0x357F, 0x357F, 0x357F, 0x359F, 0x359F, 0x359F, 0x359F, 0x359F, 0x359F, 0x359F, 0x359F, 0x2D9F, 0x359F, 0x359F,
  0x359F, 0x359F, 0x359F, 0x359F, 0x359F, 0x359F, 0x359F, 0x359F, 0x359F, 0x359F, 0x359F, 0x359F, 0x359F, 0x359F, 0x359F, 0x359F,
  0x359F, 0x359F, 0x359F, 0x359F, 0x359F, 0x359F, 0x359F, 0x2D9F, 0x2D9F, 0x2D9F, 0x2D9F, 0x2D9F, 0x2D9F, 0x2D7F, 0x2D7F, 0x2D9F,
  0x2D9F, 0x2D9F, 0x2D9F, 0x2D7F, 0x2D7F, 0x2D7F, 0x2D7F, 0x2D9F, 0x2D9F, 0x2D9F, 0x2D9F, 0x2D9F, 0x2D9F, 0x2D7F, 0x2D7F, 0x2D7F,
  0x2D7F, 0x2D7F, 0x2D7F, 0x2D9F, 0x359F, 0x2D9F, 0x359F, 0x2D7F, 0x2D7F, 0x2D7F, 0x2D7F, 0x257F, 0x5DD9, 0xFE65, 0xFE47, 0xFF0C,
  0xFFB1, 0xFF90, 0xFF91, 0xFF91, 0xFF91, 0xFF91, 0xFF91, 0xFF91, 0xFFB2, 0xFEAA, 0xFE46, 0xF669, 0x3D9E, 0x2D7F, 0x2D7F, 0x2D7F,
  0x2D7F, 0x2D9F, 0x2D9F, 0x2D9F, 0x2D9F, 0x2D9F, 0x2D9F, 0x2D9F, 0x2D9F, 0x2D9F, 0x2D9F, 0x2D9F, 0x2D9F, 0x2D9F, 0x2D9F, 0x2D9F,
  0x1D3F, 0x869F, 0xCF7F, 0xDF9F, 0xEFBF, 0xE7BF, 0xEFDF, 0xFFFF, 0xF7DF, 0xCF7F, 0xB73F, 0xD77F, 0xFFFF, 0xFFFF, 0xFFFF, 0xEFDF,
  0x359F, 0x255F, 0x359F, 0x359F, 0x357F, 0x359F, 0x359F, 0x359F, 0x359F, 0x359F, 0x359F, 0x359F, 0x359F, 0x359F, 0x359F, 0x359F,
  0x359F, 0x359F, 0x359F, 0x359F, 0x359F, 0x359F, 0x359F, 0x359F, 0x359F, 0x359F, 0x359F, 0x359F, 0x2D9F, 0x2D9F, 0x359F, 0x359F,
  0x359F, 0x359F, 0x359F, 0x359F, 0x359F, 0x359F, 0x2D9F, 0x2D9F, 0x2D9F, 0x2D9F, 0x2D9F, 0x2D9F, 0x2D9F, 0x2D9F, 0x2D9F, 0x2D9F,
  0x2D9F, 0x2D7F, 0x2D7F, 0x2D7F, 0x357F, 0x2D7F, 0x357F, 0x359F, 0x2D9F, 0x2D9F, 0x2D7F, 0x2D7F, 0x2D9F, 0x2D7F, 0x2D7F, 0x2D7F,
  0x2D7F, 0x2D7F, 0x2D9F, 0x2D9F, 0x2D9F, 0x359F, 0x2D9F, 0x359F, 0x359F, 0x359F, 0x359F, 0x2D7F, 0x3D9D, 0x65D8, 0xDE4B, 0xFE66,
  0xFEEC, 0xFFB1, 0xFF91, 0xFF91, 0xFF91, 0xFF91, 0xFF91, 0xFF70, 0xFECB, 0xFE86, 0xB62E, 0x5DD9, 0x359F, 0x2D7F, 0x357F, 0x359F,
  0x359F, 0x2D9F, 0x2D9F, 0x2D9F, 0x2D9F, 0x2D9F, 0x2D9F, 0x2D9F, 0x2D9F, 0x2D9F, 0x2D9F, 0x2D9F, 0x2D9F, 0x2D9F, 0x2D9F, 0x2D9F,
  0x45BF, 0xC73F, 0xFFFF, 0xEFBF, 0xC75F, 0xC75F, 0xCF7F, 0xF7DF, 0xFFFF, 0xC75F, 0xA6FF, 0xD77F, 0xE7BF, 0xEFDF, 0xFFFF, 0xFFDF,
  0x765F, 0x45BF, 0x2D7F, 0x2D5F, 0x357F, 0x357F, 0x357F, 0x359F, 0x357F, 0x359F, 0x359F, 0x359F, 0x359F, 0x359F, 0x359F, 0x359F,
  0x359F, 0x359F, 0x359F, 0x359F, 0x359F, 0x359F, 0x359F, 0x359F, 0x359F, 0x359F, 0x359F, 0x359F, 0x359F, 0x359F, 0x359F, 0x359F,
  0x359F, 0x359F, 0x359F, 0x359F, 0x359F, 0x359F, 0x359F, 0x359F, 0x2D9F, 0x2D9F, 0x2D9F, 0x2D9F, 0x2D9F, 0x2D9F, 0x2D7F, 0x2D9F,
  0x359F, 0x2D9F, 0x359F, 0x2D9F, 0x2D9F, 0x357F, 0x2D9F, 0x357F, 0x2D9F, 0x2D9F, 0x2D9F, 0x2D7F, 0x2D9F, 0x2D7F, 0x2D9F, 0x2D7F,
  0x2D7F, 0x2D9F, 0x2D9F, 0x2D9F, 0x359F, 0x2D9F, 0x359F, 0x359F, 0x359F, 0x2D9F, 0x2D9F, 0x357F, 0x2D9F, 0x1D9F, 0xB610, 0xEE27,
  0xFE68, 0xFF4F, 0xFF91, 0xFFB1, 0xFF91, 0xFF91, 0xFF91, 0xFF0D, 0xF647, 0xEE48, 0x85F4, 0x155F, 0x357F, 0x2D7F, 0x2D7F, 0x2D7F,
  0x2D7F, 0x2D7F, 0x2D9F, 0x2D9F, 0x2D9F, 0x2D9F, 0x2D9F, 0x2D9F, 0x2D9F, 0x2D9F, 0x2D9F, 0x2D9F, 0x2D9F, 0x2D9F, 0x2D9F, 0x2D9F,
  0xCF7F, 0xE7BF, 0xE7BF, 0xCF7F, 0xAF1F, 0xA6FF, 0xAF1F, 0xD77F, 0xD77F, 0xBF3F, 0xA71F, 0xA71F, 0xA6FF, 0xBF3F, 0xD79F, 0xF7DF,
  0xFFFF, 0xA6DF, 0x359F, 0x767F, 0x45BF, 0x2D7F, 0x2D7F, 0x2D7F, 0x2D7F, 0x2D7F, 0x2D9F, 0x359F, 0x359F, 0x359F, 0x359F, 0x359F,
  0x359F, 0x359F, 0x359F, 0x359F, 0x359F, 0x2D9F, 0x359F, 0x359F, 0x359F, 0x359F, 0x359F, 0x359F, 0x359F, 0x359F, 0x359F, 0x359F,
  0x359F, 0x359F, 0x359F, 0x359F, 0x359F, 0x359F, 0x359F, 0x359F, 0x2D9F, 0x2D9F, 0x359F, 0x2D9F, 0x2D9F, 0x2D7F, 0x2D9F, 0x2D9F,
  0x2D9F, 0x359F, 0x2D7F, 0x2D9F, 0x2D9F, 0x2D9F, 0x2D7F, 0x2D9F, 0x2D9F, 0x2D7F, 0x2D9F, 0x2D9F, 0x2D7F, 0x2D7F, 0x2D7F, 0x2D7F,
  0x2D9F, 0x2D9F, 0x2D9F, 0x359F, 0x359F, 0x359F, 0x359F, 0x359F, 0x359F, 0x359F, 0x359F, 0x359F, 0x2D9F, 0x2D7F, 0x2D9F, 0x7DD5,
  0xFE64, 0xFE66, 0xFEEC, 0xFF2D, 0xFF0D, 0xFF0E, 0xFECB, 0xFE45, 0xFE85, 0x65D9, 0x257F, 0x2D7F, 0x357F, 0x2D7F, 0x2D7F, 0x2D7F,
  0x2D7F, 0x2D9F, 0x2D9F, 0x2D9F, 0x2D9F, 0x2D9F, 0x2D9F, 0x2D9F, 0x2D9F, 0x2D9F, 0x2D9F, 0x2D9F, 0x2D9F, 0x2D9F, 0x2D9F, 0x2D9F,
  0xB73F, 0xBF3F, 0xB73F, 0xB73F, 0xB73F, 0xAF1F, 0xB73F, 0xB73F, 0xAF1F, 0xAF1F, 0xAF1F, 0xAF1F, 0xB73F, 0xB73F, 0xB73F, 0xBF5F,
  0xBF5F, 0xB73F, 0xAF1F, 0xDFBF, 0x661F, 0x1D3F, 0x7E7F, 0xAF1F, 0xA71F, 0xA71F, 0xA71F, 0x4DDF, 0x2D7F, 0x359F, 0x359F, 0x359F,
  0x359F, 0x359F, 0x359F, 0x359F, 0x359F, 0x359F, 0x359F, 0x359F, 0x359F, 0x359F, 0x359F, 0x359F, 0x359F, 0x2D9F, 0x359F, 0x2D9F,
  0x359F, 0x359F, 0x359F, 0x359F, 0x2D9F, 0x2D9F, 0x2D9F, 0x2D9F, 0x2D9F, 0x2D9F, 0x359F, 0x359F, 0x2D9F, 0x2D9F, 0x2D9F, 0x2D9F,
  0x2D9F, 0x2D9F, 0x2D9F, 0x2D9F, 0x2D9F, 0x2D9F, 0x2D7F, 0x2D9F, 0x2D9F, 0x2D9F, 0x359F, 0x359F, 0x2D9F, 0x2D9F, 0x2D9F, 0x2D9F,
  0x2D9F, 0x2D9F, 0x359F, 0x359F, 0x359F, 0x359F, 0x359F, 0x359F, 0x359F, 0x359F, 0x359F, 0x257F, 0x55FC, 0xCF11, 0x4DDD, 0x459C,
  0x9613, 0x9614, 0xF668, 0xFE67, 0xFE67, 0xFE67, 0xE64A, 0x95F4, 0x9613, 0x357D, 0x7E39, 0xC6F3, 0x2D7F, 0x2D7F, 0x2D7F, 0x2D7F,
  0x2D7F, 0x2D7F, 0x2D9F, 0x2D9F, 0x2D9F, 0x2D9F, 0x2D9F, 0x2D9F, 0x2D9F, 0x2D9F, 0x2D9F, 0x2D9F, 0x359F, 0x2D9F, 0x2D9F, 0x2D9F,
  0x767F, 0x767F, 0x767F, 0x767F, 0x767F, 0x767F, 0x767F, 0x869F, 0xAF3F, 0xAF1F, 0xAF1F, 0xAF3F, 0x7E9F, 0x767F, 0x767F, 0x767F,
  0x767F, 0x767F, 0x7E7F, 0x869F, 0x4DDF, 0x255F, 0x661F, 0x7E7F, 0x767F, 0x7E7F, 0x7E7F, 0x45BF, 0x2D7F, 0x359F, 0x359F, 0x359F,
  0x359F, 0x359F, 0x359F, 0x359F, 0x359F, 0x359F, 0x359F, 0x359F, 0x359F, 0x359F, 0x359F, 0x359F, 0x359F, 0x359F, 0x359F, 0x359F,
  0x359F, 0x359F, 0x359F, 0x2D9F, 0x2D9F, 0x2D9F, 0x2D9F, 0x2D9F, 0x2D9F, 0x2D9F, 0x2D9F, 0x2D7F, 0x2D7F, 0x2D9F, 0x2D9F, 0x2D9F,
  0x2D9F, 0x2D9F, 0x2D9F, 0x2D9F, 0x2D9F, 0x2D9F, 0x2D7F, 0x2D9F, 0x359F, 0x359F, 0x359F, 0x359F, 0x2D9F, 0x359F, 0x2D9F, 0x2D9F,
  0x2D9F, 0x359F, 0x359F, 0x2D9F, 0x359F, 0x359F, 0x359F, 0x359F, 0x359F, 0x359F, 0x359F, 0x45DD, 0x8678, 0xE750, 0x55DC, 0x257F,
  0x257F, 0x257F, 0xCE4C, 0xEE69, 0xE649, 0xEE48, 0xB60E, 0x1D7F, 0x257F, 0x255F, 0x8E78, 0xE731, 0x5DFB, 0x3DBE, 0x2D7F, 0x2D7F,
  0x2D7F, 0x2D7F, 0x2D7F, 0x2D9F, 0x2D9F, 0x2D9F, 0x2D9F, 0x2D9F, 0x2D9F, 0x2D9F, 0x2D9F, 0x359F, 0x359F, 0x2D9F, 0x2D9F, 0x2D9F,
  0x257F, 0x257F, 0x257F, 0x2D7F, 0x257F, 0x2D7F, 0x255F, 0x45DF, 0x9EFF, 0x96DF, 0x9EFF, 0x96DF, 0x3DBF, 0x257F, 0x2D7F, 0x257F,
  0x2D7F, 0x2D7F, 0x2D7F, 0x257F, 0x2D7F, 0x359F, 0x2D7F, 0x255F, 0x255F, 0x255F, 0x257F, 0x2D7F, 0x359F, 0x359F, 0x359F, 0x359F,
  0x359F, 0x359F, 0x359F, 0x359F, 0x359F, 0x359F, 0x359F, 0x359F, 0x359F, 0x359F, 0x359F, 0x359F, 0x359F, 0x359F, 0x359F, 0x359F,
  0x359F, 0x359F, 0x359F, 0x2D9F, 0x2D9F, 0x2D9F, 0x2D9F, 0x2D9F, 0x2D7F, 0x2D9F, 0x2D7F, 0x2D7F, 0x2D7F, 0x2D9F, 0x2D9F, 0x2D9F,
  0x359F, 0x2D9F, 0x359F, 0x2D9F, 0x2D9F, 0x2D9F, 0x2D9F, 0x2D9F, 0x2D9F, 0x359F, 0x2D9F, 0x359F, 0x2D9F, 0x2D9F, 0x359F, 0x359F,
  0x359F, 0x359F, 0x359F, 0x359F, 0x359F, 0x359F, 0x359F, 0x359F, 0x359F, 0x359F, 0x257F, 0xDF31, 0xDF31, 0x257F, 0x359F, 0x359F,
  0x359F, 0x359F, 0x3DBE, 0x359E, 0x2D7F, 0x3D9E, 0x359E, 0x359F, 0x359F, 0x359F, 0x257F, 0x45BE, 0xFF8D, 0x9E76, 0x1D5F, 0x359F,
  0x2D7F, 0x2D7F, 0x2D7F, 0x2D9F, 0x2D9F, 0x2D9F, 0x2D9F, 0x2D9F, 0x2D9F, 0x2D9F, 0x2D9F, 0x359F, 0x359F, 0x2D9F, 0x2D9F, 0x359F,
  0x359F, 0x359F, 0x359F, 0x359F, 0x359F, 0x359F, 0x359F, 0x359F, 0x359F, 0x359F, 0x359F, 0x359F, 0x359F, 0x359F, 0x359F, 0x359F,
  0x359F, 0x359F, 0x359F, 0x359F, 0x359F, 0x2D9F, 0x359F, 0x359F, 0x359F, 0x359F, 0x359F, 0x359F, 0x359F, 0x359F, 0x359F, 0x359F,
  0x359F, 0x359F, 0x359F, 0x359F, 0x359F, 0x359F, 0x359F, 0x359F, 0x359F, 0x359F, 0x359F, 0x359F, 0x359F, 0x359F, 0x359F, 0x359F,
  0x359F, 0x359F, 0x359F, 0x2D9F, 0x2D9F, 0x2D9F, 0x2D9F, 0x2D9F, 0x2D7F, 0x2D9F, 0x2D9F, 0x359F, 0x2D9F, 0x359F, 0x359F, 0x359F,
  0x359F, 0x359F, 0x359F, 0x359F, 0x359F, 0x359F, 0x2D9F, 0x359F, 0x2D9F, 0x2D9F, 0x2D9F, 0x2D9F, 0x359F, 0x359F, 0x359F, 0x359F,
  0x359F, 0x359F, 0x2D9F, 0x359F, 0x359F, 0x359F, 0x359F, 0x359F, 0x359F, 0x359F, 0x2D9F, 0x6E1A, 0x6E1A, 0x2D7F, 0x359F, 0x359F,
  0x359F, 0x359F, 0x2D7F, 0x4DDD, 0xAEB5, 0x45DD, 0x2D7F, 0x359F, 0x2D9F, 0x359F, 0x2D9F, 0x359F, 0x7E39, 0x55DC, 0x2D7F, 0x2D7F,
  0x2D7F, 0x2D7F, 0x2D7F, 0x2D9F, 0x2D9F, 0x2D9F, 0x2D9F, 0x2D9F, 0x2D9F, 0x2D9F, 0x2D9F, 0x359F, 0x359F, 0x359F, 0x2D9F, 0x359F,
  0x359F, 0x359F, 0x2D9F, 0x2D9F, 0x2D9F, 0x2D9F, 0x2D9F, 0x2D9F, 0x2D9F, 0x2D9F, 0x2D9F, 0x2D9F, 0x2D9F, 0x2D9F, 0x2D9F, 0x2D9F,
  0x359F, 0x359F, 0x359F, 0x359F, 0x359F, 0x359F, 0x2D9F, 0x2D9F, 0x2D9F, 0x2D9F, 0x359F, 0x359F, 0x359F, 0x359F, 0x359F, 0x359F,
  0x359F, 0x359F, 0x359F, 0x359F, 0x359F, 0x359F, 0x359F, 0x359F, 0x359F, 0x359F, 0x359F, 0x359F, 0x359F, 0x359F, 0x359F, 0x359F,
  0x359F, 0x359F, 0x2D7F, 0x2D9F, 0x2D9F, 0x2D9F, 0x2D9F, 0x2D9F, 0x2D9F, 0x2D9F, 0x2D9F, 0x2D9F, 0x357F, 0x359F, 0x359F, 0x359F,
  0x359F, 0x359F, 0x359F, 0x359F, 0x359F, 0x2D9F, 0x359F, 0x359F, 0x359F, 0x2D9F, 0x359F, 0x359F, 0x359F, 0x359F, 0x359F, 0x359F,
  0x359F, 0x359F, 0x2D9F, 0x359F, 0x359F, 0x359F, 0x359F, 0x359F, 0x359F, 0x359F, 0x359F, 0x257F, 0x257F, 0x359F, 0x359F, 0x359F,
  0x359F, 0x359F, 0x257F, 0x661B, 0xFFAD, 0x5DFB, 0x257F, 0x359F, 0x2D9F, 0x2D9F, 0x359F, 0x2D9F, 0x257F, 0x2D7F, 0x2D9F, 0x2D7F,
  0x2D7F, 0x2D9F, 0x2D9F, 0x2D9F, 0x359F, 0x359F, 0x2D9F, 0x2D9F, 0x2D9F, 0x2D9F, 0x2D9F, 0x359F, 0x359F, 0x359F, 0x359F, 0x359F,
  0x2D9F, 0x2D9F, 0x2D9F, 0x2D9F, 0x2D9F, 0x2D9F, 0x2D9F, 0x2D9F, 0x2D9F, 0x2D9F, 0x2D9F, 0x2D9F, 0x2D9F, 0x2D9F, 0x2D9F, 0x2D9F,
  0x359F, 0x2D9F, 0x359F, 0x359F, 0x359F, 0x359F, 0x2D9F, 0x359F, 0x359F, 0x359F, 0x359F, 0x359F, 0x359F, 0x359F, 0x359F, 0x359F,
  0x359F, 0x359F, 0x359F, 0x359F, 0x359F, 0x359F, 0x359F, 0x359F, 0x359F, 0x359F, 0x2D9F, 0x359F, 0x359F, 0x359F, 0x359F, 0x359F,
  0x359F, 0x359F, 0x359F, 0x2D7F, 0x2D9F, 0x2D9F, 0x2D9F, 0x2D9F, 0x359F, 0x2D9F, 0x359F, 0x2D7F, 0x359F, 0x359F, 0x2D9F, 0x2D9F,
  0x359F, 0x359F, 0x359F, 0x2D9F, 0x2D9F, 0x2D9F, 0x359F, 0x2D9F, 0x2D9F, 0x359F, 0x359F, 0x359F, 0x359F, 0x359F, 0x359F, 0x359F,
  0x359F, 0x359F, 0x359F, 0x359F, 0x359F, 0x359F, 0x359F, 0x359F, 0x359F, 0x359F, 0x359F, 0x359F, 0x359F, 0x359F, 0x359F, 0x359F,
  0x359F, 0x359F, 0x257F, 0x661B, 0xFF8D, 0x5DFB, 0x257F, 0x359F, 0x2D7F, 0x2D9F, 0x2D9F, 0x2D9F, 0x359F, 0x359F, 0x2D7F, 0x2D9F,
  0x2D9F, 0x2D9F, 0x2D9F, 0x359F, 0x2D9F, 0x2D9F, 0x359F, 0x2D9F, 0x2D9F, 0x2D9F, 0x359F, 0x2D9F, 0x359F, 0x359F, 0x2D9F, 0x359F,
  0x2D9F, 0x2D9F, 0x2D9F, 0x2D9F, 0x2D9F, 0x2D9F, 0x2D9F, 0x2D9F, 0x2D9F, 0x2D9F, 0x2D9F, 0x2D9F, 0x2D9F, 0x2D9F, 0x2D9F, 0x2D9F,
  0x359F, 0x359F, 0x2D9F, 0x2D9F, 0x359F, 0x2D9F, 0x2D9F, 0x359F, 0x359F, 0x359F, 0x359F, 0x359F, 0x359F, 0x359F, 0x357F, 0x359F,
  0x359F, 0x359F, 0x359F, 0x359F, 0x359F, 0x359F, 0x359F, 0x359F, 0x359F, 0x357F, 0x359F, 0x359F, 0x2D9F, 0x359F, 0x359F, 0x359F,
  0x359F, 0x359F, 0x359F, 0x2D7F, 0x2D9F, 0x2D9F, 0x2D9F, 0x2D9F, 0x2D9F, 0x2D9F, 0x2D9F, 0x2D9F, 0x359F, 0x2D9F, 0x2D7F, 0x2D9F,
  0x359F, 0x2D9F, 0x359F, 0x2D9F, 0x2D9F, 0x2D9F, 0x2D9F, 0x2D9F, 0x2D9F, 0x359F, 0x359F, 0x359F, 0x359F, 0x359F, 0x359F, 0x359F,
  0x357F, 0x2D9F, 0x359F, 0x359F, 0x357F, 0x2D7F, 0x357F, 0x359F, 0x359F, 0x359F, 0x359F, 0x359F, 0x359F, 0x359F, 0x359F, 0x359F,
  0x359F, 0x359F, 0x2D7F, 0x4DDC, 0xB6F3, 0x4DDD, 0x2D7F, 0x359F, 0x2D9F, 0x2D9F, 0x2D9F, 0x2D9F, 0x2D9F, 0x2D9F, 0x2D9F, 0x2D9F,
  0x359F, 0x2D9F, 0x2D9F, 0x2D9F, 0x2D9F, 0x2D9F, 0x359F, 0x2D9F, 0x359F, 0x359F, 0x359F, 0x359F, 0x359F, 0x359F, 0x359F, 0x359F,
  0x2D9F, 0x2D9F, 0x2D9F, 0x2D9F, 0x2D9F, 0x2D9F, 0x2D9F, 0x2D7F, 0x2D9F, 0x2D9F, 0x2D9F, 0x2D9F, 0x2D9F, 0x2D9F, 0x2D9F, 0x2D9F,
  0x2D9F, 0x2D9F, 0x2D9F, 0x2D9F, 0x2D9F, 0x2D9F, 0x2D9F, 0x359F, 0x359F, 0x2D9F, 0x359F, 0x359F, 0x359F, 0x359F, 0x2D9F, 0x359F,
  0x359F, 0x359F, 0x359F, 0x359F, 0x359F, 0x359F, 0x359F, 0x359F, 0x359F, 0x2D9F, 0x357F, 0x359F, 0x359F, 0x359F, 0x359F, 0x359F,
  0x359F, 0x359F, 0x2D7F, 0x2D9F, 0x2D9F, 0x2D9F, 0x2D9F, 0x2D9F, 0x2D9F, 0x2D9F, 0x359F, 0x2D9F, 0x359F, 0x2D9F, 0x2D9F, 0x2D9F,
  0x2D9F, 0x2D9F, 0x2D9F, 0x2D9F, 0x2D9F, 0x2D9F, 0x2D9F, 0x359F, 0x2D9F, 0x359F, 0x359F, 0x359F, 0x359F, 0x359F, 0x359F, 0x359F,
  0x2D9F, 0x2D7F, 0x2D9F, 0x359F, 0x357F, 0x359F, 0x359F, 0x359F, 0x359F, 0x359F, 0x359F, 0x359F, 0x359F, 0x359F, 0x359F, 0x359F,
  0x359F, 0x359F, 0x359F, 0x2D7F, 0x257F, 0x2D9F, 0x2D9F, 0x2D9F, 0x2D9F, 0x2D7F, 0x2D9F, 0x2D9F, 0x2D9F, 0x2D9F, 0x2D9F, 0x2D9F,
  0x359F, 0x2D9F, 0x2D9F, 0x2D9F, 0x2D9F, 0x359F, 0x2D9F, 0x359F, 0x359F, 0x257F, 0x2D7F, 0x257F, 0x2D7F, 0x359F, 0x359F, 0x2D9F,
  0x2D9F, 0x2D9F, 0x2D9F, 0x2D9F, 0x2D9F, 0x359F, 0x2D9F, 0x2D9F, 0x2D9F, 0x2D9F, 0x359F, 0x2D9F, 0x2D9F, 0x2D9F, 0x2D9F, 0x2D9F,
  0x2D9F, 0x2D7F, 0x2D9F, 0x2D9F, 0x359F, 0x2D9F, 0x359F, 0x359F, 0x359F, 0x2D9F, 0x359F, 0x359F, 0x359F, 0x2D9F, 0x2D9F, 0x359F,
  0x359F, 0x359F, 0x359F, 0x359F, 0x359F, 0x359F, 0x359F, 0x359F, 0x359F, 0x359F, 0x359F, 0x359F, 0x359F, 0x359F, 0x359F, 0x359F,
  0x2D9F, 0x2D9F, 0x2D9F, 0x2D9F, 0x2D9F, 0x2D9F, 0x2D9F, 0x2D9F, 0x359F, 0x2D7F, 0x2D7F, 0x2D7F, 0x359F, 0x359F, 0x2D7F, 0x2D9F,
  0x2D9F, 0x2D9F, 0x2D9F, 0x2D9F, 0x2D9F, 0x359F, 0x2D9F, 0x359F, 0x359F, 0x359F, 0x359F, 0x359F, 0x359F, 0x359F, 0x359F, 0x357F,
  0x2D7F, 0x2D7F, 0x2D7F, 0x2D9F, 0x359F, 0x359F, 0x359F, 0x359F, 0x359F, 0x359F, 0x359F, 0x359F, 0x359F, 0x2D9F, 0x2D9F, 0x359F,
  0x2D9F, 0x359F, 0x2D9F, 0x359F, 0x359F, 0x2D9F, 0x2D7F, 0x2D9F, 0x2D9F, 0x2D9F, 0x2D9F, 0x2D7F, 0x2D7F, 0x2D9F, 0x2D9F, 0x359F,
  0x359F, 0x359F, 0x359F, 0x2D7F, 0x2D7F, 0x2D7F, 0x359F, 0x1D5F, 0x4DFF, 0xC75F, 0xC75F, 0xC75F, 0xAEFF, 0x255F, 0x2D9F, 0x359F,
  0x2D9F, 0x2D7F, 0x359F, 0x359F, 0x2D9F, 0x359F, 0x359F, 0x359F, 0x359F, 0x359F, 0x359F, 0x359F, 0x2D9F, 0x2D9F, 0x2D9F, 0x2D9F,
  0x2D9F, 0x2D9F, 0x2D9F, 0x359F, 0x359F, 0x359F, 0x359F, 0x359F, 0x359F, 0x359F, 0x359F, 0x359F, 0x359F, 0x359F, 0x359F, 0x359F,
  0x359F, 0x359F, 0x359F, 0x359F, 0x359F, 0x359F, 0x359F, 0x2D9F, 0x359F, 0x2D9F, 0x359F, 0x359F, 0x359F, 0x359F, 0x359F, 0x359F,
  0x359F, 0x2D9F, 0x359F, 0x2D9F, 0x2D9F, 0x2D9F, 0x2D9F, 0x2D9F, 0x2D9F, 0x2D9F, 0x2D9F, 0x2D9F, 0x2D7F, 0x2D9F, 0x2D7F, 0x2D9F,
  0x2D9F, 0x2D9F, 0x2D9F, 0x2D9F, 0x359F, 0x2D9F, 0x359F, 0x359F, 0x359F, 0x359F, 0x359F, 0x359F, 0x359F, 0x359F, 0x359F, 0x359F,
  0x2D9F, 0x2D9F, 0x2D9F, 0x359F, 0x359F, 0x359F, 0x359F, 0x359F, 0x357F, 0x359F, 0x359F, 0x2D9F, 0x2D9F, 0x2D9F, 0x2D9F, 0x2D7F,
  0x2D7F, 0x2D7F, 0x2D9F, 0x2D9F, 0x2D7F, 0x2D9F, 0x2D7F, 0x2D7F, 0x2D9F, 0x2D9F, 0x2D9F, 0x2D7F, 0x2D9F, 0x2D9F, 0x359F, 0x2D9F,
  0x255F, 0x255F, 0x255F, 0x2D7F, 0x2D7F, 0x357F, 0x255F, 0x6E5F, 0xB73F, 0xFFFF, 0xFFFF, 0xFFFF, 0xFFFF, 0x9EDF, 0x3DBF, 0x255F,
  0x2D7F, 0x357F, 0x359F, 0x359F, 0x359F, 0x359F, 0x359F, 0x359F, 0x359F, 0x359F, 0x359F, 0x359F, 0x2D9F, 0x359F, 0x2D9F, 0x2D9F,
  0x2D9F, 0x2D9F, 0x2D9F, 0x359F, 0x359F, 0x359F, 0x359F, 0x359F, 0x359F, 0x359F, 0x359F, 0x359F, 0x359F, 0x359F, 0x359F, 0x359F,
  0x2D9F, 0x359F, 0x359F, 0x359F, 0x359F, 0x359F, 0x359F, 0x359F, 0x359F, 0x2D9F, 0x2D9F, 0x359F, 0x359F, 0x359F, 0x359F, 0x359F,
  0x359F, 0x2D9F, 0x2D9F, 0x2D9F, 0x2D9F, 0x2D9F, 0x2D9F, 0x2D9F, 0x2D9F, 0x2D9F, 0x2D7F, 0x2D9F, 0x2D9F, 0x2D9F, 0x2D9F, 0x2D9F,
  0x2D9F, 0x2D9F, 0x2D9F, 0x2D9F, 0x359F, 0x359F, 0x359F, 0x359F, 0x359F, 0x359F, 0x359F, 0x359F, 0x359F, 0x359F, 0x359F, 0x359F,
  0x359F, 0x2D7F, 0x2D9F, 0x359F, 0x359F, 0x359F, 0x359F, 0x359F, 0x359F, 0x359F, 0x359F, 0x359F, 0x359F, 0x359F, 0x359F, 0x2D7F,
  0x2D9F, 0x2D9F, 0x2D7F, 0x2D7F, 0x2D7F, 0x2D7F, 0x2D7F, 0x2D9F, 0x2D9F, 0x2D9F, 0x2D9F, 0x2D9F, 0x2D7F, 0x359F, 0x2D7F, 0x359F,
  0x7E7F, 0x7E7F, 0x7E5F, 0x359F, 0x2D7F, 0x357F, 0x55FF, 0xDF9F, 0xFFFF, 0xFFDF, 0xFFFF, 0xF7DF, 0xEFDF, 0xFFFF, 0x767F, 0x45DF,
  0x357F, 0x359F, 0x359F, 0x359F, 0x359F, 0x359F, 0x359F, 0x359F, 0x359F, 0x359F, 0x359F, 0x2D9F, 0x2D9F, 0x2D9F, 0x2D9F, 0x2D9F,
  0x2D9F, 0x2D9F, 0x359F, 0x359F, 0x359F, 0x359F, 0x359F, 0x359F, 0x359F, 0x359F, 0x359F, 0x359F, 0x359F, 0x359F, 0x359F, 0x359F,
  0x359F, 0x359F, 0x359F, 0x359F, 0x359F, 0x359F, 0x359F, 0x359F, 0x359F, 0x2D9F, 0x2D9F, 0x359F, 0x359F, 0x359F, 0x359F, 0x359F,
  0x359F, 0x359F, 0x2D9F, 0x2D9F, 0x2D9F, 0x2D9F, 0x359F, 0x359F, 0x359F, 0x359F, 0x359F, 0x2D9F, 0x359F, 0x2D9F, 0x2D9F, 0x2D9F,
  0x2D9F, 0x2D9F, 0x2D9F, 0x2D9F, 0x2D9F, 0x359F, 0x359F, 0x359F, 0x359F, 0x359F, 0x359F, 0x359F, 0x359F, 0x359F, 0x359F, 0x359F,
  0x359F, 0x2D9F, 0x2D9F, 0x359F, 0x359F, 0x359F, 0x359F, 0x359F, 0x359F, 0x359F, 0x359F, 0x359F, 0x359F, 0x359F, 0x359F, 0x2D9F,
  0x2D9F, 0x2D9F, 0x2D7F, 0x2D7F, 0x2D7F, 0x2D7F, 0x2D7F, 0x2D9F, 0x2D9F, 0x2D9F, 0x2D7F, 0x2D9F, 0x359F, 0x2D7F, 0x3DBF, 0x869F,
  0xFFFF, 0xFFFF, 0xFFFF, 0x765F, 0x359F, 0x2D7F, 0xDF9F, 0xFFFF, 0xFFFF, 0xFFFF, 0xFFFF, 0xF7DF, 0xD77F, 0xCF7F, 0xD79F, 0xCF7F,
  0x359F, 0x2D9F, 0x359F, 0x359F, 0x359F, 0x359F, 0x359F, 0x359F, 0x359F, 0x359F, 0x359F, 0x359F, 0x2D9F, 0x2D9F, 0x2D9F, 0x2D9F,
  0x359F, 0x359F, 0x359F, 0x359F, 0x359F, 0x359F, 0x359F, 0x359F, 0x359F, 0x359F, 0x359F, 0x359F, 0x359F, 0x359F, 0x359F, 0x359F,
  0x359F, 0x359F, 0x359F, 0x359F, 0x359F, 0x359F, 0x359F, 0x359F, 0x359F, 0x2D9F, 0x2D7F, 0x2D9F, 0x359F, 0x359F, 0x359F, 0x2D9F,
  0x359F, 0x359F, 0x2D9F, 0x359F, 0x2D9F, 0x2D9F, 0x359F, 0x359F, 0x359F, 0x2D9F, 0x359F, 0x359F, 0x359F, 0x359F, 0x2D9F, 0x2D9F,
  0x2D9F, 0x2D9F, 0x2D9F, 0x2D9F, 0x2D9F, 0x359F, 0x359F, 0x359F, 0x359F, 0x359F, 0x359F, 0x359F, 0x359F, 0x359F, 0x359F, 0x359F,
  0x359F, 0x2D7F, 0x357F, 0x359F, 0x359F, 0x359F, 0x359F, 0x359F, 0x359F, 0x359F, 0x359F, 0x359F, 0x359F, 0x359F, 0x359F, 0x2D9F,
  0x359F, 0x359F, 0x357F, 0x2D7F, 0x2D7F, 0x2D7F, 0x357F, 0x2D7F, 0x359F, 0x359F, 0x359F, 0x359F, 0x359F, 0x257F, 0x8E9F, 0xFFFF,
  0xFFDF, 0xFFFF, 0xF7DF, 0xCF7F, 0xAF1F, 0xDF9F, 0xF7DF, 0xFFFF, 0xFFFF, 0xFFFF, 0xFFFF, 0xF7DF, 0xD77F, 0xD79F, 0xF7DF, 0xFFFF,
  0x359F, 0x359F, 0x359F, 0x359F, 0x359F, 0x359F, 0x359F, 0x359F, 0x359F, 0x359F, 0x2D9F, 0x2D9F, 0x2D9F, 0x2D9F, 0x2D9F, 0x359F,
  0x2D9F, 0x359F, 0x359F, 0x359F, 0x359F, 0x359F, 0x359F, 0x359F, 0x359F, 0x359F, 0x359F, 0x359F, 0x359F, 0x359F, 0x359F, 0x359F,
  0x359F, 0x359F, 0x359F, 0x359F, 0x359F, 0x359F, 0x359F, 0x359F, 0x359F, 0x359F, 0x359F, 0x2D9F, 0x359F, 0x359F, 0x359F, 0x359F,
  0x359F, 0x359F, 0x2D9F, 0x2D9F, 0x2D9F, 0x2D9F, 0x359F, 0x359F, 0x359F, 0x359F, 0x2D9F, 0x359F, 0x359F, 0x359F, 0x2D9F, 0x2D9F,
  0x2D9F, 0x2D9F, 0x2D9F, 0x2D9F, 0x359F, 0x359F, 0x359F, 0x359F, 0x359F, 0x359F, 0x359F, 0x359F, 0x359F, 0x359F, 0x359F, 0x359F,
  0x357F, 0x357F, 0x357F, 0x359F, 0x359F, 0x359F, 0x359F, 0x359F, 0x359F, 0x359F, 0x359F, 0x359F, 0x359F, 0x359F, 0x359F, 0x359F,
  0x359F, 0x359F, 0x359F, 0x357F, 0x357F, 0x2D7F, 0x2D7F, 0x357F, 0x2D7F, 0x2D7F, 0x2D7F, 0x2D7F, 0x255F, 0x869F, 0xF7DF, 0xF7DF,
  0xF7DF, 0xEFDF, 0xE7BF, 0xBF3F, 0xCF7F, 0xFFFF, 0xFFFF, 0xFFFF, 0xF7DF, 0xEFDF, 0xEFDF, 0xE7BF, 0xCF7F, 0xC75F, 0xD79F, 0xE7BF,
  0x359F, 0x359F, 0x359F, 0x359F, 0x2D9F, 0x359F, 0x359F, 0x359F, 0x359F, 0x359F, 0x359F, 0x359F, 0x2D9F, 0x2D9F, 0x359F, 0x359F,
  0x359F, 0x359F, 0x359F, 0x359F, 0x359F, 0x359F, 0x359F, 0x359F, 0x359F, 0x359F, 0x359F, 0x359F, 0x359F, 0x359F, 0x359F, 0x359F,
  0x359F, 0x359F, 0x359F, 0x359F, 0x359F, 0x359F, 0x359F, 0x359F, 0x359F, 0x359F, 0x359F, 0x359F, 0x359F, 0x2D9F, 0x2D9F, 0x359F,
  0x359F, 0x2D9F, 0x2D9F, 0x2D9F, 0x2D9F, 0x2D9F, 0x359F, 0x2D9F, 0x2D9F, 0x359F, 0x359F, 0x359F, 0x2D9F, 0x359F, 0x359F, 0x359F,
  0x359F, 0x359F, 0x359F, 0x2D9F, 0x359F, 0x359F, 0x359F, 0x359F, 0x359F, 0x359F, 0x359F, 0x359F, 0x359F, 0x359F, 0x359F, 0x357F,
  0x357F, 0x357F, 0x2D7F, 0x359F, 0x357F, 0x359F, 0x359F, 0x359F, 0x359F, 0x359F, 0x359F, 0x359F, 0x359F, 0x357F, 0x359F, 0x359F,
  0x357F, 0x359F, 0x359F, 0x359F, 0x357F, 0x359F, 0x3D9F, 0x359F, 0x55FF, 0x45DF, 0x45DF, 0x4DFF, 0x2D7F, 0x9EDF, 0xFFFF, 0xE7BF,
  0xCF7F, 0xCF7F, 0xD77F, 0xB73F, 0xC75F, 0xF7DF, 0xF7DF, 0xEFDF, 0xD77F, 0xC75F, 0xCF7F, 0xD77F, 0xCF7F, 0xA71F, 0xA71F, 0xA71F,
  0x359F, 0x359F, 0x359F, 0x2D9F, 0x359F, 0x359F, 0x359F, 0x359F, 0x359F, 0x359F, 0x359F, 0x359F, 0x359F, 0x359F, 0x359F, 0x359F,
  0x359F, 0x359F, 0x359F, 0x359F, 0x359F, 0x359F, 0x359F, 0x359F, 0x359F, 0x359F, 0x359F, 0x359F, 0x359F, 0x359F, 0x359F, 0x359F,
  0x359F, 0x359F, 0x359F, 0x359F, 0x359F, 0x359F, 0x359F, 0x359F, 0x359F, 0x359F, 0x359F, 0x359F, 0x2D9F, 0x2D9F, 0x2D9F, 0x2D9F,
  0x2D7F, 0x2D7F, 0x359F, 0x359F, 0x2D9F, 0x2D9F, 0x2D9F, 0x2D9F, 0x2D9F, 0x2D7F, 0x2D9F, 0x2D9F, 0x359F, 0x2D9F, 0x359F, 0x359F,
  0x359F, 0x359F, 0x359F, 0x359F, 0x359F, 0x359F, 0x359F, 0x359F, 0x359F, 0x359F, 0x359F, 0x359F, 0x359F, 0x359F, 0x357F, 0x359F,
  0x357F, 0x357F, 0x357F, 0x357F, 0x357F, 0x359F, 0x359F, 0x359F, 0x359F, 0x359F, 0x359F, 0x359F, 0x359F, 0x357F, 0x357F, 0x357F,
  0x357F, 0x2D7F, 0x2D7F, 0x2D7F, 0x255F, 0x45DF, 0xA71F, 0x359F, 0xC75F, 0xB73F, 0xC75F, 0xFFFF, 0xC75F, 0xCF7F, 0xD79F, 0xC75F,
  0xA71F, 0xA71F, 0xA71F, 0xA71F, 0xAF1F, 0xB73F, 0xD77F, 0xCF7F, 0xBF3F, 0xA71F, 0xC75F, 0xCF7F, 0xA71F, 0xAF1F, 0xA71F, 0xA71F,
  0x359F, 0x359F, 0x359F, 0x2D9F, 0x2D9F, 0x359F, 0x359F, 0x359F, 0x359F, 0x359F, 0x359F, 0x359F, 0x359F, 0x359F, 0x359F, 0x359F,
  0x359F, 0x359F, 0x359F, 0x359F, 0x359F, 0x359F, 0x359F, 0x359F, 0x359F, 0x359F, 0x359F, 0x359F, 0x359F, 0x359F, 0x359F, 0x359F,
  0x359F, 0x359F, 0x359F, 0x359F, 0x359F, 0x359F, 0x359F, 0x359F, 0x359F, 0x359F, 0x359F, 0x359F, 0x2D9F, 0x2D9F, 0x2D9F, 0x2D9F,
  0x2D9F, 0x2D7F, 0x359F, 0x2D9F, 0x2D9F, 0x359F, 0x2D9F, 0x2D9F, 0x2D9F, 0x2D9F, 0x2D9F, 0x2D9F, 0x2D7F, 0x2D9F, 0x2D9F, 0x359F,
  0x359F, 0x359F, 0x359F, 0x359F, 0x359F, 0x359F, 0x359F, 0x359F, 0x359F, 0x359F, 0x359F, 0x359F, 0x359F, 0x359F, 0x357F, 0x359F,
  0x359F, 0x359F, 0x359F, 0x357F, 0x357F, 0x359F, 0x359F, 0x359F, 0x359F, 0x359F, 0x359F, 0x357F, 0x357F, 0x357F, 0x357F, 0x359F,
  0x2D7F, 0x6E5F, 0x96DF, 0x96BF, 0x7E9F, 0x45DF, 0xAF3F, 0x8EDF, 0xB73F, 0xBF3F, 0xBF3F, 0xC77F, 0xC75F, 0xBF5F, 0xB73F, 0xB73F,
  0xB73F, 0xB73F, 0xAF1F, 0xA71F, 0xA71F, 0xAF1F, 0xB73F, 0xAF1F, 0xAF1F, 0xB73F, 0xB73F, 0xB73F, 0xB73F, 0xB73F, 0xB73F, 0xB73F,
  0x359F, 0x359F, 0x359F, 0x2D9F, 0x2D9F, 0x359F, 0x359F, 0x359F, 0x359F, 0x359F, 0x359F, 0x359F, 0x359F, 0x359F, 0x359F, 0x359F,
  0x359F, 0x359F, 0x359F, 0x357F, 0x359F, 0x359F, 0x359F, 0x359F, 0x359F, 0x359F, 0x359F, 0x359F, 0x359F, 0x359F, 0x359F, 0x359F,
  0x359F, 0x359F, 0x359F, 0x359F, 0x359F, 0x359F, 0x359F, 0x359F, 0x359F, 0x359F, 0x359F, 0x359F, 0x359F, 0x359F, 0x359F, 0x359F,
  0x2D7F, 0x359F, 0x359F, 0x359F, 0x359F, 0x359F, 0x359F, 0x359F, 0x2D9F, 0x2D9F, 0x2D9F, 0x2D7F, 0x2D9F, 0x359F, 0x359F, 0x359F,
  0x359F, 0x359F, 0x359F, 0x359F, 0x359F, 0x359F, 0x359F, 0x359F, 0x359F, 0x359F, 0x359F, 0x359F, 0x359F, 0x359F, 0x359F, 0x357F,
  0x359F, 0x359F, 0x357F, 0x359F, 0x357F, 0x357F, 0x359F, 0x359F, 0x359F, 0x359F, 0x359F, 0x357F, 0x357F, 0x357F, 0x357F, 0x359F,
  0x2D7F, 0x765F, 0x9EDF, 0x869F, 0x7E7F, 0x3D9F, 0x5E1F, 0x665F, 0x663F, 0x663F, 0x663F, 0x5E1F, 0x663F, 0x663F, 0x663F, 0x663F,
  0x6E5F, 0x6E5F, 0x6E5F, 0xA71F, 0xAF3F, 0xAF1F, 0xAF1F, 0xAF3F, 0x9EFF, 0x765F, 0x767F, 0x767F, 0x767F, 0x767F, 0x767F, 0x767F,
  0x359F, 0x359F, 0x359F, 0x359F, 0x2D9F, 0x2D9F, 0x2D9F, 0x359F, 0x359F, 0x359F, 0x359F, 0x359F, 0x359F, 0x359F, 0x359F, 0x359F,
  0x359F, 0x357F, 0x359F, 0x359F, 0x357F, 0x357F, 0x359F, 0x357F, 0x357F, 0x359F, 0x359F, 0x359F, 0x359F, 0x359F, 0x359F, 0x359F,
  0x359F, 0x359F, 0x359F, 0x359F, 0x359F, 0x359F, 0x359F, 0x359F, 0x359F, 0x359F, 0x359F, 0x359F, 0x359F, 0x359F, 0x359F, 0x359F,
  0x2D9F, 0x359F, 0x359F, 0x359F, 0x359F, 0x359F, 0x359F, 0x2D9F, 0x2D9F, 0x2D9F, 0x2D9F, 0x359F, 0x359F, 0x359F, 0x359F, 0x359F,
  0x359F, 0x359F, 0x359F, 0x359F, 0x359F, 0x359F, 0x359F, 0x359F, 0x359F, 0x359F, 0x359F, 0x359F, 0x359F, 0x359F, 0x359F, 0x359F,
  0x359F, 0x359F, 0x359F, 0x359F, 0x357F, 0x357F, 0x359F, 0x359F, 0x359F, 0x359F, 0x357F, 0x357F, 0x357F, 0x357F, 0x357F, 0x359F,
  0x359F, 0x2D7F, 0x2D7F, 0x257F, 0x2D7F, 0x2D7F, 0x2D7F, 0x257F, 0x257F, 0x257F, 0x2D7F, 0x2D7F, 0x2D7F, 0x2D7F, 0x2D7F, 0x2D7F,
  0x2D7F, 0x2D7F, 0x257F, 0x7E7F, 0x8EDF, 0x8EBF, 0x8EBF, 0x96DF, 0x6E5F, 0x257F, 0x2D9F, 0x2D7F, 0x2D7F, 0x2D7F, 0x2D7F, 0x257F,
  0x359F, 0x359F, 0x359F, 0x359F, 0x2D9F, 0x2D9F, 0x359F, 0x2D7F, 0x2D7F, 0x2D9F, 0x359F, 0x359F, 0x359F, 0x359F, 0x359F, 0x359F,
  0x359F, 0x357F, 0x359F, 0x3DBF, 0x359F, 0x359F, 0x359F, 0x2D7F, 0x2D7F, 0x2D7F, 0x357F, 0x359F, 0x359F, 0x359F, 0x359F, 0x359F,
  0x359F, 0x359F, 0x359F, 0x359F, 0x359F, 0x359F, 0x359F, 0x359F, 0x359F, 0x359F, 0x359F, 0x359F, 0x359F, 0x359F, 0x359F, 0x359F,
  0x359F, 0x359F, 0x359F, 0x359F, 0x359F, 0x359F, 0x359F, 0x359F, 0x359F, 0x359F, 0x359F, 0x359F, 0x359F, 0x359F, 0x359F, 0x359F,
  0x359F, 0x359F, 0x359F, 0x359F, 0x359F, 0x359F, 0x359F, 0x359F, 0x359F, 0x359F, 0x359F, 0x359F, 0x359F, 0x359F, 0x359F, 0x359F,
  0x359F, 0x359F, 0x359F, 0x359F, 0x359F, 0x359F, 0x359F, 0x359F, 0x359F, 0x359F, 0x359F, 0x359F, 0x359F, 0x359F, 0x359F, 0x359F,
  0x359F, 0x359F, 0x359F, 0x359F, 0x359F, 0x2D9F, 0x359F, 0x359F, 0x359F, 0x359F, 0x359F, 0x359F, 0x359F, 0x359F, 0x359F, 0x359F,
  0x359F, 0x359F, 0x359F, 0x2D9F, 0x2D7F, 0x2D7F, 0x2D7F, 0x2D7F, 0x2D9F, 0x359F, 0x359F, 0x359F, 0x359F, 0x359F, 0x359F, 0x359F,
  0x359F, 0x359F, 0x359F, 0x359F, 0x359F, 0x2D9F, 0x359F, 0x359F, 0x2D7F, 0x2D7F, 0x2D9F, 0x359F, 0x359F, 0x359F, 0x359F, 0x359F,
  0x359F, 0x359F, 0x3DBF, 0x3DBF, 0x2D7F, 0x253F, 0x255F, 0x357F, 0x2D7F, 0x2D7F, 0x2D7F, 0x2D7F, 0x2D7F, 0x359F, 0x359F, 0x359F,
  0x359F, 0x359F, 0x359F, 0x359F, 0x359F, 0x359F, 0x359F, 0x359F, 0x359F, 0x359F, 0x2D9F, 0x359F, 0x359F, 0x359F, 0x359F, 0x2D9F,
  0x359F, 0x359F, 0x359F, 0x2D9F, 0x359F, 0x359F, 0x359F, 0x359F, 0x359F, 0x359F, 0x359F, 0x359F, 0x359F, 0x359F, 0x359F, 0x359F,
  0x359F, 0x359F, 0x359F, 0x359F, 0x359F, 0x359F, 0x359F, 0x359F, 0x359F, 0x359F, 0x359F, 0x359F, 0x359F, 0x359F, 0x359F, 0x359F,
  0x359F, 0x359F, 0x359F, 0x359F, 0x359F, 0x359F, 0x359F, 0x359F, 0x359F, 0x359F, 0x357F, 0x359F, 0x357F, 0x359F, 0x359F, 0x359F,
  0x359F, 0x359F, 0x359F, 0x359F, 0x2D9F, 0x2D9F, 0x2D9F, 0x2D9F, 0x2D7F, 0x2D7F, 0x2D9F, 0x2D9F, 0x2D9F, 0x2D9F, 0x2D9F, 0x2D9F,
  0x2D9F, 0x2D9F, 0x2D9F, 0x2D9F, 0x2D9F, 0x2D9F, 0x2D9F, 0x2D9F, 0x359F, 0x2D9F, 0x2D9F, 0x2D9F, 0x2D9F, 0x2D9F, 0x2D9F, 0x2D9F,
  0x359F, 0x359F, 0x359F, 0x359F, 0x359F, 0x359F, 0x359F, 0x2D9F, 0x2D7F, 0x2D9F, 0x359F, 0x359F, 0x359F, 0x359F, 0x359F, 0x359F,
  0x255F, 0x55FF, 0xA6FF, 0x9EDF, 0x8E9F, 0x969F, 0x763F, 0x255F, 0x2D7F, 0x2D7F, 0x357F, 0x357F, 0x2D7F, 0x357F, 0x357F, 0x359F,
  0x359F, 0x359F, 0x359F, 0x359F, 0x359F, 0x359F, 0x359F, 0x359F, 0x359F, 0x2D9F, 0x2D9F, 0x2D9F, 0x2D9F, 0x359F, 0x359F, 0x359F,
  0x359F, 0x2D9F, 0x2D9F, 0x2D9F, 0x2D9F, 0x359F, 0x359F, 0x359F, 0x359F, 0x359F, 0x359F, 0x359F, 0x359F, 0x359F, 0x359F, 0x359F,
  0x359F, 0x359F, 0x359F, 0x359F, 0x359F, 0x359F, 0x359F, 0x359F, 0x2D9F, 0x359F, 0x359F, 0x359F, 0x359F, 0x359F, 0x359F, 0x359F,
  0x359F, 0x359F, 0x359F, 0x359F, 0x359F, 0x359F, 0x357F, 0x359F, 0x357F, 0x357F, 0x359F, 0x359F, 0x359F, 0x359F, 0x359F, 0x359F,
  0x359F, 0x359F, 0x359F, 0x2D9F, 0x2D7F, 0x2D9F, 0x2D9F, 0x2D9F, 0x2D7F, 0x2D7F, 0x2D7F, 0x2D9F, 0x2D9F, 0x2D9F, 0x2D9F, 0x2D9F,
  0x2D9F, 0x2D9F, 0x2D9F, 0x2D9F, 0x2D9F, 0x2D9F, 0x2D9F, 0x2D9F, 0x2D9F, 0x2D9F, 0x2D9F, 0x2D9F, 0x2D9F, 0x2D9F, 0x2D9F, 0x2D9F,
  0x359F, 0x359F, 0x359F, 0x359F, 0x359F, 0x359F, 0x359F, 0x359F, 0x2D9F, 0x2D7F, 0x2D9F, 0x359F, 0x359F, 0x359F, 0x359F, 0x2D7F,
  0x359F, 0x96BF, 0xFFFF, 0xFFFF, 0xFFFF, 0xFFFF, 0xD77F, 0x45BF, 0x45BF, 0x357F, 0x2D7F, 0x2D7F, 0x2D7F, 0x2D7F, 0x357F, 0x359F,
  0x359F, 0x359F, 0x359F, 0x359F, 0x2D9F, 0x2D9F, 0x2D9F, 0x2D9F, 0x2D9F, 0x2D9F, 0x2D9F, 0x2D9F, 0x2D9F, 0x359F, 0x359F, 0x2D9F,
  0x359F, 0x359F, 0x2D9F, 0x359F, 0x359F, 0x359F, 0x359F, 0x359F, 0x359F, 0x359F, 0x359F, 0x359F, 0x359F, 0x359F, 0x359F, 0x357F,
  0x359F, 0x2D9F, 0x359F, 0x2D9F, 0x2D9F, 0x359F, 0x359F, 0x2D9F, 0x2D9F, 0x359F, 0x359F, 0x2D9F, 0x359F, 0x359F, 0x359F, 0x357F,
  0x359F, 0x359F, 0x359F, 0x359F, 0x359F, 0x359F, 0x359F, 0x357F, 0x359F, 0x359F, 0x359F, 0x359F, 0x357F, 0x357F, 0x359F, 0x359F,
  0x359F, 0x2D7F, 0x2D7F, 0x2D7F, 0x2D7F, 0x2D9F, 0x2D7F, 0x2D9F, 0x2D7F, 0x2D9F, 0x2D7F, 0x2D9F, 0x2D9F, 0x2D9F, 0x2D9F, 0x2D9F,
  0x2D9F, 0x2D9F, 0x2D9F, 0x2D9F, 0x2D9F, 0x2D9F, 0x2D9F, 0x359F, 0x2D9F, 0x2D9F, 0x2D9F, 0x2D9F, 0x2D9F, 0x2D9F, 0x2D9F, 0x2D9F,
  0x359F, 0x359F, 0x359F, 0x359F, 0x359F, 0x359F, 0x359F, 0x359F, 0x2D7F, 0x2D9F, 0x359F, 0x357F, 0x359F, 0x359F, 0x3DBF, 0x765F,
  0xE7BF, 0xFFFF, 0xFFFF, 0xFFFF, 0xFFFF, 0xFFFF, 0xEFBF, 0xD79F, 0x767F, 0x45DF, 0x359F, 0x359F, 0x357F, 0x2D7F, 0x357F, 0x357F,
  0x2D7F, 0x2D7F, 0x2D9F, 0x2D9F, 0x2D9F, 0x2D7F, 0x2D7F, 0x2D9F, 0x2D9F, 0x2D7F, 0x2D9F, 0x2D9F, 0x2D9F, 0x359F, 0x2D9F, 0x2D9F,
  0x359F, 0x2D9F, 0x359F, 0x2D9F, 0x359F, 0x359F, 0x359F, 0x359F, 0x359F, 0x359F, 0x359F, 0x359F, 0x359F, 0x359F, 0x359F, 0x359F,
  0x359F, 0x359F, 0x359F, 0x2D9F, 0x2D9F, 0x359F, 0x2D9F, 0x359F, 0x359F, 0x359F, 0x359F, 0x359F, 0x359F, 0x2D9F, 0x2D9F, 0x359F,
  0x359F, 0x359F, 0x359F, 0x359F, 0x359F, 0x359F, 0x359F, 0x359F, 0x359F, 0x359F, 0x359F, 0x359F, 0x357F, 0x357F, 0x2D7F, 0x2D7F,
  0x2D7F, 0x2D7F, 0x2D7F, 0x2D7F, 0x2D9F, 0x2D9F, 0x2D7F, 0x2D7F, 0x2D9F, 0x2D9F, 0x2D7F, 0x2D9F, 0x2D9F, 0x2D9F, 0x2D9F, 0x2D9F,
  0x2D7F, 0x2D9F, 0x2D9F, 0x2D9F, 0x2D9F, 0x2D9F, 0x2D9F, 0x2D9F, 0x2D9F, 0x2D9F, 0x2D9F, 0x2D9F, 0x2D9F, 0x2D7F, 0x2D7F, 0x2D9F,
  0x359F, 0x359F, 0x359F, 0x359F, 0x2D9F, 0x359F, 0x359F, 0x359F, 0x359F, 0x359F, 0x359F, 0x357F, 0x359F, 0x255F, 0x4DDF, 0xFFFF,
  0xFFFF, 0xFFFF, 0xFFFF, 0xFFFF, 0xFFFF, 0xF7DF, 0xD79F, 0xB73F, 0xA6FF, 0xD79F, 0xE7BF, 0x45BF, 0x255F, 0x357F, 0x357F, 0x357F,
  0x2D7F, 0x2D7F, 0x2D7F, 0x2D9F, 0x2D9F, 0x2D7F, 0x2D7F, 0x2D9F, 0x2D9F, 0x2D7F, 0x2D9F, 0x2D7F, 0x2D9F, 0x2D9F, 0x359F, 0x359F,
  0x359F, 0x359F, 0x359F, 0x359F, 0x359F, 0x359F, 0x359F, 0x359F, 0x359F, 0x359F, 0x359F, 0x359F, 0x359F, 0x359F, 0x359F, 0x359F,
  0x359F, 0x359F, 0x359F, 0x359F, 0x2D9F, 0x357F, 0x359F, 0x359F, 0x2D7F, 0x2D9F, 0x357F, 0x359F, 0x2D9F, 0x359F, 0x359F, 0x359F,
  0x359F, 0x359F, 0x359F, 0x359F, 0x359F, 0x359F, 0x359F, 0x359F, 0x357F, 0x359F, 0x2D7F, 0x357F, 0x2D7F, 0x2D7F, 0x2D7F, 0x2D7F,
  0x2D7F, 0x2D7F, 0x2D7F, 0x2D9F, 0x2D9F, 0x2D7F, 0x2D7F, 0x2D9F, 0x2D7F, 0x2D7F, 0x2D7F, 0x2D7F, 0x2D9F, 0x2D9F, 0x2D9F, 0x2D9F,
  0x2D9F, 0x2D7F, 0x2D9F, 0x2D9F, 0x2D9F, 0x2D9F, 0x2D9F, 0x2D9F, 0x2D9F, 0x2D9F, 0x2D9F, 0x2D9F, 0x2D7F, 0x2D7F, 0x2D7F, 0x2D7F,
  0x2D9F, 0x2D9F, 0x2D9F, 0x2D9F, 0x2D9F, 0x359F, 0x359F, 0x359F, 0x359F, 0x359F, 0x359F, 0x359F, 0x2D7F, 0x55FF, 0xAF1F, 0xFFFF,
  0xFFFF, 0xFFFF, 0xFFFF, 0xFFFF, 0xFFFF, 0xFFFF, 0xEFDF, 0xE7BF, 0xEFBF, 0xFFFF, 0xFFFF, 0xB73F, 0x5E1F, 0x2D5F, 0x357F, 0x2D7F,
  0x2D7F, 0x2D7F, 0x2D9F, 0x2D9F, 0x2D9F, 0x2D7F, 0x2D9F, 0x2D9F, 0x2D9F, 0x2D9F, 0x2D7F, 0x2D7F, 0x2D9F, 0x2D9F, 0x359F, 0x2D9F,
  0x2D9F, 0x357F, 0x359F, 0x359F, 0x359F, 0x359F, 0x359F, 0x359F, 0x359F, 0x359F, 0x359F, 0x359F, 0x359F, 0x359F, 0x359F, 0x359F,
  0x359F, 0x359F, 0x359F, 0x359F, 0x359F, 0x359F, 0x359F, 0x357F, 0x359F, 0x359F, 0x359F, 0x359F, 0x359F, 0x359F, 0x359F, 0x359F,
  0x359F, 0x359F, 0x359F, 0x359F, 0x359F, 0x359F, 0x359F, 0x359F, 0x359F, 0x359F, 0x359F, 0x2D7F, 0x2D7F, 0x2D7F, 0x2D7F, 0x2D7F,
  0x359F, 0x2D9F, 0x2D7F, 0x2D7F, 0x2D7F, 0x2D7F, 0x2D7F, 0x2D7F, 0x2D7F, 0x2D7F, 0x2D7F, 0x2D7F, 0x2D7F, 0x2D9F, 0x2D9F, 0x2D9F,
  0x2D9F, 0x2D9F, 0x2D9F, 0x2D9F, 0x2D9F, 0x2D9F, 0x2D9F, 0x2D9F, 0x2D9F, 0x2D9F, 0x2D9F, 0x2D9F, 0x2D7F, 0x2D7F, 0x2D7F, 0x2D7F,
  0x2D7F, 0x2D7F, 0x2D7F, 0x2D9F, 0x2D9F, 0x359F, 0x359F, 0x359F, 0x359F, 0x2D7F, 0x2D7F, 0x2D7F, 0x1D3F, 0x765F, 0xEFDF, 0xE7BF,
  0xFFFF, 0xFFFF, 0xFFFF, 0xFFFF, 0xFFFF, 0xFFFF, 0xFFFF, 0xFFFF, 0xF7DF, 0xF7DF, 0xFFFF, 0xF7FF, 0x7E5F, 0x253F, 0x357F, 0x2D7F,
  0x2D7F, 0x357F, 0x2D9F, 0x2D9F, 0x2D9F, 0x2D7F, 0x2D9F, 0x2D9F, 0x2D7F, 0x2D9F, 0x2D7F, 0x2D7F, 0x2D9F, 0x2D7F, 0x357F, 0x359F,
  0x359F, 0x2D9F, 0x359F, 0x359F, 0x359F, 0x359F, 0x359F, 0x359F, 0x359F, 0x359F, 0x359F, 0x359F, 0x359F, 0x359F, 0x359F, 0x359F,
  0x359F, 0x359F, 0x359F, 0x359F, 0x359F, 0x359F, 0x2D9F, 0x2D9F, 0x359F, 0x359F, 0x2D9F, 0x2D9F, 0x359F, 0x359F, 0x359F, 0x359F,
  0x359F, 0x359F, 0x359F, 0x359F, 0x359F, 0x359F, 0x359F, 0x359F, 0x359F, 0x359F, 0x2D9F, 0x359F, 0x357F, 0x2D7F, 0x357F, 0x359F,
  0x357F, 0x357F, 0x359F, 0x2D7F, 0x2D7F, 0x2D9F, 0x2D9F, 0x2D7F, 0x2D9F, 0x2D7F, 0x2D7F, 0x2D9F, 0x2D7F, 0x2D9F, 0x2D9F, 0x2D9F,
  0x2D7F, 0x2D9F, 0x2D9F, 0x2D9F, 0x2D9F, 0x2D9F, 0x2D9F, 0x2D9F, 0x2D9F, 0x2D9F, 0x2D9F, 0x2D9F, 0x2D7F, 0x2D7F, 0x2D9F, 0x2D9F,
  0x2D7F, 0x2D7F, 0x2D7F, 0x2D9F, 0x2D9F, 0x2D9F, 0x359F, 0x359F, 0x359F, 0x45DF, 0x55FF, 0x55FF, 0x4DDF, 0x869F, 0xD79F, 0xCF7F,
  0xEFDF, 0xFFFF, 0xFFFF, 0xFFFF, 0xFFFF, 0xFFFF, 0xFFFF, 0xFFFF, 0xDFBF, 0xD79F, 0xF7DF, 0xDF9F, 0xAF1F, 0x7E7F, 0x2D7F, 0x357F,
  0x357F, 0x359F, 0x359F, 0x359F, 0x2D9F, 0x2D9F, 0x2D7F, 0x2D9F, 0x2D7F, 0x2D7F, 0x2D7F, 0x2D7F, 0x2D7F, 0x2D7F, 0x2D7F, 0x2D7F,
  0x2D9F, 0x357F, 0x359F, 0x359F, 0x359F, 0x359F, 0x359F, 0x359F, 0x359F, 0x359F, 0x359F, 0x359F, 0x359F, 0x359F, 0x359F, 0x359F,
  0x359F, 0x359F, 0x359F, 0x359F, 0x359F, 0x359F, 0x359F, 0x2D9F, 0x359F, 0x2D9F, 0x2D9F, 0x359F, 0x359F, 0x359F, 0x359F, 0x359F,
  0x359F, 0x359F, 0x359F, 0x359F, 0x359F, 0x359F, 0x359F, 0x359F, 0x359F, 0x359F, 0x359F, 0x359F, 0x359F, 0x359F, 0x359F, 0x359F,
  0x359F, 0x359F, 0x359F, 0x359F, 0x359F, 0x2D9F, 0x2D9F, 0x359F, 0x2D9F, 0x2D7F, 0x2D9F, 0x2D7F, 0x2D9F, 0x2D9F, 0x2D9F, 0x2D9F,
  0x2D9F, 0x2D9F, 0x359F, 0x2D9F, 0x2D9F, 0x359F, 0x2D9F, 0x2D9F, 0x2D9F, 0x2D9F, 0x2D9F, 0x2D9F, 0x2D9F, 0x2D9F, 0x2D9F, 0x2D9F,
  0x2D7F, 0x2D7F, 0x2D7F, 0x2D7F, 0x2D9F, 0x2D9F, 0x359F, 0x359F, 0x257F, 0xBF3F, 0xFFFF, 0xFFFF, 0xFFFF, 0xE7BF, 0xB73F, 0xB73F,
  0xCF7F, 0xF7DF, 0xFFFF, 0xFFFF, 0xFFFF, 0xFFFF, 0xFFFF, 0xFFFF, 0xE7BF, 0xC75F, 0xA71F, 0xCF7F, 0xCF7F, 0x96DF, 0x359F, 0x2D7F,
  0x255F, 0x255F, 0x2D7F, 0x359F, 0x2D7F, 0x2D9F, 0x2D9F, 0x2D9F, 0x359F, 0x2D7F, 0x2D7F, 0x2D7F, 0x2D7F, 0x2D7F, 0x2D7F, 0x357F,
  0x357F, 0x359F, 0x359F, 0x359F, 0x359F, 0x359F, 0x359F, 0x357F, 0x359F, 0x359F, 0x359F, 0x359F, 0x359F, 0x359F, 0x359F, 0x359F,
  0x359F, 0x359F, 0x359F, 0x359F, 0x359F, 0x359F, 0x359F, 0x359F, 0x2D9F, 0x2D9F, 0x2D9F, 0x359F, 0x2D9F, 0x359F, 0x359F, 0x359F,
  0x359F, 0x359F, 0x359F, 0x359F, 0x359F, 0x359F, 0x359F, 0x359F, 0x359F, 0x359F, 0x359F, 0x359F, 0x359F, 0x359F, 0x359F, 0x359F,
  0x359F, 0x2D9F, 0x359F, 0x359F, 0x359F, 0x359F, 0x359F, 0x359F, 0x2D9F, 0x2D9F, 0x2D7F, 0x2D9F, 0x2D9F, 0x2D7F, 0x2D9F, 0x2D9F,
  0x2D9F, 0x2D9F, 0x2D9F, 0x359F, 0x359F, 0x2D9F, 0x2D9F, 0x359F, 0x2D9F, 0x2D9F, 0x2D9F, 0x2D9F, 0x2D9F, 0x2D9F, 0x2D9F, 0x2D9F,
  0x2D7F, 0x2D7F, 0x2D7F, 0x359F, 0x359F, 0x359F, 0x2D7F, 0x257F, 0xBF3F, 0xF7DF, 0xFFFF, 0xFFFF, 0xFFFF, 0xFFFF, 0xDF9F, 0xA71F,
  0xBF5F, 0xEFDF, 0xFFFF, 0xFFFF, 0xFFFF, 0xEFBF, 0xE7BF, 0xFFFF, 0xDF9F, 0xC75F, 0xA71F, 0xAF1F, 0xB73F, 0x8EBF, 0x1D5F, 0x663F,
  0xAEFF, 0xA6FF, 0x4DDF, 0x1D5F, 0x359F, 0x2D7F, 0x359F, 0x359F, 0x359F, 0x359F, 0x359F, 0x359F, 0x2D7F, 0x2D7F, 0x2D7F, 0x357F,
  0x357F, 0x357F, 0x359F, 0x359F, 0x359F, 0x359F, 0x359F, 0x359F, 0x359F, 0x359F, 0x359F, 0x359F, 0x359F, 0x359F, 0x359F, 0x359F,
  0x359F, 0x359F, 0x359F, 0x359F, 0x359F, 0x359F, 0x359F, 0x359F, 0x2D9F, 0x2D9F, 0x2D9F, 0x2D9F, 0x359F, 0x359F, 0x359F, 0x359F,
  0x359F, 0x359F, 0x359F, 0x359F, 0x359F, 0x359F, 0x359F, 0x359F, 0x359F, 0x359F, 0x359F, 0x359F, 0x359F, 0x359F, 0x359F, 0x359F,
  0x359F, 0x359F, 0x359F, 0x359F, 0x359F, 0x2D9F, 0x359F, 0x359F, 0x359F, 0x2D9F, 0x2D9F, 0x2D7F, 0x2D7F, 0x2D7F, 0x2D9F, 0x2D9F,
  0x2D9F, 0x359F, 0x2D9F, 0x359F, 0x2D9F, 0x2D9F, 0x359F, 0x2D9F, 0x359F, 0x2D9F, 0x2D9F, 0x359F, 0x359F, 0x2D9F, 0x2D9F, 0x2D9F,
  0x2D7F, 0x357F, 0x359F, 0x257F, 0x255F, 0x1D5F, 0x45DF, 0xAF1F, 0xFFFF, 0xFFFF, 0xFFFF, 0xFFFF, 0xFFFF, 0xFFFF, 0xFFFF, 0xDF9F,
  0xE7BF, 0xF7DF, 0xFFFF, 0xFFFF, 0xFFFF, 0xEFBF, 0xD79F, 0xE7BF, 0xC75F, 0xA71F, 0xA71F, 0xAF1F, 0xA71F, 0xA71F, 0x9EDF, 0xDF9F,
  0xFFFF, 0xFFFF, 0xCF5F, 0x6E3F, 0x255F, 0x359F, 0x2D7F, 0x2D7F, 0x255F, 0x255F, 0x255F, 0x255F, 0x357F, 0x2D7F, 0x2D7F, 0x357F,
  0x357F, 0x357F, 0x357F, 0x357F, 0x357F, 0x357F, 0x359F, 0x357F, 0x359F, 0x359F, 0x359F, 0x359F, 0x359F, 0x359F, 0x359F, 0x359F,
  0x359F, 0x359F, 0x359F, 0x359F, 0x359F, 0x359F, 0x359F, 0x359F, 0x359F, 0x2D9F, 0x2D9F, 0x2D9F, 0x2D7F, 0x2D9F, 0x2D9F, 0x2D9F,
  0x359F, 0x359F, 0x359F, 0x359F, 0x359F, 0x359F, 0x359F, 0x359F, 0x359F, 0x359F, 0x359F, 0x359F, 0x359F, 0x359F, 0x359F, 0x359F,
  0x359F, 0x2D9F, 0x359F, 0x359F, 0x359F, 0x359F, 0x359F, 0x359F, 0x359F, 0x2D9F, 0x2D9F, 0x2D9F, 0x2D9F, 0x2D9F, 0x2D9F, 0x2D9F,
  0x2D9F, 0x359F, 0x359F, 0x359F, 0x2D9F, 0x359F, 0x2D9F, 0x2D9F, 0x2D9F, 0x359F, 0x359F, 0x2D9F, 0x2D9F, 0x359F, 0x2D9F, 0x359F,
  0x357F, 0x2D7F, 0x2D7F, 0x5E1F, 0x765F, 0x5E1F, 0x765F, 0xFFFF, 0xFFFF, 0xFFFF, 0xFFFF, 0xEFDF, 0xFFFF, 0xFFFF, 0xFFFF, 0xFFFF,
  0xFFFF, 0xFFFF, 0xFFFF, 0xFFFF, 0xF7DF, 0xEFDF, 0xE7BF, 0xC75F, 0xAF1F, 0xAF1F, 0xB73F, 0xB73F, 0xBF5F, 0xD79F, 0xFFFF, 0xFFFF,
  0xFFFF, 0xFFDF, 0xFFFF, 0xD77F, 0x45BF, 0x2D7F, 0x359F, 0x4DFF, 0x765F, 0x765F, 0x765F, 0x661F, 0x2D5F, 0x2D7F, 0x357F, 0x357F,
  0x357F, 0x357F, 0x357F, 0x357F, 0x357F, 0x357F, 0x357F, 0x357F, 0x359F, 0x359F, 0x359F, 0x359F, 0x359F, 0x359F, 0x359F, 0x2D9F,
  0x359F, 0x359F, 0x359F, 0x359F, 0x359F, 0x359F, 0x359F, 0x359F, 0x359F, 0x359F, 0x359F, 0x2D9F, 0x2D9F, 0x2D9F, 0x2D9F, 0x2D9F,
  0x2D9F, 0x359F, 0x359F, 0x359F, 0x359F, 0x359F, 0x359F, 0x359F, 0x359F, 0x359F, 0x359F, 0x359F, 0x359F, 0x359F, 0x359F, 0x359F,
  0x359F, 0x359F, 0x359F, 0x359F, 0x359F, 0x359F, 0x359F, 0x359F, 0x2D9F, 0x2D9F, 0x2D9F, 0x2D9F, 0x2D9F, 0x2D9F, 0x2D9F, 0x2D9F,
  0x2D9F, 0x2D9F, 0x2D9F, 0x359F, 0x359F, 0x359F, 0x359F, 0x359F, 0x2D9F, 0x2D9F, 0x2D9F, 0x2D9F, 0x359F, 0x2D9F, 0x359F, 0x359F,
  0x359F, 0x3DBF, 0x5E1F, 0xE79F, 0xFFFF, 0xF7DF, 0xCF7F, 0xF7DF, 0xFFFF, 0xFFFF, 0xEFDF, 0xCF7F, 0xF7DF, 0xFFFF, 0xFFFF, 0xFFDF,
  0xFFFF, 0xFFFF, 0xFFFF, 0xFFFF, 0xDF9F, 0xCF7F, 0xCF7F, 0xD77F, 0xAF3F, 0xB73F, 0xD77F, 0xCF7F, 0xE7BF, 0xFFFF, 0xFFFF, 0xFFFF,
  0xFFFF, 0xF7DF, 0xF7FF, 0xF7DF, 0xAEFF, 0x359F, 0x8EBF, 0xCF7F, 0xFFFF, 0xFFFF, 0xFFFF, 0xD77F, 0x357F, 0x357F, 0x357F, 0x357F,
  0x357F, 0x357F, 0x357F, 0x357F, 0x357F, 0x2D7F, 0x357F, 0x357F, 0x357F, 0x359F, 0x359F, 0x359F, 0x359F, 0x359F, 0x359F, 0x359F,
  0x359F, 0x2D9F, 0x359F, 0x359F, 0x2D9F, 0x359F, 0x359F, 0x359F, 0x359F, 0x359F, 0x359F, 0x359F, 0x2D9F, 0x2D9F, 0x2D9F, 0x2D9F,
  0x359F, 0x359F, 0x359F, 0x359F, 0x359F, 0x359F, 0x359F, 0x359F, 0x359F, 0x359F, 0x359F, 0x359F, 0x359F, 0x359F, 0x359F, 0x359F,
  0x2D9F, 0x359F, 0x359F, 0x359F, 0x359F, 0x2D9F, 0x359F, 0x359F, 0x359F, 0x2D9F, 0x2D9F, 0x2D9F, 0x2D9F, 0x2D9F, 0x359F, 0x359F,
  0x2D9F, 0x359F, 0x359F, 0x2D9F, 0x2D9F, 0x2D9F, 0x359F, 0x359F, 0x359F, 0x2D9F, 0x2D9F, 0x359F, 0x359F, 0x359F, 0x359F, 0x359F,
  0x1D5F, 0x9EDF, 0xFFFF, 0xF7DF, 0xFFFF, 0xFFFF, 0xEFDF, 0xCF7F, 0xFFDF, 0xEFDF, 0xCF5F, 0xAF1F, 0xCF7F, 0xD77F, 0xCF7F, 0xD77F,
  0xFFFF, 0xFFFF, 0xF7FF, 0xD77F, 0xD79F, 0xBF5F, 0xA71F, 0xAF1F, 0xAF1F, 0xAF1F, 0xAF1F, 0xAF1F, 0xBF5F, 0xDF9F, 0xFFFF, 0xFFFF,
  0xFFFF, 0xB73F, 0xBF5F, 0xDF9F, 0xFFFF, 0xCF7F, 0xEFDF, 0xFFFF, 0xFFFF, 0xC75F, 0xB71F, 0xAF1F, 0x9EDF, 0x357F, 0x2D7F, 0x359F,
  0x2D7F, 0x357F, 0x357F, 0x359F, 0x359F, 0x359F, 0x2D7F, 0x2D7F, 0x357F, 0x357F, 0x357F, 0x359F, 0x2D9F, 0x2D9F, 0x2D9F, 0x2D9F,
  0x2D7F, 0x2D9F, 0x2D9F, 0x2D9F, 0x2D9F, 0x2D9F, 0x359F, 0x359F, 0x359F, 0x359F, 0x359F, 0x359F, 0x359F, 0x359F, 0x359F, 0x359F,
  0x359F, 0x359F, 0x359F, 0x359F, 0x359F, 0x359F, 0x359F, 0x359F, 0x359F, 0x359F, 0x359F, 0x359F, 0x359F, 0x359F, 0x359F, 0x359F,
  0x359F, 0x359F, 0x2D9F, 0x2D9F, 0x2D9F, 0x2D9F, 0x359F, 0x359F, 0x359F, 0x359F, 0x2D9F, 0x2D9F, 0x2D9F, 0x2D9F, 0x2D9F, 0x359F,
  0x2D9F, 0x359F, 0x2D9F, 0x359F, 0x2D9F, 0x359F, 0x359F, 0x2D9F, 0x2D9F, 0x2D9F, 0x2D9F, 0x2D9F, 0x359F, 0x359F, 0x359F, 0x359F,
  0x9EDF, 0xDF9F, 0xFFFF, 0xDF9F, 0xE79F, 0xE7BF, 0xDF9F, 0xD79F, 0xDF9F, 0xC75F, 0xAF1F, 0xA71F, 0xAF1F, 0xAF3F, 0xAF3F, 0xAF3F,
  0xBF5F, 0xBF5F, 0xB73F, 0xB73F, 0xAF1F, 0xAF1F, 0xAF1F, 0xAF1F, 0xA71F, 0xAF1F, 0xAF1F, 0xA71F, 0xAF1F, 0xBF3F, 0xDF9F, 0xE79F,
  0xDF9F, 0xAF1F, 0xAF1F, 0xB73F, 0xCF7F, 0xCF7F, 0xDF9F, 0xDF9F, 0xBF3F, 0xAF1F, 0xA71F, 0xAF1F, 0xA71F, 0x8EBF, 0x96DF, 0x9EFF,
  0x55FF, 0x3D9F, 0x2D7F, 0x255F, 0x255F, 0x255F, 0x2D7F, 0x359F, 0x357F, 0x357F, 0x359F, 0x2D9F, 0x2D9F, 0x359F, 0x2D9F, 0x2D7F,
  0x2D7F, 0x2D9F, 0x2D9F, 0x2D9F, 0x2D9F, 0x2D9F, 0x2D9F, 0x359F, 0x359F, 0x359F, 0x359F, 0x359F, 0x359F, 0x359F, 0x359F, 0x359F,
  0x359F, 0x359F, 0x359F, 0x359F, 0x2D9F, 0x2D9F, 0x2D9F, 0x2D9F, 0x2D9F, 0x359F, 0x359F, 0x359F, 0x359F, 0x359F, 0x359F, 0x359F,
  0x359F, 0x359F, 0x2D9F, 0x2D7F, 0x2D9F, 0x2D9F, 0x2D9F, 0x2D9F, 0x2D9F, 0x359F, 0x359F, 0x359F, 0x2D9F, 0x2D9F, 0x2D9F, 0x359F,
  0x359F, 0x2D9F, 0x2D9F, 0x359F, 0x359F, 0x2D9F, 0x359F, 0x2D9F, 0x2D9F, 0x2D9F, 0x2D9F, 0x2D9F, 0x2D9F, 0x359F, 0x359F, 0x359F,
  0xC75F, 0xCF7F, 0xCF7F, 0xBF5F, 0xC75F, 0xBF5F, 0xBF5F, 0xC75F, 0xC75F, 0xAF1F, 0xA6FF, 0xA6FF, 0xA71F, 0xA71F, 0xA71F, 0xA6FF,
  0xA71F, 0xA6FF, 0xA6FF, 0xA6FF, 0xA6FF, 0xA6FF, 0xAF1F, 0xAF1F, 0xAF1F, 0xAF1F, 0xAF1F, 0xA71F, 0xA71F, 0xAF1F, 0xBF3F, 0xC75F,
  0xBF5F, 0xB73F, 0xAF1F, 0xB73F, 0xB73F, 0xBF5F, 0xC75F, 0xBF5F, 0xAF1F, 0xAF1F, 0xB73F, 0xB73F, 0xB73F, 0xB73F, 0xBF5F, 0xBF5F,
  0x767F, 0x45DF, 0x45DF, 0x869F, 0x7E7F, 0x7E9F, 0x3DBF, 0x2D7F, 0x357F, 0x357F, 0x2D9F, 0x359F, 0x359F, 0x359F, 0x2D9F, 0x2D9F,
  0x2D9F, 0x359F, 0x359F, 0x2D9F, 0x2D9F, 0x2D9F, 0x2D9F, 0x359F, 0x359F, 0x359F, 0x359F, 0x359F, 0x359F, 0x359F, 0x359F, 0x359F,
  0x359F, 0x359F, 0x359F, 0x2D9F, 0x2D9F, 0x2D9F, 0x2D9F, 0x2D7F, 0x2D7F, 0x2D9F, 0x359F, 0x359F, 0x359F, 0x359F, 0x359F, 0x359F,
  0x359F, 0x2D9F, 0x2D9F, 0x2D9F, 0x2D9F, 0x2D9F, 0x2D9F, 0x2D9F, 0x359F, 0x359F, 0x359F, 0x359F, 0x359F, 0x359F, 0x2D9F, 0x359F,
  0x359F, 0x359F, 0x359F, 0x2D9F, 0x359F, 0x359F, 0x359F, 0x359F, 0x2D9F, 0x2D7F, 0x2D9F, 0x2D9F, 0x2D9F, 0x359F, 0x359F, 0x359F,
  0x4DFF, 0x4DFF, 0x4DFF, 0x55FF, 0x55FF, 0x55FF, 0x55FF, 0x55FF, 0x4DFF, 0x96DF, 0xB73F, 0xAF1F, 0xAF1F, 0xAF1F, 0xAF1F, 0xA71F,
  0xAF1F, 0xA71F, 0xA6FF, 0xA71F, 0xAF1F, 0xAF1F, 0xA6FF, 0x9EFF, 0xA71F, 0xAF1F, 0xAF1F, 0xAF1F, 0xAF1F, 0xAF1F, 0xA6FF, 0x7E7F,
  0x7E7F, 0x7E9F, 0x7E9F, 0x869F, 0x7E9F, 0x7E9F, 0x7E9F, 0x869F, 0x869F, 0x869F, 0x869F, 0x869F, 0x869F, 0x869F, 0x7E9F, 0x767F,
  0x357F, 0x2D7F, 0x4DFF, 0xA6FF, 0x9EFF, 0x9EDF, 0x3DBF, 0x2D7F, 0x359F, 0x359F, 0x357F, 0x359F, 0x359F, 0x359F, 0x359F, 0x359F,
  0x359F, 0x359F, 0x359F, 0x2D9F, 0x2D7F, 0x2D9F, 0x359F, 0x359F, 0x359F, 0x359F, 0x359F, 0x359F, 0x359F, 0x359F, 0x359F, 0x359F,
  0x359F, 0x359F, 0x359F, 0x359F, 0x359F, 0x2D9F, 0x2D7F, 0x2D7F, 0x2D7F, 0x2D7F, 0x2D9F, 0x357F, 0x359F, 0x359F, 0x359F, 0x359F,
  0x359F, 0x359F, 0x359F, 0x2D9F, 0x2D9F, 0x2D9F, 0x2D9F, 0x2D9F, 0x359F, 0x359F, 0x359F, 0x359F, 0x359F, 0x359F, 0x359F, 0x359F,
  0x359F, 0x359F, 0x359F, 0x359F, 0x359F, 0x359F, 0x359F, 0x359F, 0x2D9F, 0x2D7F, 0x2D7F, 0x359F, 0x359F, 0x359F, 0x359F, 0x359F,
  0x2D7F, 0x2D7F, 0x2D7F, 0x2D7F, 0x2D9F, 0x2D9F, 0x2D7F, 0x2D7F, 0x257F, 0x767F, 0x9EFF, 0x96DF, 0x96DF, 0x96DF, 0x9EDF, 0xA71F,
  0xA71F, 0xA71F, 0xA71F, 0xA6FF, 0xA71F, 0x96DF, 0x45BF, 0x3DBF, 0x96DF, 0xA71F, 0xA71F, 0xAF1F, 0xA6FF, 0xA6FF, 0x9EFF, 0x359F,
  0x2D7F, 0x2D7F, 0x2D7F, 0x2D7F, 0x2D7F, 0x2D7F, 0x2D7F, 0x2D7F, 0x2D7F, 0x2D7F, 0x2D7F, 0x2D7F, 0x2D7F, 0x2D7F, 0x2D7F, 0x2D7F,
  0x359F, 0x359F, 0x2D7F, 0x257F, 0x255F, 0x257F, 0x2D7F, 0x359F, 0x359F, 0x359F, 0x359F, 0x359F, 0x359F, 0x359F, 0x359F, 0x359F,
  0x359F, 0x2D9F, 0x2D9F, 0x359F, 0x359F, 0x359F, 0x359F, 0x359F, 0x359F, 0x359F, 0x359F, 0x359F, 0x359F, 0x359F, 0x359F, 0x359F,
  0x359F, 0x359F, 0x359F, 0x359F, 0x359F, 0x2D7F, 0x2D9F, 0x2D7F, 0x2D7F, 0x2D9F, 0x2D7F, 0x359F, 0x359F, 0x2D9F, 0x359F, 0x359F,
  0x359F, 0x359F, 0x359F, 0x359F, 0x359F, 0x2D9F, 0x2D9F, 0x359F, 0x359F, 0x359F, 0x359F, 0x359F, 0x359F, 0x359F, 0x359F, 0x359F,
  0x359F, 0x2D9F, 0x2D9F, 0x359F, 0x2D9F, 0x359F, 0x359F, 0x359F, 0x2D9F, 0x2D9F, 0x2D9F, 0x359F, 0x359F, 0x359F, 0x359F, 0x359F,
  0x359F, 0x359F, 0x359F, 0x359F, 0x359F, 0x359F, 0x359F, 0x359F, 0x359F, 0x359F, 0x359F, 0x359F, 0x359F, 0x359F, 0x45DF, 0xAF1F,
  0xAF1F, 0xAF1F, 0xA71F, 0x45DF, 0x3DBF, 0x3DBF, 0x2D7F, 0x2D7F, 0x3DBF, 0x45BF, 0x3DBF, 0x45BF, 0x3D9F, 0x3DBF, 0x3DBF, 0x359F,
  0x359F, 0x359F, 0x359F, 0x359F, 0x359F, 0x359F, 0x359F, 0x359F, 0x359F, 0x359F, 0x359F, 0x359F, 0x359F, 0x359F, 0x359F, 0x359F,
  0x359F, 0x359F, 0x359F, 0x359F, 0x359F, 0x359F, 0x359F, 0x359F, 0x359F, 0x359F, 0x359F, 0x359F, 0x359F, 0x359F, 0x359F, 0x359F,
  0x2D7F, 0x357F, 0x359F, 0x359F, 0x359F, 0x359F, 0x359F, 0x359F, 0x359F, 0x359F, 0x359F, 0x359F, 0x359F, 0x359F, 0x359F, 0x359F,
  0x359F, 0x359F, 0x359F, 0x359F, 0x359F, 0x359F, 0x2D7F, 0x2D7F, 0x2D9F, 0x359F, 0x2D9F, 0x2D9F, 0x359F, 0x359F, 0x359F, 0x359F,
  0x359F, 0x359F, 0x359F, 0x359F, 0x2D9F, 0x2D9F, 0x2D9F, 0x2D9F, 0x2D9F, 0x359F, 0x359F, 0x359F, 0x359F, 0x359F, 0x2D9F, 0x2D9F,
  0x2D9F, 0x2D9F, 0x2D9F, 0x359F, 0x359F, 0x359F, 0x359F, 0x359F, 0x359F, 0x359F, 0x359F, 0x359F, 0x359F, 0x359F, 0x2D9F, 0x2D9F,
  0x359F, 0x359F, 0x359F, 0x359F, 0x359F, 0x359F, 0x359F, 0x359F, 0x359F, 0x359F, 0x359F, 0x359F, 0x359F, 0x2D9F, 0x359F, 0x4DFF,
  0x4DFF, 0x4DFF, 0x4DDF, 0x359F, 0x2D9F, 0x2D9F, 0x359F, 0x359F, 0x2D7F, 0x2D7F, 0x2D7F, 0x2D7F, 0x2D7F, 0x2D7F, 0x2D7F, 0x359F,
  0x359F, 0x359F, 0x359F, 0x359F, 0x359F, 0x359F, 0x359F, 0x359F, 0x359F, 0x359F, 0x359F, 0x359F, 0x359F, 0x359F, 0x359F, 0x359F,
  0x359F, 0x357F, 0x357F, 0x357F, 0x357F, 0x357F, 0x357F, 0x359F, 0x359F, 0x359F, 0x359F, 0x359F, 0x359F, 0x359F, 0x357F, 0x359F,
  0x359F, 0x2D7F, 0x359F, 0x359F, 0x359F, 0x359F, 0x359F, 0x359F, 0x359F, 0x359F, 0x359F, 0x359F, 0x359F, 0x359F, 0x359F, 0x359F,
  0x359F, 0x359F, 0x359F, 0x359F, 0x359F, 0x359F, 0x359F, 0x359F, 0x359F, 0x2D7F, 0x2D9F, 0x2D9F, 0x2D9F, 0x2D9F, 0x2D9F, 0x359F,
  0x359F, 0x359F, 0x359F, 0x2D9F, 0x2D9F, 0x2D9F, 0x2D9F, 0x2D9F, 0x2D7F, 0x359F, 0x2D9F, 0x2D9F, 0x359F, 0x2D9F, 0x2D7F, 0x2D9F,
  0x2D9F, 0x2D9F, 0x2D9F, 0x359F, 0x359F, 0x359F, 0x359F, 0x359F, 0x359F, 0x359F, 0x359F, 0x359F, 0x359F, 0x359F, 0x2D9F, 0x2D9F,
  0x359F, 0x359F, 0x359F, 0x359F, 0x2D9F, 0x359F, 0x359F, 0x359F, 0x359F, 0x359F, 0x359F, 0x359F, 0x359F, 0x359F, 0x359F, 0x2D7F,
  0x2D7F, 0x2D7F, 0x2D7F, 0x359F, 0x359F, 0x359F, 0x359F, 0x359F, 0x359F, 0x359F, 0x359F, 0x359F, 0x359F, 0x359F, 0x359F, 0x359F,
  0x359F, 0x359F, 0x359F, 0x359F, 0x359F, 0x359F, 0x359F, 0x359F, 0x359F, 0x359F, 0x359F, 0x359F, 0x359F, 0x359F, 0x357F, 0x357F,
  0x357F, 0x357F, 0x357F, 0x357F, 0x357F, 0x357F, 0x359F, 0x359F, 0x359F, 0x359F, 0x359F, 0x359F, 0x359F, 0x359F, 0x359F, 0x359F,
  0x359F, 0x357F, 0x359F, 0x359F, 0x359F, 0x359F, 0x359F, 0x359F, 0x359F, 0x359F, 0x359F, 0x359F, 0x359F, 0x359F, 0x359F, 0x359F,
  0x359F, 0x359F, 0x359F, 0x359F, 0x359F, 0x359F, 0x359F, 0x359F, 0x359F, 0x2D9F, 0x2D9F, 0x2D9F, 0x2D9F, 0x2D9F, 0x2D9F, 0x2D9F,
  0x2D9F, 0x359F, 0x359F, 0x2D9F, 0x2D7F, 0x2D7F, 0x2D7F, 0x2D7F, 0x2D7F, 0x2D7F, 0x2D7F, 0x2D7F, 0x2D9F, 0x2D9F, 0x2D7F, 0x2D9F,
  0x2D9F, 0x2D9F, 0x2D9F, 0x359F, 0x359F, 0x359F, 0x359F, 0x359F, 0x359F, 0x359F, 0x359F, 0x359F, 0x359F, 0x359F, 0x2D9F, 0x2D9F,
  0x359F, 0x359F, 0x359F, 0x2D9F, 0x2D9F, 0x359F, 0x359F, 0x359F, 0x359F, 0x359F, 0x359F, 0x359F, 0x359F, 0x359F, 0x359F, 0x359F,
  0x359F, 0x359F, 0x359F, 0x359F, 0x359F, 0x359F, 0x359F, 0x359F, 0x359F, 0x359F, 0x359F, 0x359F, 0x359F, 0x359F, 0x359F, 0x359F,
  0x359F, 0x359F, 0x359F, 0x359F, 0x359F, 0x359F, 0x359F, 0x359F, 0x359F, 0x359F, 0x359F, 0x359F, 0x359F, 0x359F, 0x359F, 0x357F,
  0x359F, 0x359F, 0x357F, 0x357F, 0x357F, 0x357F, 0x357F, 0x359F, 0x359F, 0x359F, 0x359F, 0x357F, 0x357F, 0x359F, 0x359F, 0x359F,
  0x357F, 0x357F, 0x359F, 0x359F, 0x359F, 0x359F, 0x359F, 0x359F, 0x359F, 0x359F, 0x359F, 0x359F, 0x357F, 0x359F, 0x359F, 0x359F,
  0x359F, 0x359F, 0x2D9F, 0x359F, 0x359F, 0x359F, 0x359F, 0x359F, 0x359F, 0x359F, 0x359F, 0x2D9F, 0x359F, 0x2D7F, 0x2D9F, 0x2D7F,
  0x2D7F, 0x2D9F, 0x2D9F, 0x359F, 0x2D9F, 0x2D9F, 0x2D7F, 0x2D9F, 0x2D7F, 0x2D7F, 0x2D7F, 0x2D7F, 0x2D7F, 0x2D9F, 0x2D9F, 0x2D9F,
  0x2D9F, 0x2D9F, 0x359F, 0x359F, 0x359F, 0x359F, 0x359F, 0x359F, 0x359F, 0x359F, 0x359F, 0x359F, 0x359F, 0x2D9F, 0x2D9F, 0x2D9F,
  0x359F, 0x359F, 0x359F, 0x359F, 0x2D7F, 0x2D7F, 0x2D9F, 0x359F, 0x359F, 0x359F, 0x359F, 0x359F, 0x359F, 0x359F, 0x359F, 0x359F,
  0x359F, 0x359F, 0x359F, 0x359F, 0x359F, 0x359F, 0x359F, 0x359F, 0x359F, 0x359F, 0x359F, 0x359F, 0x359F, 0x359F, 0x359F, 0x359F,
  0x359F, 0x359F, 0x359F, 0x359F, 0x359F, 0x359F, 0x359F, 0x359F, 0x359F, 0x359F, 0x359F, 0x359F, 0x359F, 0x359F, 0x357F, 0x2D7F,
  0x357F, 0x357F, 0x357F, 0x357F, 0x357F, 0x357F, 0x357F, 0x359F, 0x359F, 0x359F, 0x359F, 0x357F, 0x359F, 0x359F, 0x357F, 0x359F,
  0x359F, 0x359F, 0x359F, 0x359F, 0x359F, 0x359F, 0x359F, 0x359F, 0x359F, 0x359F, 0x359F, 0x359F, 0x359F, 0x359F, 0x359F, 0x359F,
  0x359F, 0x357F, 0x2D7F, 0x2D9F, 0x359F, 0x359F, 0x359F, 0x359F, 0x357F, 0x2D9F, 0x359F, 0x357F, 0x357F, 0x2D9F, 0x2D9F, 0x2D9F,
  0x2D9F, 0x359F, 0x359F, 0x359F, 0x2D9F, 0x2D9F, 0x2D7F, 0x2D9F, 0x2D7F, 0x2D7F, 0x2D7F, 0x2D7F, 0x2D7F, 0x2D9F, 0x2D9F, 0x357F,
  0x2D9F, 0x2D7F, 0x2D9F, 0x359F, 0x359F, 0x359F, 0x359F, 0x359F, 0x359F, 0x359F, 0x359F, 0x2D9F, 0x359F, 0x2D9F, 0x2D9F, 0x2D9F,
  0x359F, 0x359F, 0x359F, 0x359F, 0x357F, 0x357F, 0x2D7F, 0x359F, 0x2D9F, 0x359F, 0x359F, 0x359F, 0x359F, 0x359F, 0x359F, 0x359F,
  0x359F, 0x359F, 0x359F, 0x359F, 0x359F, 0x359F, 0x359F, 0x359F, 0x359F, 0x359F, 0x359F, 0x359F, 0x359F, 0x359F, 0x359F, 0x359F,
  0x359F, 0x359F, 0x359F, 0x357F, 0x359F, 0x359F, 0x359F, 0x359F, 0x359F, 0x359F, 0x359F, 0x359F, 0x359F, 0x357F, 0x357F, 0x357F,
  0x357F, 0x357F, 0x357F, 0x357F, 0x357F, 0x357F, 0x357F, 0x359F, 0x359F, 0x359F, 0x359F, 0x359F, 0x359F, 0x359F, 0x357F, 0x357F,
  0x359F, 0x359F, 0x359F, 0x359F, 0x359F, 0x359F, 0x359F, 0x359F, 0x359F, 0x359F, 0x359F, 0x359F, 0x359F, 0x359F, 0x359F, 0x359F,
  0x359F, 0x2D9F, 0x2D9F, 0x2D9F, 0x359F, 0x359F, 0x359F, 0x359F, 0x359F, 0x359F, 0x2D7F, 0x359F, 0x359F, 0x359F, 0x2D7F, 0x2D7F,
  0x2D9F, 0x2D9F, 0x2D9F, 0x359F, 0x2D7F, 0x2D7F, 0x2D9F, 0x2D7F, 0x2D7F, 0x2D7F, 0x2D7F, 0x2D7F, 0x2D7F, 0x2D7F, 0x2D7F, 0x359F,
  0x359F, 0x2D9F, 0x359F, 0x359F, 0x2D7F, 0x2D7F, 0x2D9F, 0x359F, 0x359F, 0x359F, 0x359F, 0x2D9F, 0x2D9F, 0x2D9F, 0x2D9F, 0x2D9F,
  0x359F, 0x359F, 0x359F, 0x359F, 0x2D7F, 0x357F, 0x2D7F, 0x357F, 0x2D9F, 0x2D9F, 0x359F, 0x359F, 0x359F, 0x359F, 0x359F, 0x359F,
  0x359F, 0x359F, 0x359F, 0x359F, 0x359F, 0x359F, 0x359F, 0x359F, 0x359F, 0x357F, 0x357F, 0x2D7F, 0x357F, 0x2D7F, 0x357F, 0x357F,
  0x357F, 0x359F, 0x359F, 0x359F, 0x357F, 0x359F, 0x359F, 0x359F, 0x359F, 0x359F, 0x359F, 0x359F, 0x359F, 0x357F, 0x359F, 0x357F,
  0x357F, 0x357F, 0x357F, 0x357F, 0x357F, 0x357F, 0x357F, 0x357F, 0x359F, 0x357F, 0x359F, 0x359F, 0x359F, 0x357F, 0x357F, 0x2D7F,
  0x359F, 0x359F, 0x359F, 0x359F, 0x359F, 0x2D9F, 0x359F, 0x359F, 0x359F, 0x2D9F, 0x357F, 0x359F, 0x359F, 0x359F, 0x2D9F, 0x359F,
  0x359F, 0x2D9F, 0x2D9F, 0x359F, 0x2D9F, 0x2D7F, 0x357F, 0x2D9F, 0x357F, 0x359F, 0x359F, 0x359F, 0x2D7F, 0x2D7F, 0x2D7F, 0x359F,
  0x359F, 0x359F, 0x359F, 0x2D7F, 0x2D7F, 0x2D7F, 0x2D7F, 0x2D7F, 0x2D7F, 0x2D7F, 0x2D7F, 0x2D7F, 0x2D7F, 0x2D7F, 0x2D7F, 0x359F,
  0x359F, 0x359F, 0x359F, 0x2D7F, 0x35BF, 0x359F, 0x359F, 0x359F, 0x2D7F, 0x359F, 0x359F, 0x2D9F, 0x2D7F, 0x2D9F, 0x2D9F, 0x2D9F,
  0x359F, 0x359F, 0x359F, 0x357F, 0x2D7F, 0x359F, 0x359F, 0x2D7F, 0x2D7F, 0x2D9F, 0x2D9F, 0x359F, 0x359F, 0x359F, 0x359F, 0x359F,
  0x359F, 0x359F, 0x359F, 0x359F, 0x359F, 0x359F, 0x359F, 0x359F, 0x357F, 0x357F, 0x2D7F, 0x2D7F, 0x2D7F, 0x2D7F, 0x357F, 0x357F,
  0x357F, 0x359F, 0x359F, 0x359F, 0x359F, 0x359F, 0x359F, 0x359F, 0x359F, 0x359F, 0x359F, 0x359F, 0x359F, 0x359F, 0x359F, 0x357F,
  0x357F, 0x357F, 0x357F, 0x357F, 0x357F, 0x357F, 0x357F, 0x357F, 0x357F, 0x359F, 0x359F, 0x2D9F, 0x359F, 0x357F, 0x2D7F, 0x2D7F,
  0x359F, 0x2D7F, 0x357F, 0x2D9F, 0x2D9F, 0x357F, 0x2D9F, 0x359F, 0x359F, 0x2D7F, 0x2D7F, 0x359F, 0x359F, 0x2D7F, 0x359F, 0x2D9F,
  0x2D9F, 0x2D9F, 0x2D9F, 0x359F, 0x2D9F, 0x2D7F, 0x2D7F, 0x2D7F, 0x359F, 0x359F, 0x359F, 0x359F, 0x2D7F, 0x2D7F, 0x359F, 0x359F,
  0x359F, 0x359F, 0x359F, 0x2D7F, 0x2D7F, 0x2D7F, 0x2D7F, 0x2D7F, 0x2D7F, 0x2D7F, 0x2D7F, 0x2D7F, 0x2D7F, 0x2D7F, 0x2D9F, 0x359F,
  0x359F, 0x359F, 0x2D9F, 0x4DFF, 0xDF9F, 0xE7BF, 0xE7BF, 0x7E7F, 0x2D7F, 0x359F, 0x359F, 0x2D9F, 0x2D9F, 0x2D9F, 0x2D9F, 0x2D9F,
  0x359F, 0x359F, 0x359F, 0x359F, 0x2D9F, 0x357F, 0x359F, 0x359F, 0x2D9F, 0x2D9F, 0x359F, 0x359F, 0x359F, 0x359F, 0x359F, 0x359F,
  0x359F, 0x359F, 0x359F, 0x359F, 0x359F, 0x359F, 0x359F, 0x359F, 0x357F, 0x357F, 0x357F, 0x2D7F, 0x2D7F, 0x2D7F, 0x2D7F, 0x357F,
  0x357F, 0x359F, 0x359F, 0x359F, 0x359F, 0x359F, 0x359F, 0x359F, 0x359F, 0x359F, 0x359F, 0x357F, 0x359F, 0x359F, 0x359F, 0x359F,
  0x357F, 0x357F, 0x357F, 0x357F, 0x2D7F, 0x2D7F, 0x357F, 0x357F, 0x357F, 0x357F, 0x359F, 0x2D9F, 0x2D7F, 0x2D9F, 0x2D7F, 0x359F,
  0x2D9F, 0x2D7F, 0x357F, 0x2D7F, 0x2D9F, 0x359F, 0x357F, 0x2D9F, 0x2D9F, 0x2D9F, 0x2D7F, 0x2D7F, 0x357F, 0x357F, 0x359F, 0x2D7F,
  0x2D9F, 0x359F, 0x359F, 0x357F, 0x2D9F, 0x357F, 0x2D7F, 0x2D7F, 0x2D9F, 0x359F, 0x357F, 0x357F, 0x2D7F, 0x2D7F, 0x2D7F, 0x2D9F,
  0x2D9F, 0x2D7F, 0x2D7F, 0x2D7F, 0x2D7F, 0x2D7F, 0x2D7F, 0x2D9F, 0x2D7F, 0x2D7F, 0x2D7F, 0x2D7F, 0x2D7F, 0x2D7F, 0x2D7F, 0x2D7F,
  0x2D9F, 0x2D7F, 0x2D9F, 0xDF9F, 0xFFFF, 0xFFFF, 0xEFDF, 0xCF5F, 0x6E3F, 0x255F, 0x359F, 0x2D7F, 0x2D7F, 0x2D9F, 0x2D9F, 0x2D9F,
  0x359F, 0x2D9F, 0x2D7F, 0x2D7F, 0x2D9F, 0x359F, 0x359F, 0x359F, 0x359F, 0x359F, 0x359F, 0x359F, 0x359F, 0x359F, 0x359F, 0x359F,
  0x359F, 0x359F, 0x359F, 0x359F, 0x359F, 0x359F, 0x359F, 0x359F, 0x359F, 0x359F, 0x357F, 0x2D7F, 0x2D7F, 0x2D7F, 0x2D7F, 0x357F,
  0x357F, 0x359F, 0x359F, 0x359F, 0x359F, 0x359F, 0x359F, 0x359F, 0x359F, 0x359F, 0x359F, 0x359F, 0x359F, 0x359F, 0x359F, 0x359F,
  0x357F, 0x2D7F, 0x2D7F, 0x2D7F, 0x2D7F, 0x2D7F, 0x2D7F, 0x2D7F, 0x357F, 0x359F, 0x359F, 0x359F, 0x359F, 0x359F, 0x359F, 0x359F,
  0x359F, 0x2D7F, 0x359F, 0x357F, 0x359F, 0x359F, 0x357F, 0x2D9F, 0x2D7F, 0x2D7F, 0x2D7F, 0x2D7F, 0x357F, 0x359F, 0x357F, 0x357F,
  0x359F, 0x359F, 0x359F, 0x359F, 0x359F, 0x2D7F, 0x357F, 0x359F, 0x359F, 0x2D9F, 0x2D7F, 0x2D7F, 0x2D7F, 0x2D9F, 0x2D9F, 0x2D9F,
  0x2D7F, 0x2D9F, 0x2D9F, 0x359F, 0x2D7F, 0x2D7F, 0x2D9F, 0x2D7F, 0x2D9F, 0x2D7F, 0x359F, 0x359F, 0x359F, 0x359F, 0x257F, 0x6E5F,
  0xCF7F, 0xC75F, 0x9EDF, 0xEFBF, 0xFFFF, 0xEFDF, 0xC75F, 0xA71F, 0xA6FF, 0x663F, 0x2D7F, 0x359F, 0x359F, 0x359F, 0x359F, 0x2D9F,
  0x359F, 0x359F, 0x2D7F, 0x2D7F, 0x2D9F, 0x359F, 0x359F, 0x359F, 0x359F, 0x359F, 0x359F, 0x359F, 0x359F, 0x359F, 0x359F, 0x359F,
  0x359F, 0x359F, 0x359F, 0x359F, 0x359F, 0x359F, 0x359F, 0x357F, 0x357F, 0x359F, 0x357F, 0x357F, 0x2D7F, 0x2D7F, 0x357F, 0x357F,
  0x357F, 0x359F, 0x359F, 0x359F, 0x359F, 0x359F, 0x359F, 0x359F, 0x359F, 0x359F, 0x359F, 0x359F, 0x359F, 0x359F, 0x359F, 0x357F,
  0x357F, 0x2D7F, 0x2D7F, 0x2D7F, 0x2D7F, 0x357F, 0x357F, 0x357F, 0x359F, 0x359F, 0x359F, 0x2D9F, 0x359F, 0x359F, 0x359F, 0x359F,
  0x359F, 0x359F, 0x359F, 0x359F, 0x359F, 0x359F, 0x2D9F, 0x357F, 0x2D7F, 0x2D7F, 0x2D7F, 0x2D7F, 0x357F, 0x357F, 0x359F, 0x359F,
  0x359F, 0x359F, 0x359F, 0x359F, 0x359F, 0x359F, 0x359F, 0x359F, 0x359F, 0x357F, 0x2D9F, 0x2D9F, 0x2D9F, 0x2D9F, 0x2D9F, 0x359F,
  0x359F, 0x359F, 0x359F, 0x2D9F, 0x359F, 0x359F, 0x2D7F, 0x359F, 0x2D9F, 0x359F, 0x2D7F, 0x2D7F, 0x359F, 0x257F, 0x7E7F, 0xEFDF,
  0xFFFF, 0xFFFF, 0xF7DF, 0xB73F, 0xD79F, 0xC75F, 0xA6FF, 0xA6FF, 0xB73F, 0x767F, 0x1D5F, 0x255F, 0x257F, 0x2D7F, 0x359F, 0x359F,
  0x359F, 0x359F, 0x2D7F, 0x2D9F, 0x2D9F, 0x359F, 0x359F, 0x359F, 0x359F, 0x359F, 0x359F, 0x359F, 0x359F, 0x359F, 0x359F, 0x359F,
  0x359F, 0x359F, 0x359F, 0x359F, 0x359F, 0x359F, 0x359F, 0x357F, 0x357F, 0x357F, 0x357F, 0x357F, 0x2D7F, 0x2D7F, 0x357F, 0x357F,
  0x359F, 0x359F, 0x359F, 0x359F, 0x359F, 0x359F, 0x359F, 0x359F, 0x359F, 0x359F, 0x359F, 0x359F, 0x357F, 0x359F, 0x357F, 0x357F,
  0x2D7F, 0x2D7F, 0x357F, 0x2D7F, 0x357F, 0x357F, 0x359F, 0x359F, 0x359F, 0x359F, 0x359F, 0x359F, 0x359F, 0x359F, 0x359F, 0x359F,
  0x359F, 0x359F, 0x359F, 0x359F, 0x359F, 0x357F, 0x359F, 0x357F, 0x2D7F, 0x2D7F, 0x2D7F, 0x2D7F, 0x357F, 0x359F, 0x359F, 0x359F,
  0x357F, 0x2D9F, 0x359F, 0x359F, 0x359F, 0x359F, 0x359F, 0x359F, 0x359F, 0x2D7F, 0x2D9F, 0x359F, 0x359F, 0x359F, 0x359F, 0x359F,
  0x359F, 0x359F, 0x359F, 0x359F, 0x359F, 0x359F, 0x359F, 0x357F, 0x359F, 0x359F, 0x3DBF, 0x45DF, 0x45DF, 0x1D5F, 0x96BF, 0xFFFF,
  0xF7DF, 0xFFFF, 0xFFFF, 0xC75F, 0xB73F, 0xAF1F, 0xA6FF, 0xA71F, 0xAF1F, 0x8EDF, 0x869F, 0xA6FF, 0x9EFF, 0x45BF, 0x2D9F, 0x359F,
  0x359F, 0x359F, 0x359F, 0x2D9F, 0x359F, 0x359F, 0x359F, 0x359F, 0x359F, 0x359F, 0x359F, 0x359F, 0x359F, 0x359F, 0x359F, 0x359F,
  0x359F, 0x359F, 0x359F, 0x359F, 0x359F, 0x359F, 0x359F, 0x357F, 0x357F, 0x357F, 0x357F, 0x357F, 0x357F, 0x359F, 0x359F, 0x359F,
  0x359F, 0x359F, 0x359F, 0x359F, 0x359F, 0x359F, 0x359F, 0x359F, 0x359F, 0x359F, 0x359F, 0x359F, 0x359F, 0x359F, 0x359F, 0x359F,
  0x359F, 0x359F, 0x359F, 0x359F, 0x359F, 0x359F, 0x359F, 0x359F, 0x359F, 0x359F, 0x359F, 0x359F, 0x359F, 0x359F, 0x357F, 0x357F,
  0x359F, 0x359F, 0x359F, 0x359F, 0x359F, 0x359F, 0x359F, 0x359F, 0x357F, 0x2D7F, 0x2D7F, 0x359F, 0x357F, 0x359F, 0x359F, 0x359F,
  0x359F, 0x359F, 0x357F, 0x359F, 0x359F, 0x359F, 0x359F, 0x359F, 0x359F, 0x359F, 0x359F, 0x359F, 0x359F, 0x359F, 0x357F, 0x359F,
  0x359F, 0x359F, 0x357F, 0x357F, 0x357F, 0x2D7F, 0x357F, 0x359F, 0x2D7F, 0x257F, 0xC75F, 0xEFDF, 0xE79F, 0x8EBF, 0xC75F, 0xFFFF,
  0xF7DF, 0xDF9F, 0xD77F, 0xB73F, 0xAF1F, 0xA71F, 0xAF1F, 0xA71F, 0xA71F, 0xAF1F, 0xC75F, 0xD77F, 0xBF5F, 0x96DF, 0x3DDF, 0x2D9F,
  0x359F, 0x359F, 0x359F, 0x359F, 0x359F, 0x359F, 0x359F, 0x359F, 0x359F, 0x359F, 0x359F, 0x359F, 0x359F, 0x359F, 0x359F, 0x359F,
  0x359F, 0x359F, 0x359F, 0x359F, 0x359F, 0x359F, 0x359F, 0x359F, 0x359F, 0x357F, 0x357F, 0x357F, 0x357F, 0x357F, 0x357F, 0x357F,
  0x359F, 0x359F, 0x359F, 0x359F, 0x359F, 0x359F, 0x359F, 0x359F, 0x359F, 0x359F, 0x359F, 0x359F, 0x359F, 0x359F, 0x359F, 0x359F,
  0x359F, 0x359F, 0x359F, 0x359F, 0x359F, 0x359F, 0x359F, 0x359F, 0x359F, 0x359F, 0x359F, 0x359F, 0x359F, 0x359F, 0x359F, 0x359F,
  0x359F, 0x359F, 0x359F, 0x359F, 0x359F, 0x359F, 0x359F, 0x359F, 0x359F, 0x359F, 0x2D7F, 0x2D7F, 0x2D7F, 0x359F, 0x359F, 0x359F,
  0x357F, 0x359F, 0x359F, 0x359F, 0x359F, 0x359F, 0x359F, 0x359F, 0x359F, 0x359F, 0x357F, 0x359F, 0x359F, 0x359F, 0x359F, 0x359F,
  0x357F, 0x357F, 0x357F, 0x357F, 0x357F, 0x359F, 0x359F, 0x359F, 0x35BF, 0x8EBF, 0xF7DF, 0xFFFF, 0xD79F, 0xDF9F, 0xE7BF, 0xEFDF,
  0xD79F, 0xAF1F, 0xA71F, 0xA71F, 0xA71F, 0xA71F, 0xA71F, 0xA71F, 0xA71F, 0xAF1F, 0xAF1F, 0xA71F, 0xA71F, 0xB73F, 0x9EFF, 0x9EFF,
  0x359F, 0x359F, 0x359F, 0x359F, 0x359F, 0x359F, 0x359F, 0x359F, 0x359F, 0x359F, 0x359F, 0x359F, 0x359F, 0x359F, 0x359F, 0x359F,
  0x359F, 0x359F, 0x359F, 0x359F, 0x359F, 0x359F, 0x359F, 0x359F, 0x359F, 0x359F, 0x359F, 0x357F, 0x357F, 0x357F, 0x357F, 0x357F,
  0x357F, 0x359F, 0x359F, 0x359F, 0x359F, 0x359F, 0x359F, 0x359F, 0x359F, 0x359F, 0x359F, 0x359F, 0x359F, 0x359F, 0x359F, 0x359F,
  0x357F, 0x359F, 0x359F, 0x357F, 0x359F, 0x359F, 0x359F, 0x359F, 0x2D9F, 0x359F, 0x359F, 0x359F, 0x359F, 0x359F, 0x359F, 0x359F,
  0x359F, 0x359F, 0x359F, 0x359F, 0x359F, 0x359F, 0x359F, 0x359F, 0x359F, 0x2D9F, 0x359F, 0x359F, 0x357F, 0x359F, 0x359F, 0x357F,
  0x357F, 0x357F, 0x359F, 0x357F, 0x359F, 0x359F, 0x359F, 0x359F, 0x359F, 0x359F, 0x2D9F, 0x359F, 0x359F, 0x359F, 0x359F, 0x359F,
  0x359F, 0x2D7F, 0x357F, 0x2D7F, 0x2D7F, 0x96BF, 0xAF1F, 0x7E7F, 0x55FF, 0xC75F, 0xAF1F, 0x9EFF, 0x9EFF, 0xA71F, 0xA6FF, 0xA6FF,
  0xA6FF, 0x9EFF, 0xAF1F, 0xAF1F, 0xAF1F, 0xAF1F, 0xAF1F, 0xAF1F, 0xAF1F, 0xAF1F, 0xAF1F, 0xA71F, 0x9EFF, 0x9EFF, 0xA71F, 0xA71F,
  0x357F, 0x359F, 0x359F, 0x359F, 0x359F, 0x359F, 0x359F, 0x359F, 0x359F, 0x359F, 0x359F, 0x359F, 0x359F, 0x359F, 0x359F, 0x359F,
  0x359F, 0x359F, 0x359F, 0x359F, 0x359F, 0x359F, 0x359F, 0x359F, 0x359F, 0x359F, 0x359F, 0x357F, 0x2D7F, 0x2D7F, 0x357F, 0x357F,
  0x357F, 0x357F, 0x359F, 0x359F, 0x359F, 0x359F, 0x359F, 0x359F, 0x359F, 0x359F, 0x359F, 0x359F, 0x359F, 0x359F, 0x359F, 0x359F,
  0x359F, 0x357F, 0x357F, 0x359F, 0x357F, 0x359F, 0x357F, 0x359F, 0x359F, 0x359F, 0x359F, 0x359F, 0x359F, 0x359F, 0x359F, 0x359F,
  0x359F, 0x359F, 0x359F, 0x359F, 0x359F, 0x359F, 0x359F, 0x359F, 0x359F, 0x359F, 0x359F, 0x359F, 0x357F, 0x359F, 0x359F, 0x359F,
  0x359F, 0x359F, 0x359F, 0x359F, 0x359F, 0x359F, 0x359F, 0x359F, 0x359F, 0x359F, 0x359F, 0x2D7F, 0x359F, 0x359F, 0x359F, 0x359F,
  0x2D9F, 0x359F, 0x357F, 0x2D7F, 0x2D7F, 0x3D9F, 0x3DBF, 0x3DBF, 0x359F, 0x359F, 0x359F, 0x359F, 0x359F, 0x359F, 0x359F, 0x359F,
  0x359F, 0x45DF, 0x9EFF, 0x9EFF, 0x9EFF, 0x9EFF, 0x9EFF, 0x9EFF, 0x9EFF, 0x9EFF, 0x9EFF, 0x869F, 0x359F, 0x35BF, 0x359F, 0x35BF,
  0x357F, 0x2D7F, 0x359F, 0x2D9F, 0x359F, 0x359F, 0x359F, 0x359F, 0x359F, 0x359F, 0x359F, 0x359F, 0x359F, 0x359F, 0x359F, 0x359F,
  0x359F, 0x359F, 0x359F, 0x359F, 0x359F, 0x359F, 0x359F, 0x359F, 0x359F, 0x359F, 0x357F, 0x357F, 0x2D7F, 0x2D7F, 0x357F, 0x357F,
  0x357F, 0x357F, 0x359F, 0x359F, 0x359F, 0x359F, 0x359F, 0x359F, 0x359F, 0x359F, 0x359F, 0x359F, 0x359F, 0x359F, 0x359F, 0x359F,
  0x359F, 0x357F, 0x357F, 0x357F, 0x359F, 0x357F, 0x359F, 0x359F, 0x359F, 0x359F, 0x359F, 0x359F, 0x359F, 0x359F, 0x359F, 0x359F,
  0x2D9F, 0x2D9F, 0x359F, 0x359F, 0x359F, 0x359F, 0x359F, 0x359F, 0x359F, 0x359F, 0x359F, 0x2D9F, 0x359F, 0x359F, 0x359F, 0x359F,
  0x359F, 0x359F, 0x359F, 0x357F, 0x359F, 0x359F, 0x359F, 0x359F, 0x359F, 0x359F, 0x359F, 0x359F, 0x359F, 0x359F, 0x359F, 0x359F,
  0x359F, 0x359F, 0x2D7F, 0x2D7F, 0x2D7F, 0x2D7F, 0x2D7F, 0x2D7F, 0x2D9F, 0x2D9F, 0x2D9F, 0x2D9F, 0x2D7F, 0x2D7F, 0x2D7F, 0x2D7F,
  0x2D7F, 0x2D9F, 0x359F, 0x359F, 0x359F, 0x359F, 0x359F, 0x359F, 0x359F, 0x359F, 0x35BF, 0x359F, 0x2D7F, 0x2D9F, 0x2D7F, 0x2D9F,
  0x359F, 0x357F, 0x357F, 0x359F, 0x359F, 0x359F, 0x359F, 0x359F, 0x359F, 0x359F, 0x359F, 0x359F, 0x359F, 0x359F, 0x359F, 0x359F,
  0x359F, 0x359F, 0x359F, 0x359F, 0x359F, 0x359F, 0x359F, 0x359F, 0x357F, 0x359F, 0x357F, 0x2D7F, 0x2D7F, 0x2D7F, 0x2D7F, 0x357F,
  0x357F, 0x357F, 0x359F, 0x359F, 0x359F, 0x359F, 0x359F, 0x359F, 0x359F, 0x359F, 0x359F, 0x359F, 0x359F, 0x359F, 0x357F, 0x359F,
  0x359F, 0x357F, 0x357F, 0x357F, 0x359F, 0x359F, 0x359F, 0x359F, 0x359F, 0x359F, 0x359F, 0x359F, 0x359F, 0x357F, 0x2D7F, 0x2D7F,
  0x2D9F, 0x359F, 0x359F, 0x359F, 0x359F, 0x359F, 0x359F, 0x359F, 0x359F, 0x359F, 0x359F, 0x359F, 0x359F, 0x359F, 0x359F, 0x359F,
  0x359F, 0x359F, 0x359F, 0x359F, 0x359F, 0x359F, 0x359F, 0x359F, 0x359F, 0x359F, 0x359F, 0x359F, 0x359F, 0x359F, 0x359F, 0x359F,
  0x2D9F, 0x2D9F, 0x2D7F, 0x2D7F, 0x2D7F, 0x2D9F, 0x2D9F, 0x2D9F, 0x2D9F, 0x359F, 0x359F, 0x359F, 0x2D9F, 0x2D9F, 0x2D9F, 0x2D9F,
  0x2D9F, 0x2D9F, 0x2D9F, 0x2D9F, 0x2D9F, 0x2D7F, 0x2D7F, 0x2D7F, 0x2D9F, 0x2D9F, 0x2D9F, 0x2D9F, 0x359F, 0x2D9F, 0x2D9F, 0x2D9F,
  0x359F, 0x359F, 0x359F, 0x359F, 0x359F, 0x359F, 0x359F, 0x359F, 0x359F, 0x359F, 0x359F, 0x359F, 0x359F, 0x359F, 0x359F, 0x359F,
  0x359F, 0x359F, 0x359F, 0x359F, 0x359F, 0x359F, 0x359F, 0x359F, 0x357F, 0x357F, 0x357F, 0x2D7F, 0x2D7F, 0x2D7F, 0x2D7F, 0x357F,
  0x357F, 0x357F, 0x359F, 0x359F, 0x359F, 0x359F, 0x359F, 0x359F, 0x359F, 0x359F, 0x359F, 0x359F, 0x359F, 0x359F, 0x359F, 0x359F,
  0x359F, 0x359F, 0x359F, 0x359F, 0x359F, 0x359F, 0x359F, 0x359F, 0x359F, 0x359F, 0x359F, 0x359F, 0x359F, 0x2D9F, 0x357F, 0x2D7F,
  0x359F, 0x359F, 0x359F, 0x359F, 0x359F, 0x359F, 0x359F, 0x359F, 0x359F, 0x359F, 0x359F, 0x359F, 0x359F, 0x359F, 0x359F, 0x359F,
  0x2D9F, 0x359F, 0x2D9F, 0x359F, 0x359F, 0x359F, 0x359F, 0x359F, 0x359F, 0x359F, 0x359F, 0x359F, 0x359F, 0x359F, 0x359F, 0x359F,
  0x359F, 0x359F, 0x2D7F, 0x2D7F, 0x2D7F, 0x2D7F, 0x2D7F, 0x2D9F, 0x2D9F, 0x2D9F, 0x2D9F, 0x2D9F, 0x2D9F, 0x2D9F, 0x2D9F, 0x2D7F,
  0x2D7F, 0x2D7F, 0x2D9F, 0x2D9F, 0x2D9F, 0x2D9F, 0x2D9F, 0x2D9F, 0x2D9F, 0x2D9F, 0x2D9F, 0x2D9F, 0x2D9F, 0x2D9F, 0x2D9F, 0x2D9F,
  0x359F, 0x359F, 0x359F, 0x359F, 0x359F, 0x359F, 0x359F, 0x359F, 0x359F, 0x359F, 0x359F, 0x359F, 0x359F, 0x359F, 0x359F, 0x359F,
  0x359F, 0x359F, 0x359F, 0x359F, 0x359F, 0x359F, 0x359F, 0x359F, 0x359F, 0x357F, 0x357F, 0x357F, 0x2D7F, 0x2D7F, 0x357F, 0x357F,
  0x357F, 0x359F, 0x359F, 0x359F, 0x359F, 0x359F, 0x359F, 0x359F, 0x359F, 0x359F, 0x359F, 0x359F, 0x359F, 0x359F, 0x359F, 0x359F,
  0x359F, 0x359F, 0x359F, 0x359F, 0x359F, 0x359F, 0x359F, 0x359F, 0x359F, 0x359F, 0x2D9F, 0x359F, 0x359F, 0x359F, 0x357F, 0x359F,
  0x359F, 0x359F, 0x359F, 0x359F, 0x359F, 0x359F, 0x359F, 0x359F, 0x359F, 0x359F, 0x359F, 0x359F, 0x359F, 0x359F, 0x359F, 0x359F,
  0x359F, 0x359F, 0x359F, 0x359F, 0x359F, 0x359F, 0x359F, 0x359F, 0x359F, 0x359F, 0x359F, 0x359F, 0x359F, 0x359F, 0x359F, 0x359F,
  0x359F, 0x359F, 0x359F, 0x2D9F, 0x2D9F, 0x2D7F, 0x2D7F, 0x2D9F, 0x2D7F, 0x2D7F, 0x2D9F, 0x2D7F, 0x2D7F, 0x2D9F, 0x2D7F, 0x2D9F,
  0x2D7F, 0x2D7F, 0x2D9F, 0x2D9F, 0x2D9F, 0x2D9F, 0x2D9F, 0x2D9F, 0x2D9F, 0x2D9F, 0x2D9F, 0x2D9F, 0x2D9F, 0x2D7F, 0x2D9F, 0x2D9F,
  0x359F, 0x2D9F, 0x2D9F, 0x2D9F, 0x2D9F, 0x359F, 0x359F, 0x359F, 0x359F, 0x359F, 0x359F, 0x359F, 0x359F, 0x359F, 0x359F, 0x359F,
  0x359F, 0x359F, 0x359F, 0x359F, 0x359F, 0x359F, 0x359F, 0x359F, 0x359F, 0x357F, 0x357F, 0x357F, 0x357F, 0x357F, 0x357F, 0x357F,
  0x359F, 0x359F, 0x359F, 0x359F, 0x359F, 0x359F, 0x359F, 0x359F, 0x359F, 0x359F, 0x359F, 0x359F, 0x359F, 0x359F, 0x359F, 0x359F,
  0x359F, 0x359F, 0x359F, 0x357F, 0x359F, 0x359F, 0x359F, 0x359F, 0x359F, 0x359F, 0x359F, 0x359F, 0x359F, 0x359F, 0x359F, 0x359F,
  0x359F, 0x359F, 0x359F, 0x359F, 0x359F, 0x359F, 0x359F, 0x359F, 0x359F, 0x359F, 0x359F, 0x359F, 0x359F, 0x357F, 0x2D9F, 0x359F,
  0x2D7F, 0x2D9F, 0x359F, 0x359F, 0x359F, 0x359F, 0x359F, 0x359F, 0x359F, 0x359F, 0x359F, 0x359F, 0x359F, 0x359F, 0x359F, 0x359F,
  0x359F, 0x359F, 0x2D9F, 0x2D9F, 0x2D9F, 0x2D9F, 0x2D7F, 0x2D7F, 0x2D7F, 0x2D7F, 0x2D7F, 0x2D7F, 0x2D7F, 0x2D7F, 0x2D7F, 0x2D9F,
  0x2D7F, 0x2D7F, 0x2D9F, 0x2D9F, 0x2D9F, 0x2D9F, 0x2D9F, 0x2D9F, 0x2D9F, 0x2D9F, 0x2D9F, 0x2D7F, 0x2D7F, 0x2D7F, 0x2D9F, 0x2D9F,
  0x359F, 0x2D7F, 0x2D7F, 0x2D9F, 0x2D9F, 0x2D9F, 0x2D9F, 0x359F, 0x359F, 0x359F, 0x359F, 0x359F, 0x359F, 0x359F, 0x359F, 0x359F,
  0x359F, 0x359F, 0x359F, 0x359F, 0x359F, 0x359F, 0x359F, 0x359F, 0x359F, 0x359F, 0x357F, 0x357F, 0x357F, 0x357F, 0x357F, 0x357F,
  0x357F, 0x359F, 0x359F, 0x359F, 0x359F, 0x359F, 0x359F, 0x359F, 0x359F, 0x359F, 0x359F, 0x359F, 0x359F, 0x359F, 0x359F, 0x359F,
  0x359F, 0x359F, 0x359F, 0x359F, 0x359F, 0x359F, 0x359F, 0x359F, 0x359F, 0x359F, 0x359F, 0x359F, 0x359F, 0x359F, 0x359F, 0x359F,
  0x359F, 0x359F, 0x359F, 0x359F, 0x359F, 0x359F, 0x359F, 0x359F, 0x359F, 0x359F, 0x359F, 0x359F, 0x2D9F, 0x357F, 0x2D7F, 0x2D9F,
  0x2D7F, 0x2D9F, 0x359F, 0x359F, 0x359F, 0x359F, 0x359F, 0x359F, 0x359F, 0x359F, 0x359F, 0x359F, 0x359F, 0x359F, 0x359F, 0x359F,
  0x359F, 0x359F, 0x2D9F, 0x2D9F, 0x2D9F, 0x2D9F, 0x2D9F, 0x2D9F, 0x2D7F, 0x2D7F, 0x2D7F, 0x2D7F, 0x2D7F, 0x2D7F, 0x2D7F, 0x2D7F,
  0x2D9F, 0x2D9F, 0x2D7F, 0x2D7F, 0x2D9F, 0x2D7F, 0x2D9F, 0x2D9F, 0x2D9F, 0x2D9F, 0x2D7F, 0x2D7F, 0x2D7F, 0x2D7F, 0x2D7F, 0x2D9F,
  0x357F, 0x359F, 0x2D9F, 0x2D9F, 0x2D7F, 0x2D9F, 0x357F, 0x359F, 0x359F, 0x359F, 0x359F, 0x359F, 0x359F, 0x359F, 0x359F, 0x359F,
  0x359F, 0x359F, 0x359F, 0x359F, 0x359F, 0x359F, 0x359F, 0x359F, 0x359F, 0x359F, 0x357F, 0x357F, 0x357F, 0x357F, 0x357F, 0x357F,
  0x357F, 0x359F, 0x359F, 0x359F, 0x359F, 0x359F, 0x359F, 0x359F, 0x359F, 0x359F, 0x359F, 0x359F, 0x359F, 0x359F, 0x359F, 0x357F,
  0x357F, 0x359F, 0x359F, 0x359F, 0x359F, 0x359F, 0x359F, 0x359F, 0x359F, 0x359F, 0x359F, 0x359F, 0x359F, 0x359F, 0x359F, 0x359F,
  0x359F, 0x359F, 0x359F, 0x359F, 0x359F, 0x359F, 0x359F, 0x359F, 0x359F, 0x359F, 0x359F, 0x359F, 0x2D9F, 0x2D7F, 0x2D7F, 0x2D9F,
  0x359F, 0x359F, 0x359F, 0x359F, 0x359F, 0x359F, 0x359F, 0x359F, 0x359F, 0x359F, 0x359F, 0x359F, 0x359F, 0x359F, 0x359F, 0x359F,
  0x359F, 0x2D9F, 0x359F, 0x2D9F, 0x2D9F, 0x2D9F, 0x2D7F, 0x2D9F, 0x357F, 0x2D9F, 0x357F, 0x357F, 0x2D7F, 0x2D7F, 0x2D7F, 0x2D7F,
  0x2D9F, 0x2D9F, 0x2D7F, 0x2D9F, 0x2D9F, 0x2D9F, 0x2D9F, 0x2D9F, 0x2D9F, 0x2D9F, 0x2D9F, 0x2D7F, 0x2D7F, 0x2D7F, 0x2D7F, 0x2D9F,
  0x357F, 0x359F, 0x2D7F, 0x2D7F, 0x2D9F, 0x2D7F, 0x357F, 0x359F, 0x359F, 0x359F, 0x359F, 0x359F, 0x359F, 0x359F, 0x359F, 0x359F,
  0x359F, 0x359F, 0x359F, 0x359F, 0x359F, 0x359F, 0x359F, 0x359F, 0x359F, 0x357F, 0x357F, 0x357F, 0x357F, 0x357F, 0x2D7F, 0x357F,
  0x357F, 0x359F, 0x359F, 0x359F, 0x359F, 0x359F, 0x359F, 0x359F, 0x359F, 0x359F, 0x359F, 0x359F, 0x357F, 0x357F, 0x359F, 0x357F,
  0x357F, 0x359F, 0x359F, 0x357F, 0x359F, 0x359F, 0x359F, 0x359F, 0x359F, 0x359F, 0x359F, 0x359F, 0x359F, 0x359F, 0x357F, 0x359F,
  0x359F, 0x359F, 0x2D7F, 0x359F, 0x359F, 0x2D7F, 0x359F, 0x359F, 0x359F, 0x359F, 0x359F, 0x359F, 0x2D7F, 0x2D7F, 0x2D7F, 0x2D7F,
  0x2D9F, 0x359F, 0x359F, 0x359F, 0x359F, 0x359F, 0x359F, 0x359F, 0x359F, 0x359F, 0x359F, 0x359F, 0x359F, 0x359F, 0x359F, 0x359F,
  0x359F, 0x359F, 0x357F, 0x359F, 0x2D9F, 0x2D9F, 0x359F, 0x2D9F, 0x359F, 0x359F, 0x2D7F, 0x357F, 0x2D7F, 0x2D7F, 0x2D7F, 0x2D9F,
  0x2D9F, 0x2D7F, 0x2D9F, 0x2D9F, 0x2D9F, 0x2D7F, 0x2D7F, 0x2D7F, 0x2D9F, 0x2D9F, 0x2D9F, 0x2D9F, 0x2D7F, 0x2D7F, 0x2D9F, 0x2D9F,
  0x357F, 0x357F, 0x2D7F, 0x2D7F, 0x2D7F, 0x2D7F, 0x359F, 0x2D9F, 0x359F, 0x359F, 0x359F, 0x359F, 0x359F, 0x359F, 0x359F, 0x359F,
  0x359F, 0x359F, 0x359F, 0x359F, 0x359F, 0x359F, 0x359F, 0x359F, 0x359F, 0x357F, 0x357F, 0x357F, 0x2D7F, 0x2D7F, 0x357F, 0x357F,
  0x357F, 0x359F, 0x359F, 0x359F, 0x359F, 0x359F, 0x359F, 0x359F, 0x359F, 0x359F, 0x359F, 0x357F, 0x357F, 0x359F, 0x2D7F, 0x357F,
  0x359F, 0x359F, 0x359F, 0x357F, 0x357F, 0x359F, 0x359F, 0x359F, 0x359F, 0x359F, 0x359F, 0x359F, 0x359F, 0x2D9F, 0x2D7F, 0x357F,
  0x2D7F, 0x359F, 0x359F, 0x359F, 0x359F, 0x2D7F, 0x359F, 0x2D9F, 0x2D9F, 0x359F, 0x2D9F, 0x2D7F, 0x2D7F, 0x2D7F, 0x2D7F, 0x357F,
  0x357F, 0x359F, 0x359F, 0x359F, 0x359F, 0x359F, 0x359F, 0x359F, 0x359F, 0x359F, 0x359F, 0x359F, 0x359F, 0x359F, 0x359F, 0x359F,
  0x359F, 0x2D9F, 0x359F, 0x359F, 0x359F, 0x359F, 0x359F, 0x2D9F, 0x2D9F, 0x2D7F, 0x2D7F, 0x2D9F, 0x2D7F, 0x2D7F, 0x2D9F, 0x2D9F,
  0x2D9F, 0x2D7F, 0x2D9F, 0x2D9F, 0x2D9F, 0x2D9F, 0x2D7F, 0x2D9F, 0x2D9F, 0x2D9F, 0x2D9F, 0x2D7F, 0x2D9F, 0x2D9F, 0x2D9F, 0x2D9F,
  0x357F, 0x357F, 0x357F, 0x2D9F, 0x2D9F, 0x359F, 0x359F, 0x359F, 0x359F, 0x359F, 0x359F, 0x359F, 0x359F, 0x359F, 0x359F, 0x359F,
  0x359F, 0x359F, 0x359F, 0x359F, 0x359F, 0x359F, 0x359F, 0x359F, 0x359F, 0x357F, 0x357F, 0x357F, 0x2D7F, 0x357F, 0x357F, 0x357F,
  0x357F, 0x359F, 0x359F, 0x359F, 0x359F, 0x359F, 0x359F, 0x359F, 0x359F, 0x359F, 0x359F, 0x357F, 0x357F, 0x357F, 0x357F, 0x357F,
  0x359F, 0x359F, 0x359F, 0x359F, 0x359F, 0x359F, 0x359F, 0x359F, 0x359F, 0x359F, 0x2D9F, 0x2D9F, 0x2D7F, 0x2D7F, 0x2D7F, 0x2D7F,
  0x357F, 0x2D7F, 0x357F, 0x359F, 0x359F, 0x2D7F, 0x2D9F, 0x2D7F, 0x359F, 0x359F, 0x357F, 0x2D7F, 0x2D7F, 0x357F, 0x359F, 0x2D9F,
  0x2D7F, 0x359F, 0x359F, 0x359F, 0x359F, 0x357F, 0x2D9F, 0x359F, 0x359F, 0x359F, 0x359F, 0x359F, 0x359F, 0x359F, 0x359F, 0x359F,
  0x359F, 0x359F, 0x359F, 0x359F, 0x359F, 0x359F, 0x359F, 0x359F, 0x359F, 0x359F, 0x2D7F, 0x2D9F, 0x2D9F, 0x359F, 0x359F, 0x357F,
  0x2D9F, 0x2D7F, 0x2D9F, 0x2D9F, 0x2D9F, 0x2D9F, 0x2D9F, 0x2D9F, 0x2D7F, 0x2D7F, 0x2D9F, 0x2D9F, 0x2D9F, 0x2D9F, 0x2D9F, 0x2D9F,
  0x359F, 0x359F, 0x359F, 0x2D9F, 0x359F, 0x359F, 0x359F, 0x359F, 0x359F, 0x359F, 0x359F, 0x359F, 0x359F, 0x359F, 0x359F, 0x359F,
  0x359F, 0x359F, 0x359F, 0x359F, 0x359F, 0x359F, 0x359F, 0x359F, 0x359F, 0x357F, 0x359F, 0x359F, 0x357F, 0x357F, 0x357F, 0x357F,
  0x357F, 0x357F, 0x357F, 0x359F, 0x359F, 0x359F, 0x359F, 0x359F, 0x359F, 0x359F, 0x359F, 0x359F, 0x357F, 0x2D7F, 0x357F, 0x359F,
  0x359F, 0x359F, 0x359F, 0x359F, 0x359F, 0x359F, 0x359F, 0x359F, 0x357F, 0x359F, 0x359F, 0x2D7F, 0x2D7F, 0x2D7F, 0x2D7F, 0x2D7F,
  0x357F, 0x2D7F, 0x359F, 0x359F, 0x359F, 0x359F, 0x359F, 0x2D7F, 0x2D9F, 0x2D9F, 0x357F, 0x2D9F, 0x2D7F, 0x2D7F, 0x2D7F, 0x2D9F,
  0x2D9F, 0x359F, 0x359F, 0x359F, 0x2D9F, 0x357F, 0x357F, 0x359F, 0x359F, 0x359F, 0x359F, 0x359F, 0x359F, 0x359F, 0x359F, 0x359F,
  0x359F, 0x359F, 0x359F, 0x359F, 0x359F, 0x359F, 0x359F, 0x359F, 0x2D9F, 0x2D9F, 0x2D9F, 0x2D7F, 0x2D9F, 0x2D9F, 0x359F, 0x359F,
  0x2D9F, 0x2D9F, 0x2D9F, 0x2D9F, 0x2D7F, 0x2D9F, 0x2D9F, 0x2D7F, 0x2D9F, 0x2D9F, 0x2D9F, 0x2D9F, 0x2D9F, 0x2D9F, 0x2D9F, 0x2D9F,
  0x359F, 0x359F, 0x359F, 0x359F, 0x2D9F, 0x359F, 0x359F, 0x359F, 0x359F, 0x359F, 0x359F, 0x359F, 0x359F, 0x359F, 0x359F, 0x359F,
  0x359F, 0x359F, 0x359F, 0x359F, 0x359F, 0x359F, 0x359F, 0x359F, 0x359F, 0x359F, 0x359F, 0x359F, 0x359F, 0x2D7F, 0x357F, 0x357F,
  0x357F, 0x357F, 0x357F, 0x359F, 0x359F, 0x359F, 0x359F, 0x359F, 0x359F, 0x359F, 0x359F, 0x359F, 0x359F, 0x359F, 0x359F, 0x359F,
  0x359F, 0x359F, 0x359F, 0x359F, 0x359F, 0x359F, 0x359F, 0x359F, 0x357F, 0x2D9F, 0x359F, 0x357F, 0x2D7F, 0x2D7F, 0x2D7F, 0x359F,
  0x357F, 0x359F, 0x359F, 0x359F, 0x2D9F, 0x357F, 0x359F, 0x359F, 0x2D7F, 0x2D7F, 0x2D7F, 0x2D7F, 0x2D7F, 0x2D7F, 0x2D7F, 0x2D7F,
  0x2D9F, 0x359F, 0x359F, 0x359F, 0x2D9F, 0x2D7F, 0x2D7F, 0x359F, 0x359F, 0x359F, 0x359F, 0x359F, 0x359F, 0x359F, 0x359F, 0x359F,
  0x359F, 0x359F, 0x359F, 0x359F, 0x359F, 0x359F, 0x359F, 0x359F, 0x359F, 0x2D9F, 0x359F, 0x359F, 0x2D9F, 0x359F, 0x2D7F, 0x359F,
  0x2D7F, 0x2D9F, 0x2D9F, 0x2D7F, 0x2D9F, 0x359F, 0x2D9F, 0x2D9F, 0x2D9F, 0x2D9F, 0x2D9F, 0x2D9F, 0x2D9F, 0x2D9F, 0x2D9F, 0x2D9F,
  0x359F, 0x359F, 0x359F, 0x359F, 0x2D9F, 0x359F, 0x359F, 0x359F, 0x359F, 0x359F, 0x359F, 0x359F, 0x359F, 0x359F, 0x359F, 0x359F,
  0x359F, 0x359F, 0x359F, 0x359F, 0x359F, 0x359F, 0x359F, 0x359F, 0x359F, 0x359F, 0x359F, 0x359F, 0x357F, 0x357F, 0x2D7F, 0x357F,
  0x357F, 0x357F, 0x357F, 0x359F, 0x359F, 0x359F, 0x359F, 0x359F, 0x359F, 0x359F, 0x359F, 0x359F, 0x359F, 0x359F, 0x359F, 0x359F,
  0x359F, 0x359F, 0x359F, 0x359F, 0x359F, 0x359F, 0x359F, 0x2D7F, 0x357F, 0x357F, 0x357F, 0x2D7F, 0x2D7F, 0x2D7F, 0x2D7F, 0x2D9F,
  0x359F, 0x359F, 0x359F, 0x359F, 0x2D9F, 0x357F, 0x2D9F, 0x359F, 0x359F, 0x2D9F, 0x357F, 0x357F, 0x359F, 0x2D7F, 0x2D7F, 0x2D7F,
  0x2D7F, 0x359F, 0x359F, 0x2D9F, 0x2D7F, 0x2D9F, 0x359F, 0x359F, 0x359F, 0x359F, 0x359F, 0x359F, 0x359F, 0x357F, 0x359F, 0x359F,
  0x359F, 0x359F, 0x359F, 0x359F, 0x359F, 0x359F, 0x357F, 0x359F, 0x359F, 0x359F, 0x359F, 0x2D9F, 0x359F, 0x359F, 0x2D9F, 0x2D9F,
  0x359F, 0x357F, 0x2D7F, 0x2D9F, 0x359F, 0x359F, 0x359F, 0x2D9F, 0x2D9F, 0x2D9F, 0x2D9F, 0x2D9F, 0x2D9F, 0x2D9F, 0x2D9F, 0x2D9F,
  0x359F, 0x359F, 0x359F, 0x359F, 0x359F, 0x359F, 0x359F, 0x359F, 0x359F, 0x359F, 0x359F, 0x359F, 0x359F, 0x359F, 0x359F, 0x359F,
  0x359F, 0x359F, 0x359F, 0x359F, 0x359F, 0x359F, 0x359F, 0x359F, 0x359F, 0x359F, 0x359F, 0x359F, 0x359F, 0x357F, 0x357F, 0x357F,
  0x357F, 0x357F, 0x357F, 0x357F, 0x359F, 0x359F, 0x359F, 0x359F, 0x359F, 0x359F, 0x359F, 0x359F, 0x359F, 0x359F, 0x359F, 0x359F,
  0x359F, 0x359F, 0x359F, 0x359F, 0x359F, 0x359F, 0x359F, 0x359F, 0x359F, 0x357F, 0x2D7F, 0x2D7F, 0x2D7F, 0x2D7F, 0x359F, 0x2D7F,
  0x359F, 0x359F, 0x359F, 0x2D9F, 0x359F, 0x359F, 0x359F, 0x359F, 0x359F, 0x359F, 0x359F, 0x359F, 0x357F, 0x2D7F, 0x2D7F, 0x2D7F,
  0x2D7F, 0x2D9F, 0x359F, 0x2D7F, 0x2D9F, 0x359F, 0x359F, 0x359F, 0x359F, 0x359F, 0x359F, 0x359F, 0x359F, 0x359F, 0x359F, 0x359F,
  0x359F, 0x359F, 0x359F, 0x359F, 0x2D9F, 0x359F, 0x359F, 0x359F, 0x359F, 0x359F, 0x359F, 0x359F, 0x2D9F, 0x2D9F, 0x2D9F, 0x2D9F,
  0x2D9F, 0x2D9F, 0x2D9F, 0x359F, 0x359F, 0x359F, 0x359F, 0x2D9F, 0x359F, 0x359F, 0x2D9F, 0x359F, 0x359F, 0x359F, 0x359F, 0x2D9F,
  0x359F, 0x359F, 0x359F, 0x359F, 0x359F, 0x359F, 0x359F, 0x359F, 0x359F, 0x359F, 0x359F, 0x359F, 0x359F, 0x359F, 0x359F, 0x359F,
  0x359F, 0x359F, 0x359F, 0x359F, 0x359F, 0x359F, 0x359F, 0x359F, 0x359F, 0x359F, 0x359F, 0x359F, 0x357F, 0x357F, 0x357F, 0x357F,
  0x357F, 0x357F, 0x357F, 0x357F, 0x357F, 0x359F, 0x359F, 0x359F, 0x359F, 0x359F, 0x359F, 0x359F, 0x359F, 0x359F, 0x359F, 0x359F,
  0x359F, 0x359F, 0x359F, 0x359F, 0x359F, 0x359F, 0x359F, 0x359F, 0x359F, 0x357F, 0x2D7F, 0x2D7F, 0x2D7F, 0x2D7F, 0x357F, 0x2D7F,
  0x2D7F, 0x359F, 0x359F, 0x359F, 0x359F, 0x359F, 0x359F, 0x359F, 0x359F, 0x359F, 0x359F, 0x359F, 0x359F, 0x359F, 0x2D9F, 0x2D9F,
  0x2D9F, 0x2D9F, 0x359F, 0x359F, 0x357F, 0x359F, 0x359F, 0x359F, 0x359F, 0x359F, 0x359F, 0x359F, 0x359F, 0x2D9F, 0x359F, 0x359F,
  0x359F, 0x359F, 0x2D7F, 0x2D9F, 0x2D9F, 0x2D9F, 0x359F, 0x359F, 0x359F, 0x359F, 0x2D9F, 0x2D9F, 0x359F, 0x359F, 0x359F, 0x2D9F,
  0x359F, 0x359F, 0x359F, 0x359F, 0x359F, 0x359F, 0x359F, 0x359F, 0x359F, 0x359F, 0x359F, 0x359F, 0x359F, 0x359F, 0x359F, 0x359F,
  0x2D9F, 0x2D9F, 0x359F, 0x359F, 0x359F, 0x359F, 0x359F, 0x359F, 0x359F, 0x359F, 0x359F, 0x359F, 0x359F, 0x359F, 0x359F, 0x2D7F,
  0x2D7F, 0x2D7F, 0x359F, 0x359F, 0x2D9F, 0x359F, 0x359F, 0x359F, 0x359F, 0x359F, 0x359F, 0x359F, 0x357F, 0x357F, 0x357F, 0x357F,
  0x357F, 0x357F, 0x359F, 0x357F, 0x357F, 0x359F, 0x359F, 0x359F, 0x359F, 0x359F, 0x359F, 0x359F, 0x359F, 0x359F, 0x359F, 0x359F,
  0x359F, 0x359F, 0x359F, 0x359F, 0x359F, 0x359F, 0x359F, 0x359F, 0x359F, 0x357F, 0x359F, 0x359F, 0x357F, 0x357F, 0x359F, 0x359F,
  0x357F, 0x359F, 0x359F, 0x359F, 0x359F, 0x359F, 0x359F, 0x359F, 0x359F, 0x359F, 0x359F, 0x359F, 0x359F, 0x359F, 0x2D9F, 0x2D7F,
  0x2D9F, 0x359F, 0x359F, 0x359F, 0x359F, 0x359F, 0x359F, 0x359F, 0x359F, 0x359F, 0x359F, 0x359F, 0x2D9F, 0x359F, 0x359F, 0x359F,
  0x359F, 0x359F, 0x359F, 0x2D9F, 0x2D9F, 0x2D9F, 0x2D7F, 0x2D7F, 0x359F, 0x357F, 0x357F, 0x2D9F, 0x359F, 0x359F, 0x359F, 0x359F,
  0x359F, 0x359F, 0x359F, 0x359F, 0x359F, 0x359F, 0x359F, 0x359F, 0x359F, 0x359F, 0x359F, 0x359F, 0x359F, 0x359F, 0x359F, 0x359F,
  0x359F, 0x359F, 0x359F, 0x359F, 0x359F, 0x359F, 0x359F, 0x359F, 0x359F, 0x359F, 0x359F, 0x359F, 0x359F, 0x359F, 0x45DF, 0x869F,
  0x8EBF, 0x5E1F, 0x2D7F, 0x2D9F, 0x359F, 0x359F, 0x2D7F, 0x2D7F, 0x359F, 0x359F, 0x359F, 0x359F, 0x359F, 0x359F, 0x357F, 0x357F,
  0x357F, 0x357F, 0x357F, 0x357F, 0x357F, 0x359F, 0x2D7F, 0x359F, 0x359F, 0x359F, 0x359F, 0x359F, 0x359F, 0x359F, 0x359F, 0x359F,
  0x359F, 0x359F, 0x359F, 0x359F, 0x359F, 0x359F, 0x359F, 0x359F, 0x2D9F, 0x2D9F, 0x2D9F, 0x359F, 0x359F, 0x359F, 0x359F, 0x359F,
  0x357F, 0x359F, 0x359F, 0x359F, 0x359F, 0x359F, 0x359F, 0x359F, 0x359F, 0x359F, 0x359F, 0x359F, 0x359F, 0x359F, 0x359F, 0x2D9F,
  0x2D9F, 0x359F, 0x359F, 0x359F, 0x359F, 0x2D9F, 0x359F, 0x359F, 0x2D9F, 0x2D9F, 0x359F, 0x359F, 0x2D9F, 0x359F, 0x2D9F, 0x2D9F,
  0x2D9F, 0x359F, 0x2D9F, 0x2D9F, 0x2D9F, 0x2D7F, 0x2D7F, 0x2D7F, 0x2D7F, 0x2D9F, 0x2D9F, 0x2D9F, 0x359F, 0x359F, 0x359F, 0x359F,
  0x2D9F, 0x359F, 0x359F, 0x2D9F, 0x359F, 0x359F, 0x359F, 0x359F, 0x2D7F, 0x2D7F, 0x2D7F, 0x2D7F, 0x359F, 0x359F, 0x359F, 0x359F,
  0x2D7F, 0x2D7F, 0x2D7F, 0x359F, 0x359F, 0x359F, 0x359F, 0x359F, 0x359F, 0x359F, 0x2D7F, 0x2D7F, 0x4DFF, 0x96DF, 0x9EFF, 0xAF1F,
  0xAF1F, 0xA71F, 0x869F, 0x767F, 0xA6FF, 0x9EFF, 0x5E1F, 0x359F, 0x2D7F, 0x2D7F, 0x2D7F, 0x2D7F, 0x2D7F, 0x357F, 0x357F, 0x357F,
  0x357F, 0x357F, 0x357F, 0x357F, 0x359F, 0x359F, 0x359F, 0x359F, 0x359F, 0x359F, 0x359F, 0x359F, 0x359F, 0x359F, 0x359F, 0x359F,
  0x359F, 0x359F, 0x359F, 0x359F, 0x359F, 0x359F, 0x359F, 0x357F, 0x2D9F, 0x2D9F, 0x2D7F, 0x359F, 0x357F, 0x2D9F, 0x359F, 0x2D7F,
  0x359F, 0x359F, 0x359F, 0x359F, 0x359F, 0x359F, 0x359F, 0x359F, 0x359F, 0x359F, 0x359F, 0x359F, 0x359F, 0x359F, 0x359F, 0x359F,
  0x359F, 0x359F, 0x359F, 0x359F, 0x359F, 0x2D9F, 0x359F, 0x359F, 0x359F, 0x2D7F, 0x357F, 0x359F, 0x2D9F, 0x359F, 0x2D9F, 0x2D9F,
  0x359F, 0x2D9F, 0x359F, 0x2D9F, 0x2D7F, 0x2D7F, 0x359F, 0x2D7F, 0x2D7F, 0x2D7F, 0x2D9F, 0x359F, 0x359F, 0x359F, 0x359F, 0x359F,
  0x359F, 0x359F, 0x2D9F, 0x359F, 0x2D7F, 0x2D7F, 0x2D7F, 0x2D7F, 0x4DFF, 0x7E9F, 0x7E9F, 0x6E5F, 0x359F, 0x2D7F, 0x2D7F, 0x2D7F,
  0x55FF, 0x55FF, 0x3DBF, 0x2D7F, 0x359F, 0x359F, 0x359F, 0x359F, 0x359F, 0x359F, 0x5E1F, 0x5E1F, 0xA71F, 0xB73F, 0xAF3F, 0xAF1F,
  0xAF1F, 0xAF3F, 0xB73F, 0xB73F, 0xB73F, 0xAF3F, 0xBF5F, 0xA6FF, 0x4DFF, 0x55FF, 0x5E1F, 0x561F, 0x359F, 0x2D7F, 0x357F, 0x357F,
  0x357F, 0x359F, 0x359F, 0x359F, 0x359F, 0x359F, 0x359F, 0x359F, 0x359F, 0x359F, 0x359F, 0x359F, 0x359F, 0x359F, 0x359F, 0x359F,
  0x359F, 0x359F, 0x359F, 0x359F, 0x359F, 0x359F, 0x359F, 0x359F, 0x359F, 0x359F, 0x359F, 0x357F, 0x357F, 0x2D7F, 0x2D7F, 0x359F,
  0x359F, 0x359F, 0x359F, 0x359F, 0x359F, 0x359F, 0x359F, 0x359F, 0x359F, 0x359F, 0x359F, 0x359F, 0x359F, 0x359F, 0x359F, 0x359F,
  0x359F, 0x359F, 0x2D9F, 0x2D9F, 0x2D9F, 0x2D9F, 0x2D9F, 0x2D9F, 0x2D9F, 0x359F, 0x359F, 0x2D7F, 0x357F, 0x2D7F, 0x359F, 0x359F,
  0x359F, 0x359F, 0x359F, 0x2D9F, 0x359F, 0x2D7F, 0x2D7F, 0x2D7F, 0x2D7F, 0x2D7F, 0x2D7F, 0x2D9F, 0x359F, 0x359F, 0x359F, 0x359F,
  0x359F, 0x359F, 0x359F, 0x2D7F, 0x45BF, 0x5E1F, 0x3DBF, 0x663F, 0xB73F, 0xB73F, 0xB73F, 0xB73F, 0x7E9F, 0x4DFF, 0x561F, 0x55FF,
  0xAF1F, 0xB73F, 0x767F, 0x3DBF, 0x2D7F, 0x359F, 0x359F, 0x359F, 0x2D7F, 0x3DBF, 0x9EDF, 0x96BF, 0x8EBF, 0x8EBF, 0x8EBF, 0x8EBF,
  0x8EDF, 0x8EBF, 0x8EBF, 0x8EDF, 0x8EBF, 0x8EBF, 0x8EBF, 0x96DF, 0x869F, 0x869F, 0x96DF, 0x96DF, 0x45BF, 0x2D7F, 0x359F, 0x357F,
  0x359F, 0x359F, 0x359F, 0x359F, 0x359F, 0x359F, 0x359F, 0x359F, 0x359F, 0x359F, 0x359F, 0x359F, 0x359F, 0x359F, 0x359F, 0x359F,
  0x359F, 0x359F, 0x359F, 0x359F, 0x359F, 0x359F, 0x359F, 0x359F, 0x359F, 0x359F, 0x359F, 0x2D7F, 0x357F, 0x2D7F, 0x2D7F, 0x2D9F,
  0x359F, 0x359F, 0x359F, 0x359F, 0x359F, 0x359F, 0x359F, 0x359F, 0x359F, 0x359F, 0x359F, 0x359F, 0x359F, 0x359F, 0x359F, 0x359F,
  0x359F, 0x359F, 0x359F, 0x2D7F, 0x359F, 0x2D9F, 0x2D9F, 0x2D9F, 0x2D9F, 0x359F, 0x359F, 0x359F, 0x359F, 0x359F, 0x359F, 0x359F,
  0x359F, 0x2D7F, 0x2D7F, 0x359F, 0x359F, 0x359F, 0x359F, 0x359F, 0x357F, 0x357F, 0x359F, 0x2D9F, 0x359F, 0x359F, 0x359F, 0x359F,
  0x359F, 0x359F, 0x359F, 0x2D7F, 0x5E1F, 0x9EDF, 0x5E3F, 0x8EBF, 0x8EBF, 0x8EBF, 0x8EBF, 0x8EBF, 0x8EBF, 0x8EBF, 0x8EDF, 0x8EDF,
  0xA71F, 0xA6FF, 0xAF1F, 0x8EBF, 0x3DBF, 0x359F, 0x357F, 0x359F, 0x359F, 0x359F, 0x2D7F, 0x2D7F, 0x2D7F, 0x2D9F, 0x2D9F, 0x2D9F,
  0x2D9F, 0x2D9F, 0x2D9F, 0x2D9F, 0x2D9F, 0x2D9F, 0x2D7F, 0x2D7F, 0x2D7F, 0x2D7F, 0x2D7F, 0x2D7F, 0x359F, 0x359F, 0x359F, 0x359F,
  0x359F, 0x359F, 0x359F, 0x359F, 0x359F, 0x359F, 0x359F, 0x359F, 0x359F, 0x359F, 0x359F, 0x359F, 0x359F, 0x359F, 0x357F, 0x357F,
  0x357F, 0x359F, 0x359F, 0x359F, 0x359F, 0x359F, 0x359F, 0x359F, 0x359F, 0x359F, 0x359F, 0x359F, 0x2D7F, 0x2D7F, 0x2D7F, 0x359F,
  0x359F, 0x359F, 0x359F, 0x359F, 0x359F, 0x359F, 0x359F, 0x359F, 0x359F, 0x359F, 0x359F, 0x359F, 0x359F, 0x359F, 0x359F, 0x359F,
  0x359F, 0x359F, 0x359F, 0x359F, 0x359F, 0x359F, 0x359F, 0x2D9F, 0x359F, 0x2D9F, 0x2D9F, 0x359F, 0x357F, 0x359F, 0x2D7F, 0x2D7F,
  0x359F, 0x4DDF, 0x45DF, 0x357F, 0x2D7F, 0x2D7F, 0x2D7F, 0x2D7F, 0x359F, 0x357F, 0x2D9F, 0x2D9F, 0x2D9F, 0x359F, 0x359F, 0x359F,
  0x359F, 0x359F, 0x359F, 0x359F, 0x2D9F, 0x2D7F, 0x2D9F, 0x2D9F, 0x2D9F, 0x2D9F, 0x2D9F, 0x2D9F, 0x2D7F, 0x2D7F, 0x2D7F, 0x2D7F,
  0xAF1F, 0xA71F, 0xA71F, 0xA6FF, 0xA71F, 0x5DFF, 0x2D7F, 0x359F, 0x2D7F, 0x2D7F, 0x2D7F, 0x359F, 0x359F, 0x359F, 0x359F, 0x359F,
  0x359F, 0x359F, 0x359F, 0x359F, 0x359F, 0x359F, 0x359F, 0x359F, 0x359F, 0x359F, 0x359F, 0x359F, 0x359F, 0x359F, 0x359F, 0x359F,
  0x359F, 0x359F, 0x359F, 0x359F, 0x359F, 0x359F, 0x359F, 0x359F, 0x359F, 0x359F, 0x359F, 0x359F, 0x359F, 0x359F, 0x357F, 0x357F,
  0x2D7F, 0x359F, 0x359F, 0x359F, 0x359F, 0x359F, 0x359F, 0x359F, 0x359F, 0x359F, 0x359F, 0x357F, 0x357F, 0x357F, 0x357F, 0x359F,
  0x2D9F, 0x359F, 0x2D9F, 0x359F, 0x359F, 0x359F, 0x359F, 0x359F, 0x359F, 0x359F, 0x359F, 0x359F, 0x359F, 0x359F, 0x359F, 0x359F,
  0x359F, 0x359F, 0x359F, 0x359F, 0x359F, 0x359F, 0x2D9F, 0x359F, 0x359F, 0x359F, 0x359F, 0x359F, 0x359F, 0x2D7F, 0x45DF, 0x45BF,
  0x6E5F, 0xDFBF, 0xD79F, 0x5E1F, 0x3DBF, 0x55FF, 0x55FF, 0x4DDF, 0x2D7F, 0x359F, 0x2D9F, 0x2D9F, 0x2D9F, 0x2D9F, 0x359F, 0x359F,
  0x359F, 0x359F, 0x359F, 0x359F, 0x359F, 0x359F, 0x359F, 0x359F, 0x359F, 0x359F, 0x359F, 0x359F, 0x359F, 0x359F, 0x359F, 0x2D9F,
  0xA71F, 0xA71F, 0xA71F, 0xA71F, 0xA71F, 0xA6FF, 0x45BF, 0x255F, 0x4DFF, 0x55FF, 0x4DDF, 0x2D7F, 0x2D7F, 0x359F, 0x2D9F, 0x359F,
  0x359F, 0x359F, 0x359F, 0x359F, 0x2D9F, 0x2D9F, 0x2D9F, 0x2D9F, 0x359F, 0x359F, 0x359F, 0x359F, 0x359F, 0x359F, 0x359F, 0x359F,
  0x359F, 0x359F, 0x359F, 0x359F, 0x359F, 0x359F, 0x359F, 0x359F, 0x359F, 0x359F, 0x359F, 0x359F, 0x359F, 0x359F, 0x359F, 0x357F,
  0x359F, 0x2D7F, 0x359F, 0x359F, 0x359F, 0x359F, 0x359F, 0x359F, 0x359F, 0x359F, 0x359F, 0x357F, 0x357F, 0x359F, 0x357F, 0x2D9F,
  0x359F, 0x2D7F, 0x357F, 0x359F, 0x359F, 0x359F, 0x359F, 0x359F, 0x359F, 0x359F, 0x359F, 0x359F, 0x359F, 0x359F, 0x359F, 0x359F,
  0x359F, 0x359F, 0x359F, 0x359F, 0x359F, 0x359F, 0x359F, 0x2D9F, 0x359F, 0x359F, 0x359F, 0x359F, 0x2D7F, 0x359F, 0xB73F, 0xDF9F,
  0xD79F, 0xDF9F, 0xDF9F, 0xAF1F, 0xB73F, 0xD79F, 0xDF9F, 0xBF3F, 0x359F, 0x359F, 0x359F, 0x359F, 0x2D9F, 0x359F, 0x359F, 0x359F,
  0x359F, 0x2D9F, 0x359F, 0x359F, 0x2D9F, 0x359F, 0x359F, 0x359F, 0x2D9F, 0x359F, 0x2D9F, 0x2D9F, 0x359F, 0x2D9F, 0x2D9F, 0x359F,
  0xA71F, 0xA71F, 0xA71F, 0xA6FF, 0xA6FF, 0xA6FF, 0x4DFF, 0x663F, 0x9EFF, 0xAF3F, 0xA71F, 0x767F, 0x3DBF, 0x2D7F, 0x359F, 0x359F,
  0x359F, 0x359F, 0x359F, 0x359F, 0x2D9F, 0x2D9F, 0x2D9F, 0x2D9F, 0x359F, 0x359F, 0x359F, 0x359F, 0x2D9F, 0x359F, 0x359F, 0x359F,
  0x359F, 0x359F, 0x359F, 0x359F, 0x359F, 0x359F, 0x359F, 0x359F, 0x359F, 0x359F, 0x359F, 0x359F, 0x359F, 0x359F, 0x2D9F, 0x2D9F,
  0x2D7F, 0x2D7F, 0x2D9F, 0x357F, 0x359F, 0x359F, 0x359F, 0x359F, 0x359F, 0x359F, 0x359F, 0x359F, 0x359F, 0x359F, 0x359F, 0x359F,
  0x359F, 0x357F, 0x2D7F, 0x2D9F, 0x359F, 0x359F, 0x359F, 0x359F, 0x359F, 0x359F, 0x359F, 0x359F, 0x359F, 0x359F, 0x359F, 0x359F,
  0x359F, 0x359F, 0x359F, 0x359F, 0x359F, 0x2D9F, 0x359F, 0x359F, 0x359F, 0x359F, 0x359F, 0x359F, 0x4DDF, 0xB71F, 0xE7BF, 0xDF9F,
  0xDF9F, 0xDF9F, 0xDF9F, 0xCF7F, 0xD79F, 0xD79F, 0xDF9F, 0xCF7F, 0x9EFF, 0x3DBF, 0x2D7F, 0x359F, 0x359F, 0x359F, 0x359F, 0x359F,
  0x359F, 0x359F, 0x2D9F, 0x2D9F, 0x359F, 0x2D9F, 0x2D9F, 0x359F, 0x359F, 0x359F, 0x359F, 0x359F, 0x359F, 0x2D9F, 0x2D9F, 0x2D9F,
  0xA71F, 0xA71F, 0xA71F, 0xA71F, 0xA71F, 0xA6FF, 0x8EBF, 0xB73F, 0xA71F, 0xA6FF, 0xA6FF, 0xB73F, 0x8EBF, 0x45BF, 0x2D7F, 0x359F,
  0x359F, 0x359F, 0x359F, 0x359F, 0x359F, 0x359F, 0x359F, 0x359F, 0x359F, 0x359F, 0x359F, 0x359F, 0x359F, 0x359F, 0x359F, 0x359F,
  0x359F, 0x359F, 0x359F, 0x359F, 0x2D7F, 0x2D7F, 0x2D7F, 0x2D7F, 0x359F, 0x359F, 0x359F, 0x359F, 0x359F, 0x359F, 0x2D9F, 0x2D9F,
  0x2D7F, 0x2D7F, 0x2D9F, 0x359F, 0x359F, 0x359F, 0x359F, 0x359F, 0x359F, 0x359F, 0x359F, 0x359F, 0x359F, 0x359F, 0x359F, 0x359F,
  0x359F, 0x357F, 0x359F, 0x2D7F, 0x359F, 0x359F, 0x359F, 0x359F, 0x359F, 0x359F, 0x359F, 0x359F, 0x359F, 0x359F, 0x359F, 0x359F,
  0x359F, 0x359F, 0x359F, 0x359F, 0x359F, 0x359F, 0x359F, 0x359F, 0x359F, 0x359F, 0x359F, 0x255F, 0x86BF, 0xB73F, 0xB73F, 0xD77F,
  0xDF9F, 0xDF9F, 0xDF9F, 0xDF9F, 0xDF9F, 0xDF9F, 0xCF7F, 0xB73F, 0xA71F, 0x3D9F, 0x255F, 0x2D7F, 0x359F, 0x359F, 0x2D7F, 0x359F,
  0x359F, 0x359F, 0x2D9F, 0x2D9F, 0x2D9F, 0x359F, 0x2D9F, 0x359F, 0x2D9F, 0x2D7F, 0x2D7F, 0x2D7F, 0x257F, 0x2D9F, 0x359F, 0x2D9F,
  0xA71F, 0xA71F, 0xA71F, 0xA71F, 0xA71F, 0xA71F, 0xAF1F, 0xA71F, 0xA71F, 0xA71F, 0xA71F, 0xA6FF, 0xB73F, 0x6E5F, 0x2D7F, 0x359F,
  0x359F, 0x359F, 0x359F, 0x359F, 0x359F, 0x359F, 0x359F, 0x359F, 0x359F, 0x357F, 0x359F, 0x2D7F, 0x2D7F, 0x2D7F, 0x2D7F, 0x2D7F,
  0x359F, 0x359F, 0x2D7F, 0x3DBF, 0x663F, 0x663F, 0x663F, 0x561F, 0x2D7F, 0x2D7F, 0x359F, 0x359F, 0x359F, 0x359F, 0x2D9F, 0x2D9F,
  0x2D9F, 0x2D9F, 0x359F, 0x359F, 0x359F, 0x2D9F, 0x2D9F, 0x359F, 0x2D9F, 0x359F, 0x359F, 0x359F, 0x359F, 0x359F, 0x359F, 0x359F,
  0x359F, 0x359F, 0x2D9F, 0x359F, 0x359F, 0x359F, 0x359F, 0x359F, 0x359F, 0x359F, 0x359F, 0x359F, 0x359F, 0x359F, 0x359F, 0x359F,
  0x359F, 0x359F, 0x359F, 0x359F, 0x359F, 0x359F, 0x359F, 0x359F, 0x359F, 0x359F, 0x2D7F, 0x6E5F, 0xC75F, 0xC75F, 0xBF3F, 0xD77F,
  0xDF9F, 0xDF9F, 0xDF9F, 0xDF9F, 0xCF5F, 0xBF5F, 0xAF1F, 0xA71F, 0xA71F, 0x7E7F, 0x767F, 0x6E5F, 0x2D7F, 0x2D9F, 0x359F, 0x359F,
  0x359F, 0x359F, 0x2D9F, 0x2D9F, 0x2D9F, 0x359F, 0x359F, 0x2D7F, 0x35BF, 0x663F, 0x5E3F, 0x5E3F, 0x663F, 0x359F, 0x2D7F, 0x359F,
  0xA71F, 0xA71F, 0xA71F, 0xA71F, 0xA71F, 0xA71F, 0xA71F, 0xA71F, 0xA71F, 0xA71F, 0xA71F, 0xA71F, 0xAF3F, 0x765F, 0x255F, 0x359F,
  0x359F, 0x359F, 0x359F, 0x359F, 0x359F, 0x359F, 0x359F, 0x359F, 0x359F, 0x359F, 0x2D7F, 0x4DDF, 0x561F, 0x55FF, 0x55FF, 0x55FF,
  0x359F, 0x2D7F, 0x359F, 0x7E7F, 0xB73F, 0xAF1F, 0xB73F, 0x9EFF, 0x5E1F, 0x3DBF, 0x2D7F, 0x2D7F, 0x2D7F, 0x359F, 0x359F, 0x2D9F,
  0x359F, 0x359F, 0x359F, 0x359F, 0x359F, 0x359F, 0x359F, 0x359F, 0x359F, 0x359F, 0x359F, 0x359F, 0x359F, 0x357F, 0x357F, 0x359F,
  0x359F, 0x359F, 0x359F, 0x359F, 0x359F, 0x359F, 0x359F, 0x359F, 0x359F, 0x359F, 0x359F, 0x359F, 0x359F, 0x359F, 0x359F, 0x2D7F,
  0x2D7F, 0x2D7F, 0x2D7F, 0x2D7F, 0x359F, 0x359F, 0x359F, 0x359F, 0x359F, 0x359F, 0x359F, 0xB73F, 0xE7BF, 0xDF9F, 0xDF9F, 0xDF9F,
  0xDF9F, 0xDF9F, 0xD79F, 0xDF9F, 0xB73F, 0xA6FF, 0xA71F, 0xAF1F, 0xAF1F, 0xAF1F, 0xB73F, 0xA71F, 0x6E5F, 0x359F, 0x2D9F, 0x359F,
  0x359F, 0x359F, 0x359F, 0x2D9F, 0x2D9F, 0x359F, 0x2D9F, 0x3DBF, 0x767F, 0xB73F, 0xAF1F, 0xAF3F, 0xAF3F, 0x7E7F, 0x45DF, 0x255F,
  0xA71F, 0xA71F, 0xA71F, 0xA71F, 0xA71F, 0xA71F, 0xA71F, 0xA71F, 0xA71F, 0xA71F, 0xA71F, 0xA71F, 0xAF1F, 0x96DF, 0x5E1F, 0x359F,
  0x359F, 0x359F, 0x359F, 0x359F, 0x359F, 0x359F, 0x359F, 0x359F, 0x359F, 0x359F, 0x5E1F, 0xA6FF, 0xAF1F, 0xAF1F, 0xAF1F, 0xAF1F,
  0x7E7F, 0x6E5F, 0x8EBF, 0xAF1F, 0xA6FF, 0xA6FF, 0xA6FF, 0xA71F, 0xB73F, 0x4DDF, 0x55FF, 0x767F, 0x767F, 0x3DBF, 0x2D7F, 0x359F,
  0x359F, 0x359F, 0x359F, 0x359F, 0x359F, 0x359F, 0x359F, 0x359F, 0x359F, 0x359F, 0x359F, 0x359F, 0x359F, 0x359F, 0x359F, 0x359F,
  0x359F, 0x359F, 0x359F, 0x359F, 0x359F, 0x359F, 0x359F, 0x359F, 0x359F, 0x359F, 0x359F, 0x359F, 0x359F, 0x2D7F, 0x2D7F, 0x663F,
  0x767F, 0x6E5F, 0x767F, 0x4DFF, 0x2D7F, 0x359F, 0x359F, 0x359F, 0x359F, 0x359F, 0x4DFF, 0xCF7F, 0xDF9F, 0xDF9F, 0xDF9F, 0xDF9F,
  0xDF9F, 0xDF9F, 0xDF9F, 0xCF7F, 0xAF1F, 0xAF1F, 0xAF1F, 0xA71F, 0xA71F, 0xA71F, 0xA71F, 0xAF1F, 0x9EFF, 0x359F, 0x357F, 0x2D7F,
  0x2D7F, 0x2D7F, 0x2D7F, 0x359F, 0x359F, 0x359F, 0x257F, 0x5E3F, 0xB73F, 0xA6FF, 0xA6FF, 0xA71F, 0xA6FF, 0xAF3F, 0x96DF, 0x6E5F,
  0xA71F, 0xA71F, 0xA71F, 0xA71F, 0xA71F, 0xA71F, 0xA71F, 0xA71F, 0xA71F, 0xA71F, 0xA71F, 0xA71F, 0xA71F, 0xAF3F, 0x96DF, 0x2D7F,
  0x2D7F, 0x2D7F, 0x2D7F, 0x359F, 0x359F, 0x359F, 0x359F, 0x359F, 0x2D7F, 0x257F, 0x96BF, 0xAF1F, 0xA6FF, 0xA6FF, 0xA71F, 0xA71F,
  0xAF1F, 0xB73F, 0xAF1F, 0xA6FF, 0xA71F, 0xA71F, 0xA71F, 0xA71F, 0xA71F, 0x767F, 0x9EFF, 0xB73F, 0xAF1F, 0x5E1F, 0x359F, 0x359F,
  0x359F, 0x359F, 0x359F, 0x359F, 0x359F, 0x359F, 0x359F, 0x359F, 0x359F, 0x359F, 0x359F, 0x359F, 0x359F, 0x359F, 0x359F, 0x359F,
  0x359F, 0x359F, 0x359F, 0x359F, 0x359F, 0x359F, 0x359F, 0x359F, 0x359F, 0x359F, 0x359F, 0x2D9F, 0x35BF, 0x767F, 0x767F, 0x9EFF,
  0xB73F, 0xAF1F, 0xB73F, 0x8EBF, 0x3DBF, 0x2D7F, 0x359F, 0x359F, 0x359F, 0x2D9F, 0x257F, 0x8EBF, 0xCF7F, 0xD77F, 0xDF9F, 0xDF9F,
  0xD79F, 0xCF7F, 0xBF5F, 0xAF1F, 0xA71F, 0xAF1F, 0xA71F, 0xA71F, 0xA71F, 0xA71F, 0xA71F, 0xAF1F, 0x96DF, 0x2D7F, 0x255F, 0x4DDF,
  0x7E9F, 0x767F, 0x663F, 0x2D7F, 0x2D7F, 0x2D7F, 0x359F, 0x96DF, 0xA71F, 0xA71F, 0xA71F, 0xA71F, 0xA71F, 0xA6FF, 0xA71F, 0xAF1F,
  0xAF1F, 0xAF1F, 0xA71F, 0xA71F, 0xA71F, 0xA71F, 0xA71F, 0xA71F, 0xA71F, 0xA71F, 0xA71F, 0xA71F, 0xA71F, 0xAF1F, 0x9EFF, 0x767F,
  0x359F, 0x561F, 0x7E9F, 0x357F, 0x2D7F, 0x359F, 0x2D7F, 0x3DBF, 0x7E9F, 0x7E9F, 0x9EFF, 0xA71F, 0xA71F, 0xA71F, 0xA71F, 0xA6FF,
  0xA6FF, 0xA6FF, 0xA6FF, 0xA71F, 0xA71F, 0xA71F, 0xA71F, 0xA71F, 0xAF1F, 0xC77F, 0xCF7F, 0xCF7F, 0xC75F, 0xD79F, 0x7E7F, 0x255F,
  0x2D7F, 0x357F, 0x357F, 0x359F, 0x357F, 0x359F, 0x359F, 0x359F, 0x359F, 0x359F, 0x359F, 0x359F, 0x359F, 0x359F, 0x359F, 0x359F,
  0x359F, 0x359F, 0x359F, 0x359F, 0x359F, 0x359F, 0x359F, 0x359F, 0x359F, 0x359F, 0x2D7F, 0x3DBF, 0x8EBF, 0xAF3F, 0xAF1F, 0xA71F,
  0xA6FF, 0xA6FF, 0xA6FF, 0xAF1F, 0x9EFF, 0x767F, 0x359F, 0x2D9F, 0x2D7F, 0x4DDF, 0x96DF, 0x9EFF, 0xAF1F, 0xC75F, 0xDF9F, 0xDF9F,
  0xCF7F, 0xB71F, 0xAF1F, 0xA71F, 0xAF1F, 0xA71F, 0xAF1F, 0xAF1F, 0xA71F, 0xA71F, 0xA71F, 0xA71F, 0xA6FF, 0x86BF, 0x869F, 0x96DF,
  0xAF3F, 0xAF3F, 0xA71F, 0x7E9F, 0x869F, 0x765F, 0x4DDF, 0xAF1F, 0xA71F, 0xA71F, 0xA71F, 0xA71F, 0xA6FF, 0xA6FF, 0xA6FF, 0x9EFF,
  0xA71F, 0xA71F, 0xA71F, 0xAF1F, 0xA71F, 0xA71F, 0xA71F, 0xA71F, 0xA71F, 0xA71F, 0xA71F, 0xA71F, 0xA71F, 0xA71F, 0xAF1F, 0xAF1F,
  0x96DF, 0x9EFF, 0xAF3F, 0x7E7F, 0x359F, 0x2D9F, 0x2D7F, 0x7E9F, 0xB73F, 0xAF1F, 0xAF1F, 0xA71F, 0xAF1F, 0xA6FF, 0xAF1F, 0xCF7F,
  0xC77F, 0xC77F, 0xB73F, 0xA6FF, 0xA71F, 0xA71F, 0xA6FF, 0xB73F, 0xCF7F, 0xDF9F, 0xDF9F, 0xDF9F, 0xDF9F, 0xCF7F, 0x9EFF, 0x663F,
  0x7E9F, 0x3D9F, 0x2D7F, 0x357F, 0x357F, 0x359F, 0x359F, 0x359F, 0x359F, 0x359F, 0x359F, 0x359F, 0x359F, 0x359F, 0x359F, 0x359F,
  0x359F, 0x359F, 0x359F, 0x2D7F, 0x2D7F, 0x2D7F, 0x2D7F, 0x359F, 0x359F, 0x2D7F, 0x4DDF, 0x8EBF, 0xAF1F, 0xA71F, 0xA71F, 0xA71F,
  0xA71F, 0xA71F, 0xA71F, 0xA71F, 0xAF1F, 0xAF3F, 0x663F, 0x359F, 0xA6FF, 0xC75F, 0xE7BF, 0xD79F, 0xCF7F, 0xCF7F, 0xDF9F, 0xD77F,
  0xAF1F, 0xA6FF, 0xAF1F, 0xAF1F, 0xA71F, 0xA71F, 0xA71F, 0xA71F, 0xA71F, 0xA71F, 0xA71F, 0xA71F, 0xA71F, 0xAF3F, 0xAF3F, 0xAF1F,
  0xA71F, 0xA71F, 0xA71F, 0xAF3F, 0xAF3F, 0xAF1F, 0x9EFF, 0xA71F, 0xA71F, 0xA71F, 0xA71F, 0xA6FF, 0xBF3F, 0xC77F, 0xC75F, 0xC75F,
  0xAF1F, 0xB71F, 0xAF1F, 0xA6FF, 0xA71F, 0xA71F, 0xA71F, 0xA71F, 0xAF1F, 0xAF1F, 0xAF1F, 0xA71F, 0xA71F, 0xA71F, 0xA71F, 0xA71F,
  0xAF1F, 0xAF1F, 0xA6FF, 0xAF1F, 0x8EBF, 0x869F, 0x869F, 0xA71F, 0xAF1F, 0xA6FF, 0xA71F, 0xA6FF, 0xA6FF, 0xB73F, 0xCF7F, 0xDF9F,
  0xDF9F, 0xDF9F, 0xD77F, 0xBF5F, 0xA6FF, 0xA6FF, 0xB73F, 0xCF7F, 0xDF9F, 0xDF9F, 0xD79F, 0xD79F, 0xDF9F, 0xC75F, 0xBF5F, 0xCF7F,
  0xCF7F, 0x765F, 0x359F, 0x357F, 0x357F, 0x2D7F, 0x2D7F, 0x2D7F, 0x357F, 0x359F, 0x359F, 0x359F, 0x359F, 0x359F, 0x359F, 0x359F,
  0x359F, 0x2D7F, 0x2D7F, 0x4DFF, 0x5E1F, 0x5E1F, 0x5E1F, 0x3DBF, 0x257F, 0x45DF, 0x8EBF, 0xAF3F, 0xA6FF, 0xA71F, 0xA71F, 0xA71F,
  0xA71F, 0xA71F, 0xA71F, 0xA71F, 0xA6FF, 0xA71F, 0x9EFF, 0x663F, 0xD79F, 0xDF9F, 0xD79F, 0xDF9F, 0xDF9F, 0xDF9F, 0xCF7F, 0xB73F,
  0xA6FF, 0xAF1F, 0xA71F, 0xA71F, 0xA71F, 0xAF1F, 0xB73F, 0xB73F, 0xB73F, 0xA71F, 0xA71F, 0xAF1F, 0xA71F, 0xA71F, 0xA71F, 0xA71F,
  0xA71F, 0xA71F, 0xA71F, 0xA71F, 0xA71F, 0xA71F, 0xAF1F, 0xA71F, 0xA6FF, 0xA71F, 0xA6FF, 0xBF3F, 0xD79F, 0xDF9F, 0xDF9F, 0xDF9F,
  0xDF9F, 0xDF9F, 0xCF7F, 0xB73F, 0xAF1F, 0xA71F, 0xA71F, 0xA71F, 0xA71F, 0xA71F, 0xA71F, 0xA71F, 0xA71F, 0xA71F, 0xA71F, 0xA71F,
  0xA71F, 0xA71F, 0xA71F, 0xA71F, 0xAF1F, 0xAF1F, 0xAF3F, 0xA71F, 0xA6FF, 0xA71F, 0xA71F, 0xB73F, 0xB73F, 0xCF7F, 0xDF9F, 0xD79F,
  0xDF9F, 0xD79F, 0xDF9F, 0xD79F, 0xBF3F, 0xA6FF, 0xC75F, 0xDF9F, 0xD79F, 0xDF9F, 0xDF9F, 0xDF9F, 0xDF9F, 0xDF9F, 0xDF9F, 0xDF9F,
  0xCF7F, 0xA6FF, 0x359F, 0x2D7F, 0x2D7F, 0x3DBF, 0x45BF, 0x45DF, 0x3D9F, 0x2D7F, 0x2D7F, 0x359F, 0x359F, 0x359F, 0x359F, 0x359F,
  0x2D7F, 0x55FF, 0x5E1F, 0x96DF, 0xB73F, 0xAF1F, 0xB73F, 0x6E5F, 0x55FF, 0x8EBF, 0xB73F, 0xA6FF, 0xA71F, 0xA71F, 0xA71F, 0xA71F,
  0xA71F, 0xA71F, 0xAF1F, 0xA6FF, 0xAF1F, 0xBF5F, 0xDF9F, 0xC75F, 0xBF3F, 0xDF9F, 0xDF9F, 0xD79F, 0xDF9F, 0xDF9F, 0xB73F, 0xA6FF,
  0xAF1F, 0xAF1F, 0xA71F, 0xA71F, 0xBF3F, 0xD79F, 0xDF9F, 0xDF9F, 0xDF9F, 0xC75F, 0xB73F, 0xA71F, 0xAF1F, 0xA71F, 0xA71F, 0xA71F,
  0xA71F, 0xA71F, 0xA71F, 0xA71F, 0xA71F, 0xA71F, 0xA71F, 0xAF1F, 0xBF3F, 0xB73F, 0xB73F, 0xD79F, 0xDF9F, 0xD79F, 0xD79F, 0xD79F,
  0xDF9F, 0xDF9F, 0xDF9F, 0xDF9F, 0xB73F, 0xAF1F, 0xA71F, 0xA71F, 0xAF1F, 0xB73F, 0xAF3F, 0xAF1F, 0xAF1F, 0xAF1F, 0xA71F, 0xA71F,
  0xA71F, 0xA71F, 0xA71F, 0xAF1F, 0xAF1F, 0xA6FF, 0xAF1F, 0xB71F, 0xAF3F, 0xAF1F, 0xA71F, 0xD79F, 0xDF9F, 0xDF9F, 0xDF9F, 0xDF9F,
  0xDF9F, 0xDF9F, 0xDF9F, 0xD79F, 0xDF9F, 0xBF3F, 0xC75F, 0xDF9F, 0xDF9F, 0xDF9F, 0xDF9F, 0xDF9F, 0xD79F, 0xDF9F, 0xD79F, 0xCF7F,
  0xAF1F, 0x9EFF, 0x359F, 0x45BF, 0x4DDF, 0xA6FF, 0xA71F, 0xAF1F, 0x6E5F, 0x3DBF, 0x45DF, 0x359F, 0x2D9F, 0x359F, 0x359F, 0x359F,
  0x3DBF, 0x96DF, 0xB73F, 0xAF1F, 0xA6FF, 0xA71F, 0xA6FF, 0xAF1F, 0xAF3F, 0xAF1F, 0xA71F, 0xA71F, 0xA71F, 0xA71F, 0xA71F, 0xA71F,
  0xA71F, 0xA71F, 0xAF1F, 0xA71F, 0xC75F, 0xE7BF, 0xD79F, 0xDF9F, 0xDF9F, 0xDF9F, 0xDF9F, 0xDF9F, 0xD79F, 0xD79F, 0xB73F, 0xA71F,
  0xAF1F, 0xA71F, 0xAF1F, 0xAF3F, 0xDF9F, 0xDF9F, 0xDF9F, 0xDF9F, 0xD79F, 0xDF9F, 0xC77F, 0xAF1F, 0xAF1F, 0xA71F, 0xA71F, 0xA71F,
  0xA71F, 0xA71F, 0xA71F, 0xA71F, 0xA71F, 0xAF1F, 0xAF1F, 0xC75F, 0xDF9F, 0xDF9F, 0xDF9F, 0xD79F, 0xDF9F, 0xDF9F, 0xDFBF, 0xDFBF,
  0xDF9F, 0xDF9F, 0xD79F, 0xD79F, 0xDF9F, 0xBF3F, 0xA71F, 0xAF1F, 0xD77F, 0xDF9F, 0xDF9F, 0xD79F, 0xDF9F, 0xBF5F, 0xAF1F, 0xA71F,
  0xA71F, 0xA71F, 0xAF1F, 0xA71F, 0xA6FF, 0xAF1F, 0xCF7F, 0xDF9F, 0xDF9F, 0xCF7F, 0xB73F, 0xDF9F, 0xDF9F, 0xD79F, 0xDF9F, 0xDF9F,
  0xDF9F, 0xDF9F, 0xDF9F, 0xDF9F, 0xDF9F, 0xD79F, 0xDF9F, 0xDF9F, 0xDF9F, 0xDF9F, 0xDF9F, 0xDF9F, 0xDF9F, 0xD77F, 0xBF5F, 0xA71F,
  0xAF1F, 0x96DF, 0x765F, 0xAF1F, 0xA71F, 0xAF1F, 0xAF1F, 0xAF1F, 0xA71F, 0xA71F, 0xAF1F, 0x96FF, 0x45DF, 0x2D9F, 0x359F, 0x2D9F,
  0x8EBF, 0xAF3F, 0xA71F, 0xAF1F, 0xA71F, 0xA71F, 0xA71F, 0xA71F, 0xA71F, 0xA71F, 0xAF1F, 0xA71F, 0xA71F, 0xA71F, 0xA71F, 0xA71F,
  0xA71F, 0xA71F, 0x9EFF, 0xC75F, 0xDF9F, 0xDF9F, 0xD79F, 0xD79F, 0xD79F, 0xD79F, 0xD79F, 0xDF9F, 0xD77F, 0xAF1F, 0xAF1F, 0xB73F,
  0xB73F, 0xAF1F, 0xAF1F, 0xD79F, 0xDF9F, 0xDF9F, 0xD79F, 0xD79F, 0xD79F, 0xD79F, 0xDF9F, 0xCF7F, 0xA6FF, 0xAF1F, 0xA71F, 0xAF1F,
  0xA71F, 0xAF1F, 0xAF3F, 0xAF1F, 0xAF1F, 0xA6FF, 0xC77F, 0xDF9F, 0xD79F, 0xDF9F, 0xD79F, 0xDFBF, 0xD79F, 0xCF5F, 0xC75F, 0xC75F,
  0xD79F, 0xD79F, 0xDFBF, 0xE7BF, 0xE7BF, 0xBF5F, 0xAF3F, 0xDF9F, 0xDF9F, 0xDF9F, 0xDF9F, 0xDF9F, 0xDF9F, 0xDF9F, 0xCF7F, 0xA6FF,
  0xA6FF, 0xA71F, 0xAF1F, 0xA6FF, 0xB73F, 0xD79F, 0xDF9F, 0xDF9F, 0xDF9F, 0xDF9F, 0xDF9F, 0xD77F, 0xDF9F, 0xDF9F, 0xDF9F, 0xD79F,
  0xDF9F, 0xDF9F, 0xDF9F, 0xDF9F, 0xDF9F, 0xDF9F, 0xDF9F, 0xDF9F, 0xDF9F, 0xDF9F, 0xDF9F, 0xD79F, 0xDF9F, 0xCF7F, 0xB71F, 0xAF1F,
  0xAF1F, 0xAF1F, 0xB73F, 0xAF1F, 0xAF1F, 0xAF1F, 0xAF1F, 0xA71F, 0xA71F, 0xAF1F, 0xA71F, 0xB73F, 0x5E1F, 0x2D7F, 0x359F, 0x257F,
  0x86BF, 0xB73F, 0xA71F, 0xA71F, 0xAF1F, 0xA71F, 0xA71F, 0xA71F, 0xA71F, 0xA71F, 0xA71F, 0xA71F, 0xA71F, 0xA71F, 0xA71F, 0xA71F,
  0xAF1F, 0xBF5F, 0xBF3F, 0xCF7F, 0xDF9F, 0xD79F, 0xDFBF, 0xE7BF, 0xDFBF, 0xE7BF, 0xDFBF, 0xD79F, 0xD79F, 0xBF5F, 0xCF7F, 0xDF9F,
  0xDF9F, 0xD79F, 0xC75F, 0xDF9F, 0xDF9F, 0xD79F, 0xDFBF, 0xDFBF, 0xE7BF, 0xDF9F, 0xD79F, 0xD79F, 0xB73F, 0xA6FF, 0xA71F, 0xA6FF,
  0xAF1F, 0xD77F, 0xDF9F, 0xD79F, 0xD77F, 0xBF5F, 0xD77F, 0xDF9F, 0xD79F, 0xD77F, 0xE7BF, 0xB6FE, 0x6E3C, 0x55BA, 0x559A, 0x55BA,
  0xE7BF, 0xE7BF, 0xC73E, 0xB71E, 0xBF1E, 0xA6FE, 0xCF7F, 0xDF9F, 0xDF9F, 0xDF9F, 0xDF9F, 0xDF9F, 0xDF9F, 0xDF9F, 0xCF7F, 0xB73F,
  0xB73F, 0xAF1F, 0xA71F, 0xB73F, 0xD79F, 0xDF9F, 0xDF9F, 0xDF9F, 0xDF9F, 0xDF9F, 0xE7BF, 0xE7BF, 0xD79F, 0xD79F, 0xD79F, 0xE7BF,
  0xDF9F, 0xDF9F, 0xDF9F, 0xDF9F, 0xDF9F, 0xDF9F, 0xDF9F, 0xDF9F, 0xDF9F, 0xDF9F, 0xDF9F, 0xD79F, 0xCF7F, 0xD79F, 0xB73F, 0xA6FF,
  0xAF1F, 0xA71F, 0xA6FF, 0xAF1F, 0xA71F, 0xAF1F, 0xB73F, 0xB73F, 0xB73F, 0xAF1F, 0xA6FF, 0xAF1F, 0x767F, 0x3DBF, 0x3DBF, 0x4DFF,
  0x96DF, 0xAF1F, 0xA71F, 0xA71F, 0xA71F, 0xAF1F, 0xB73F, 0xB73F, 0xB73F, 0xB73F, 0xB73F, 0xAF3F, 0xA71F, 0xA71F, 0xA71F, 0xA71F,
  0xBF5F, 0xDF9F, 0xDF9F, 0xDF9F, 0xD79F, 0xDF9F, 0xCF5F, 0xB71E, 0xBF1E, 0xBF1E, 0xBF3E, 0xDFBF, 0xDF9F, 0xDF9F, 0xDF9F, 0xDF9F,
  0xDF9F, 0xDF9F, 0xDF9F, 0xDF9F, 0xDF9F, 0xE7BF, 0xBF3E, 0xB71E, 0xBF1E, 0xD77F, 0xE7BF, 0xDF9F, 0xD79F, 0xB73F, 0xB73F, 0xB73F,
  0xBF3F, 0xDF9F, 0xDF9F, 0xDF9F, 0xDF9F, 0xDF9F, 0xDF9F, 0xD79F, 0xD79F, 0xDF9F, 0xC73E, 0x6DFB, 0x4D79, 0x559A, 0x559A, 0x559A,
  0x9EBD, 0x9EBD, 0x5DBA, 0x4579, 0x457A, 0x559A, 0xB6FD, 0xDF9F, 0xD77F, 0xD79F, 0xDF9F, 0xDF9F, 0xD79F, 0xDF9F, 0xDF9F, 0xDF9F,
  0xDF9F, 0xCF7F, 0xBF3F, 0xDF9F, 0xDF9F, 0xDF9F, 0xDF9F, 0xD79F, 0xDF9F, 0xCF7F, 0xAF1F, 0x9EBD, 0x763C, 0x65FB, 0x65FC, 0x969D,
  0xD77F, 0xDF9F, 0xDF9F, 0xDF9F, 0xDF9F, 0xDF9F, 0xDF9F, 0xDF9F, 0xDF9F, 0xDF9F, 0xDF9F, 0xCF7F, 0xAF1F, 0x9EFF, 0xB73F, 0xBF5F,
  0xB73F, 0xAF1F, 0xAF1F, 0xAF1F, 0xBF3F, 0xCF7F, 0xDF9F, 0xDF9F, 0xDF9F, 0xCF7F, 0xAF1F, 0xA6FF, 0xB73F, 0x86BF, 0x7E9F, 0xAF3F,
  0xAF1F, 0xA71F, 0xAF1F, 0xAF1F, 0xA6FF, 0xC75F, 0xDF9F, 0xDF9F, 0xDF9F, 0xDF9F, 0xDF9F, 0xD77F, 0xB73F, 0xAF1F, 0xA6FF, 0xB73F,
  0xDF9F, 0xDF9F, 0xD79F, 0xDF9F, 0xD79F, 0xD79F, 0x6DFB, 0x4D7A, 0x559A, 0x4D7A, 0x559A, 0x969D, 0xCF5E, 0xDF9F, 0xD79F, 0xDF9F,
  0xD79F, 0xDF9F, 0xD79F, 0xDF9F, 0xB73F, 0xA6FE, 0x5DBA, 0x4D7A, 0x4D7A, 0x7E3C, 0xB71F, 0xBF5F, 0xD77F, 0xDF9F, 0xDF9F, 0xDF9F,
  0xD79F, 0xD79F, 0xD79F, 0xD79F, 0xDF9F, 0xD79F, 0xDF9F, 0xE7BF, 0xDF9F, 0xC77F, 0x6DFC, 0x4D7A, 0x559A, 0x559A, 0x559A, 0x559A,
  0x4559, 0x4559, 0x4D7A, 0x559A, 0x559A, 0x4D7A, 0x4D7A, 0x6E1C, 0xD77F, 0xE7BF, 0xD77F, 0xB71F, 0xD79F, 0xDF9F, 0xDF9F, 0xDF9F,
  0xD77F, 0xDF9F, 0xE7BF, 0xDFBF, 0xE7BF, 0xDF9F, 0xDF9F, 0xE7BF, 0x9EDF, 0x6E1D, 0x55BB, 0x4559, 0x4D7A, 0x4D7A, 0x4D7A, 0x4D79,
  0xA6FF, 0xA6FF, 0xBF5F, 0xDF9F, 0xD79F, 0xD79F, 0xDF9F, 0xD77F, 0xB73F, 0xB73F, 0xC75F, 0xC75F, 0xA71F, 0xC75F, 0xDF9F, 0xDF9F,
  0xDF9F, 0xC75F, 0xAF1F, 0xCF7F, 0xDF9F, 0xDF9F, 0xDF9F, 0xDF9F, 0xDF9F, 0xDF9F, 0xD79F, 0xC77F, 0xA71F, 0xA71F, 0xAF1F, 0xA6FF,
  0xA71F, 0xA71F, 0xA71F, 0x9EFF, 0xBF3F, 0xDF9F, 0xDF9F, 0xDF9F, 0xDF9F, 0xDF9F, 0xD79F, 0xD79F, 0xDF9F, 0xD77F, 0xD77F, 0xD77F,
  0xD79F, 0xD79F, 0xE7BF, 0xD79F, 0xA6FF, 0x5DBB, 0x4D9A, 0x559A, 0x559A, 0x559A, 0x559A, 0x4D79, 0x5DDC, 0xAEFE, 0xE7BF, 0xDF9F,
  0xE7BF, 0xE7BF, 0xDF9F, 0x7E7D, 0x55BB, 0x4D9A, 0x559A, 0x559A, 0x559A, 0x4D7A, 0x4D9A, 0x5DDC, 0x8EBF, 0xE7BF, 0xDF9F, 0xD77F,
  0xDF9F, 0xE7BF, 0xDFBF, 0xDF9F, 0xD79F, 0xDF9F, 0xCF7F, 0xA6FF, 0x8E9E, 0x661E, 0x55BB, 0x4D7A, 0x4D9A, 0x559A, 0x4D9A, 0x4D9A,
  0x559A, 0x559A, 0x4D9A, 0x4D7A, 0x4D9A, 0x4D7A, 0x4D7A, 0x4D9A, 0x865C, 0xBF3F, 0xC75F, 0x8EBF, 0xAF1F, 0xC77F, 0xDF9F, 0xDF9F,
  0xDF9F, 0xC75F, 0xA6FF, 0x9EDE, 0x9EDE, 0xC75F, 0xCF7F, 0xB73F, 0x6E3D, 0x4D9B, 0x559A, 0x559A, 0x559A, 0x559A, 0x559A, 0x559A,
  0x65FC, 0x5DFC, 0x867D, 0xD79F, 0xDF9F, 0xDF9F, 0xD79F, 0xD77F, 0xC75F, 0xB73F, 0xC77F, 0xD79F, 0xBF5F, 0xD77F, 0xDF9F, 0xD79F,
  0xD79F, 0xD79F, 0xC75F, 0xDF9F, 0xDF9F, 0xDF9F, 0xDF9F, 0xDF9F, 0xDF9F, 0xDF9F, 0xDF9F, 0xD79F, 0xC75F, 0xAF1F, 0xAF1F, 0xC75F,
  0xCF7F, 0xCF7F, 0xC75F, 0xBF5F, 0xCF7F, 0xDF9F, 0xDF9F, 0xDF9F, 0xDF9F, 0xDF9F, 0xDF9F, 0xDF9F, 0xDF9F, 0xDFBF, 0xDF9F, 0xDF9F,
  0xDF9F, 0xDF9F, 0xAF1F, 0x869D, 0x6E1C, 0x4D7A, 0x559A, 0x4D9A, 0x4D9A, 0x559A, 0x559A, 0x55BA, 0x4D9B, 0x96BE, 0xDFBF, 0xCF5F,
  0xA6FF, 0xA6FF, 0xC77F, 0x65FC, 0x4D7A, 0x559A, 0x559A, 0x4D9A, 0x4D9A, 0x559A, 0x4D7A, 0x4D9A, 0x65FC, 0x7E3C, 0xB71E, 0xE7BF,
  0xCF7F, 0xA6FE, 0xA71E, 0xC75F, 0xDF9F, 0xD79F, 0x867D, 0x457A, 0x4D9A, 0x55BB, 0x4D9A, 0x4D9A, 0x4D9A, 0x4D9A, 0x4D9A, 0x4D9A,
  0x4D7A, 0x4D9A, 0x4D7A, 0x4D7A, 0x4D7A, 0x4D7A, 0x4559, 0x4559, 0x4558, 0x4D56, 0x5579, 0x4D79, 0x4D7A, 0x65FC, 0x8E9E, 0xD79F,
  0xD79F, 0x8E9D, 0x455A, 0x4D7A, 0x4559, 0x763C, 0x7E7E, 0x55DD, 0x55BB, 0x559A, 0x559A, 0x4D9A, 0x4D9A, 0x4D9A, 0x4D9A, 0x4D9A,
  0x4D7A, 0x4559, 0x65FB, 0xB73F, 0xC73E, 0xCF7F, 0xD77F, 0xD79F, 0xCF7F, 0xAF1E, 0xB71E, 0xC75E, 0xDF9F, 0xD79F, 0xDF9F, 0xDF9F,
  0xDF9F, 0xDF9F, 0xDF9F, 0xDF9F, 0xDF9F, 0xDF9F, 0xDF9F, 0xD79F, 0xDF9F, 0xDF9F, 0xDF9F, 0xDF9F, 0xDF9F, 0xC75F, 0xBF5F, 0xDF9F,
  0xDF9F, 0xDF9F, 0xE7BF, 0xEFDF, 0xDF9F, 0xD79F, 0xDF9F, 0xDF9F, 0xDF9F, 0xD77F, 0xCF7F, 0xCF7F, 0xC75E, 0xC73E, 0xCF7F, 0xD79F,
  0xD79F, 0xCF5F, 0x6E3D, 0x4D9B, 0x4D79, 0x559A, 0x4D7A, 0x4D9A, 0x4D9A, 0x4D9A, 0x4D9A, 0x559A, 0x4D7A, 0x867D, 0x969D, 0x5DBA,
  0x4D7A, 0x4D7A, 0x867D, 0x5DDB, 0x4D7A, 0x559A, 0x4D9A, 0x4D9A, 0x4D9A, 0x4D9A, 0x4D9A, 0x4D9A, 0x4D7A, 0x3539, 0x7E3C, 0xA6DE,
  0x5DBA, 0x457A, 0x4559, 0x761C, 0xA6FE, 0xA6FE, 0x65FB, 0x4D59, 0x4D59, 0x4D7A, 0x4536, 0x246D, 0x4D79, 0x4D7A, 0x4D7A, 0x4D7A,
  0x4D7A, 0x4D9A, 0x4D7A, 0x4D7A, 0x4D7A, 0x55BC, 0x4552, 0x242B, 0x144C, 0x2447, 0x036A, 0x24A8, 0x4557, 0x4D7A, 0x55BB, 0x763C,
  0x65FC, 0x55BB, 0x4D79, 0x4D7A, 0x4D7A, 0x4D7A, 0x4D7A, 0x559A, 0x4D9A, 0x4D9A, 0x4D9A, 0x559A, 0x559A, 0x4D9A, 0x4D9A, 0x4D9A,
  0x4D9A, 0x4D7A, 0x5DDB, 0x7E7E, 0x4D9A, 0xA6DE, 0xDFBF, 0xBF3F, 0x5DFC, 0x55BA, 0x4D79, 0x5DDA, 0xDF9F, 0xE7BF, 0xA6DE, 0x763D,
  0x9EFF, 0xCF7F, 0xDF9F, 0xD79F, 0xDF9F, 0xD79F, 0xDF9F, 0xE7BF, 0xDF9F, 0xD79F, 0xDF9F, 0xDF9F, 0xD79F, 0xDF9F, 0xE7BF, 0xDF9F,
  0xDFBF, 0xC75F, 0x8E9E, 0x865C, 0xBF3E, 0xDF9F, 0xD77F, 0xD79F, 0xDF9F, 0xCF7F, 0x96BE, 0x5DDC, 0x559A, 0x4D7A, 0x96BD, 0xC77F,
  0xBF3F, 0x96DF, 0x5DDB, 0x4D7A, 0x559A, 0x4D9A, 0x4D9A, 0x4D9A, 0x4D9A, 0x4D9A, 0x4D9A, 0x4D9A, 0x559A, 0x4D7A, 0x4D7A, 0x4D7A,
  0x559A, 0x559A, 0x4D7A, 0x559A, 0x559A, 0x4D9A, 0x4D9A, 0x4D9A, 0x4D9A, 0x4D9A, 0x4D9A, 0x4D9A, 0x4D9A, 0x4D9A, 0x4D7A, 0x4D7A,
  0x4D7A, 0x4D7A, 0x4D7A, 0x4D79, 0x4D79, 0x4D7A, 0x4D79, 0x55BC, 0x2CB3, 0x1C4F, 0x2C8F, 0x5505, 0x02EA, 0x4517, 0x55DB, 0x4D9A,
  0x4D7A, 0x4D7A, 0x4D9B, 0x559A, 0x65AC, 0x244E, 0x2C4A, 0x6DA4, 0x2447, 0x5546, 0x5585, 0x65A4, 0x240E, 0x1C71, 0x2CD1, 0x55BB,
  0x4D79, 0x4D79, 0x4D9A, 0x4D7A, 0x4D7A, 0x4D7A, 0x4D9A, 0x4D7A, 0x4D7A, 0x4D9A, 0x559A, 0x4D59, 0x4538, 0x4D7A, 0x559A, 0x4D7A,
  0x4D7A, 0x4D9A, 0x559A, 0x55BB, 0x4D9A, 0x65DB, 0x6E1B, 0x65DB, 0x4D79, 0x4D7A, 0x4D7A, 0x4D9A, 0x761B, 0x96DE, 0x5DFC, 0x4559,
  0x55BB, 0x763D, 0xAEFF, 0xE7BF, 0xD79F, 0xDF9F, 0xDF9F, 0xB71E, 0xD77F, 0xE7BF, 0xDF9F, 0xDF9F, 0xE7BF, 0xAF1F, 0x7E7E, 0x7E5D,
  0x7E7D, 0x661C, 0x457A, 0x4559, 0x559A, 0xB71E, 0xEFDF, 0xDF9F, 0xC77F, 0x7E5C, 0x559A, 0x4D79, 0x4D9A, 0x4D7A, 0x5DDB, 0x65FB,
  0x65DB, 0x65FB, 0x4D9A, 0x4D9A, 0x4D9A, 0x4538, 0x4D58, 0x4D7A, 0x4D9A, 0x4D7A, 0x4D9A, 0x4D9A, 0x4D9A, 0x4D9A, 0x4D7A, 0x4D9A,
  0x4D9A, 0x4D9A, 0x4D9A, 0x4D7A, 0x3CF6, 0x3494, 0x4D59, 0x55BB, 0x4D9A, 0x4D7A, 0x559B, 0x4D9A, 0x4538, 0x4D9A, 0x4D9A, 0x4D7A,
  0x4D9A, 0x4D7A, 0x4D7A, 0x4D7A, 0x4D7A, 0x34F6, 0x457B, 0x4D92, 0x6DC7, 0x3CC6, 0x4527, 0x75E5, 0x5D25, 0x23EE, 0x13AF, 0x1C0F,
  0x4D7A, 0x559B, 0x3D57, 0x2CB0, 0x6DA6, 0x44A6, 0x4CE6, 0x8E84, 0x7E04, 0x7604, 0x6DE5, 0x4D27, 0x032A, 0x2428, 0x3CE8, 0x2413,
  0x4D79, 0x55BB, 0x4D7A, 0x4D7A, 0x4D7A, 0x4D7A, 0x4D9A, 0x4D9A, 0x4D9A, 0x4538, 0x3CD5, 0x2C73, 0x2C52, 0x3CB5, 0x4517, 0x4D7A,
  0x4D7A, 0x4D9A, 0x4D7A, 0x4D7A, 0x4D9A, 0x4D7A, 0x457A, 0x4D7A, 0x4D9A, 0x4D7A, 0x4D7A, 0x4D7A, 0x4D7A, 0x4D7A, 0x4D9A, 0x4D9A,
  0x4D7A, 0x4D9B, 0x761C, 0xBF5F, 0xC77F, 0xD77F, 0x865C, 0x4559, 0x7E3C, 0xBF5F, 0xC77F, 0xCF7F, 0x9EBE, 0x65FC, 0x457A, 0x4D9A,
  0x4D7A, 0x4D7A, 0x559A, 0x559A, 0x4559, 0x761B, 0x9EBD, 0xAF3F, 0x867D, 0x559A, 0x4D7A, 0x4D9A, 0x4D9A, 0x4D9A, 0x4D7A, 0x457A,
  0x4579, 0x4D7A, 0x55BB, 0x4558, 0x3494, 0x2C72, 0x2C52, 0x3494, 0x4538, 0x559A, 0x4D7A, 0x4D7A, 0x4D9A, 0x4D9A, 0x4D9A, 0x4D9A,
  0x4D9A, 0x4D9A, 0x4517, 0x3494, 0x2C52, 0x2C52, 0x3CD5, 0x4538, 0x4D9A, 0x4D9B, 0x4538, 0x3CD5, 0x2C53, 0x34B5, 0x4559, 0x559B,
  0x4D9A, 0x4D7A, 0x4D9A, 0x4558, 0x3D10, 0x3CE6, 0x2472, 0x2C4B, 0x65C4, 0x7E25, 0x7E24, 0x6DC5, 0x4D46, 0x1BCA, 0x0BAA, 0x0B6A,
  0x4D7A, 0x4539, 0x1C0F, 0x03C7, 0x6DC5, 0x6DC5, 0x65A6, 0x5D86, 0x65A5, 0x6DC5, 0x5D85, 0x0C29, 0x0B8A, 0x5526, 0x6564, 0x0B08,
  0x3D16, 0x4D79, 0x4D7A, 0x4D7A, 0x4D9A, 0x4D7A, 0x4539, 0x4579, 0x4517, 0x3473, 0x2C52, 0x2C52, 0x2C73, 0x2C52, 0x2C52, 0x4538,
  0x4D9A, 0x4D9A, 0x4D9A, 0x4D7A, 0x4D9A, 0x4D9A, 0x4D9A, 0x4D9A, 0x4D9A, 0x4D7A, 0x4D7A, 0x4D7A, 0x4D7A, 0x4D7A, 0x4D9A, 0x4D9A,
  0x4D9A, 0x4D7A, 0x4D9A, 0x765D, 0x96BE, 0x8E9D, 0x4559, 0x559A, 0x4D7A, 0x763C, 0x8E9E, 0x867D, 0x55BB, 0x4D7A, 0x559A, 0x4D9A,
  0x4D9A, 0x4D9A, 0x4D9A, 0x4D9A, 0x559A, 0x457A, 0x4D7A, 0x6E5D, 0x4D9A, 0x4D7A, 0x4D9A, 0x4D9A, 0x4D7A, 0x4D9A, 0x4D9A, 0x4D9A,
  0x4D9A, 0x4D9A, 0x4D79, 0x3CD5, 0x2C32, 0x2C73, 0x2C52, 0x2C32, 0x34B4, 0x4558, 0x4D79, 0x4D9A, 0x4D7A, 0x4D7A, 0x4D9A, 0x4D7A,
  0x3CF7, 0x3474, 0x2C73, 0x2C52, 0x2C73, 0x2C73, 0x2C52, 0x3494, 0x4559, 0x4538, 0x3494, 0x2C52, 0x2C73, 0x2C32, 0x3CD5, 0x4D79,
  0x4D79, 0x4D7A, 0x4D9B, 0x3515, 0x2C46, 0x7E24, 0x2C46, 0x1BE8, 0x3528, 0x65A5, 0x6DC5, 0x4D67, 0x03E9, 0x1C2A, 0x1C4B, 0x0B4B,
  0x4D9A, 0x1BB1, 0x0289, 0x144A, 0x5D85, 0x3CE6, 0x0C09, 0x036B, 0x1C48, 0x5546, 0x5DA6, 0x146A, 0x34E6, 0x4D44, 0x5D65, 0x4528,
  0x0BAB, 0x2431, 0x4579, 0x4D7A, 0x559A, 0x2D58, 0x5455, 0xDAF6, 0x6414, 0x1C92, 0x3473, 0x2C52, 0x2C72, 0x2C73, 0x2C52, 0x2C73,
  0x4D79, 0x4D7A, 0x4D9A, 0x4D9A, 0x4D7A, 0x4D9A, 0x4D9A, 0x4D9A, 0x4D7A, 0x4D7A, 0x4D7A, 0x4D7A, 0x4D7A, 0x4D7A, 0x4D7A, 0x4D7A,
  0x4D9A, 0x4D7A, 0x4D7A, 0x4D7A, 0x4D79, 0x4D7A, 0x559A, 0x4D9A, 0x559A, 0x4D7A, 0x4D7A, 0x4D7A, 0x4D7A, 0x4D9A, 0x4D9A, 0x4D7A,
  0x4D9A, 0x4D9A, 0x4D7A, 0x4D9A, 0x4D9A, 0x4D9A, 0x4D9A, 0x4D9A, 0x4D9A, 0x4D9A, 0x4D9A, 0x4D9A, 0x4D9A, 0x4D9A, 0x4D9A, 0x4D9A,
  0x559A, 0x3D17, 0x2C52, 0x2C52, 0x2C72, 0x2C52, 0x2C72, 0x2C73, 0x2C52, 0x2C53, 0x4D59, 0x559A, 0x4D7A, 0x4D7A, 0x4D7A, 0x4517,
  0x2C52, 0x2C52, 0x2C73, 0x2C73, 0x2C53, 0x3453, 0x14B3, 0x7414, 0xDB16, 0x3C12, 0x1C72, 0x3453, 0x2C73, 0x2C73, 0x2C52, 0x3473,
  0x2C74, 0x3D18, 0x4D9A, 0x2C75, 0x0B29, 0x6DE4, 0x75E4, 0x4547, 0x03EA, 0x44E6, 0x44E6, 0x0C09, 0x032B, 0x13EA, 0x0B4B, 0x028B,
  0x1C4E, 0x142C, 0x0BEB, 0x142A, 0x1C29, 0x142A, 0x0B6A, 0x02CB, 0x03AA, 0x1C49, 0x1C69, 0x03C8, 0x4D2F, 0xB6D9, 0x3CEC, 0x1467,
  0x5D86, 0x2C28, 0x138F, 0x4D58, 0x34F6, 0x5C55, 0xABF4, 0xFC51, 0xABD3, 0x6434, 0x2C73, 0x2C73, 0x2C72, 0x2C52, 0x2C73, 0x2C72,
  0x3473, 0x4D7A, 0x4D7A, 0x3CF6, 0x3494, 0x3494, 0x3CF6, 0x4D59, 0x4D9A, 0x4D7A, 0x4D7A, 0x4D7A, 0x4D9A, 0x4D9A, 0x4D9A, 0x4D7A,
  0x4D7A, 0x4D7A, 0x4D9A, 0x4D9A, 0x4D9A, 0x4D9A, 0x4579, 0x4D9A, 0x4D9A, 0x4D9A, 0x4D9A, 0x4D9A, 0x4D7A, 0x4D7A, 0x4D9A, 0x55BB,
  0x4559, 0x3494, 0x3494, 0x3493, 0x4538, 0x55BB, 0x4D9A, 0x4D9A, 0x4D9A, 0x4D9A, 0x4D9A, 0x4D7A, 0x4D9A, 0x4D7A, 0x4D7A, 0x4D9A,
  0x4517, 0x3473, 0x2C52, 0x2C52, 0x2C52, 0x2C52, 0x2C52, 0x2C73, 0x2C73, 0x2C73, 0x3493, 0x3CF6, 0x4D7A, 0x4D9A, 0x34B5, 0x2C73,
  0x2C73, 0x2C73, 0x2C73, 0x2C73, 0x2C73, 0x2C73, 0x63F3, 0xBC13, 0xFC92, 0x93B3, 0x5433, 0x2C73, 0x2C53, 0x2C72, 0x2C52, 0x1C11,
  0x85D8, 0xAEBD, 0x2CAD, 0x24A8, 0x2CA8, 0x6DC4, 0x3487, 0x1469, 0x144A, 0x0BCA, 0x0BCA, 0x0BAA, 0x02CB, 0x02AB, 0x026B, 0x026B,
  0x030B, 0x0BCB, 0x0BCA, 0x030A, 0x0C0A, 0x0B8B, 0x02EB, 0x034A, 0x0BEA, 0x036B, 0x0B6B, 0x2BED, 0x8DF4, 0xFFFB, 0x7592, 0x2CCB,
  0x3D27, 0x1C28, 0x0B8B, 0x132F, 0x1C72, 0xC376, 0xFB92, 0xF7E5, 0xFC51, 0xDB16, 0x2472, 0x3472, 0x2C53, 0x2C73, 0x2C72, 0x2C52,
  0x2C52, 0x34B5, 0x3473, 0x2C52, 0x2C73, 0x2C72, 0x2C53, 0x3473, 0x3CF7, 0x4D7A, 0x4D7A, 0x4D7A, 0x3CB5, 0x3CB4, 0x4537, 0x55BB,
  0x4D9A, 0x4D7A, 0x4D7A, 0x4D9A, 0x457A, 0x559B, 0x969D, 0x455A, 0x4D7A, 0x4D9A, 0x4D7A, 0x4D7A, 0x4D9A, 0x4DBB, 0x4D7A, 0x3CB5,
  0x3473, 0x2C52, 0x2C73, 0x2C52, 0x3494, 0x34B5, 0x3CF6, 0x55BA, 0x55BB, 0x3CF6, 0x4517, 0x55BB, 0x3D5A, 0x761B, 0x6DD9, 0x2495,
  0x2C52, 0x2C73, 0x2C52, 0x2C72, 0x2C72, 0x2C52, 0x2C52, 0x2C52, 0x2C72, 0x2C52, 0x2C72, 0x2C52, 0x3494, 0x34B5, 0x2C73, 0x2C53,
  0x2C73, 0x2C53, 0x2C53, 0x2C73, 0x2C73, 0x2C73, 0xEAF6, 0xFC90, 0xF7E5, 0xFB75, 0xA396, 0x1C72, 0x3453, 0x2C73, 0x3493, 0x44B3,
  0xCEF9, 0xFFFB, 0x4D10, 0x34CA, 0x2CA7, 0x34C7, 0x1C89, 0x13EA, 0x034B, 0x0BEB, 0x036B, 0x028B, 0x022C, 0x0B8B, 0x1BE9, 0x2409,
  0x028B, 0x0B2B, 0x0B8B, 0x026C, 0x0B8B, 0x026C, 0x132A, 0x5567, 0x144A, 0x030B, 0x132B, 0xFFFF, 0xFF94, 0xF5E0, 0xFFFA, 0xCF1C,
  0x0B48, 0x140A, 0x140A, 0x0B49, 0x0B2E, 0x33B3, 0x93D3, 0xFBF3, 0xA3F4, 0x4C14, 0x2C53, 0x2C53, 0x2C53, 0x2C53, 0x2453, 0x2C52,
  0x3472, 0xE759, 0x7575, 0x2432, 0x3473, 0x2C52, 0x2C73, 0x2C73, 0x2C73, 0x4D7A, 0x4559, 0x3CD5, 0x2C52, 0x2411, 0x2C74, 0x4537,
  0x3CF7, 0x4559, 0x4D9A, 0x4D7A, 0x55BB, 0xB6BA, 0xFF51, 0x9E9A, 0x5DDB, 0x4D9A, 0x4D9A, 0x4D9B, 0x4517, 0x3CF7, 0x3CF6, 0x2C32,
  0x2C52, 0x2C73, 0x2C52, 0x2C73, 0x2C52, 0x2C52, 0x2C94, 0x3CD7, 0x3CF7, 0x2C53, 0x3494, 0x3CF7, 0x6DDA, 0xE733, 0xD6D1, 0x5D56,
  0x2C52, 0x2C72, 0x2C72, 0x2C53, 0x2C53, 0x3472, 0x2432, 0xBEB7, 0xAE97, 0x1C32, 0x2C53, 0x2C53, 0x2C52, 0x2C52, 0x2C52, 0x2C73,
  0x2C73, 0x2C52, 0x2C52, 0x2C53, 0x2C53, 0x2C53, 0x4C34, 0xABB3, 0xFBD3, 0x7413, 0x3C53, 0x2C53, 0x3473, 0x13EF, 0x44D2, 0xFFFF,
  0xFF0B, 0xF620, 0xFFFF, 0x9616, 0x03C7, 0x142A, 0x140A, 0x0B4A, 0x02AB, 0x036B, 0x02EC, 0x0A8A, 0x4C67, 0x34CA, 0x1C2A, 0x1BC9,
  0x026C, 0x4CA8, 0x7DA7, 0x12EA, 0x02AB, 0x1B0A, 0x4C66, 0x85E5, 0x1C4A, 0x036A, 0x0B2C, 0x7536, 0xBE75, 0xFF30, 0xAE35, 0x5C93,
  0x02CB, 0x0B6B, 0x13EA, 0x13E9, 0x1B6A, 0x244C, 0x43F1, 0xAA92, 0x4C12, 0x2510, 0x2C71, 0x3CB0, 0x3491, 0x2C92, 0x450E, 0x2C52,
  0x3493, 0xAEB2, 0x5D73, 0x2433, 0x3472, 0x2C72, 0x3473, 0x2C73, 0x2C52, 0x3495, 0x3474, 0x2433, 0x2C53, 0x44B0, 0x44F0, 0x1BF3,
  0x2C31, 0x3CF6, 0x4D79, 0x3D57, 0x5DBA, 0xE758, 0xFEE7, 0xDF3A, 0x5599, 0x4558, 0x4D59, 0x4D59, 0x3494, 0x2C32, 0x2C32, 0x2C53,
  0x2C52, 0x2C52, 0x2C52, 0x2C73, 0x3473, 0x2C73, 0x2C73, 0x44AE, 0x2C51, 0x2C53, 0x34B2, 0x2C6F, 0x85D8, 0xFF2C, 0xFF2D, 0x9659,
  0x1C12, 0x3473, 0x2C53, 0x4D0F, 0x44EF, 0x2C53, 0x1C13, 0x8E13, 0x85F1, 0x1C13, 0x3CB0, 0x3472, 0x2C53, 0x2C73, 0x2C73, 0x2C73,
  0x2C53, 0x2C73, 0x2C53, 0x44D0, 0x44D0, 0x2C91, 0x24F0, 0x5BB2, 0xAA91, 0x2C2C, 0x1CAE, 0x2C52, 0x2C31, 0x038C, 0x242E, 0x85F8,
  0xDEF3, 0xFF30, 0x95F6, 0x4490, 0x0BA9, 0x0BCB, 0x030B, 0x0ACB, 0x7DE7, 0x23AA, 0x024B, 0x3BE9, 0xAF03, 0x2C49, 0x030C, 0x028B,
  0x028B, 0x12C9, 0xB725, 0x8E27, 0x020B, 0x9EA5, 0x8E26, 0x01CB, 0x1409, 0x0B6B, 0x1BAA, 0x2445, 0x5CB2, 0xFFFF, 0x3C0F, 0x2446,
  0x5DC7, 0x02AB, 0x028B, 0x022B, 0x34C7, 0x9EC3, 0x6586, 0x02A7, 0x55A7, 0x5D64, 0x03AB, 0xA706, 0x6DCC, 0x34B1, 0xC783, 0x658E,
  0x2454, 0x24C5, 0x248E, 0x4D0D, 0x65E7, 0x2C72, 0x2C53, 0x2C53, 0x3472, 0x2C52, 0x3473, 0x552F, 0x1BF4, 0x760C, 0xB726, 0x552F,
  0x3494, 0x65A9, 0x3D10, 0x1C6C, 0x4D28, 0x4D34, 0xD73C, 0x3CB1, 0x4D24, 0x2CCE, 0x2C95, 0x2C33, 0x2C73, 0x3473, 0x2C52, 0x2C52,
  0x2C52, 0x3472, 0x2C73, 0x2434, 0x2472, 0x2C93, 0x3492, 0xBF65, 0x760C, 0x1C15, 0x4D0E, 0x9EC5, 0x2C6C, 0x9E15, 0x9E56, 0x34AA,
  0x65A7, 0x2431, 0x1C14, 0x864A, 0x9687, 0x1C14, 0x4CF0, 0x4D66, 0x2489, 0x5D50, 0xBF64, 0x552F, 0x2C54, 0x3472, 0x3473, 0x3473,
  0x2C72, 0x2C8F, 0x2435, 0x8E69, 0xAF07, 0x146B, 0x7604, 0x5588, 0x02C6, 0x7605, 0x4D25, 0x03AA, 0x136E, 0x1C4B, 0x34E9, 0x1C46,
  0xAE9A, 0xF7BF, 0x13EC, 0x55A5, 0x4D27, 0x024B, 0x024A, 0x0AAB, 0xBF46, 0x9665, 0x022A, 0x9EC6, 0x5D46, 0x01EA, 0x02AB, 0x02CB,
  0x022B, 0x020C, 0x3409, 0x6DA5, 0x1C08, 0x5D85, 0x23E8, 0x0BA9, 0x4D06, 0x028A, 0x0269, 0x3D05, 0x13A8, 0x0A49, 0x0BA8, 0x34E7,
  0x8EA6, 0x2368, 0x1328, 0x7DC7, 0x02EB, 0x0AC9, 0x1BE6, 0x0226, 0x13A7, 0x3C47, 0x7E07, 0x3D2C, 0x5528, 0x346A, 0x4549, 0xB746,
  0x5528, 0x0B68, 0x2469, 0x3CE6, 0x1C2C, 0x1C15, 0x5D6E, 0x6DAB, 0x1C14, 0x2434, 0x3CCF, 0xAF04, 0x554E, 0x246F, 0x6DC4, 0x8645,
  0x142B, 0x24AF, 0x450F, 0x7E06, 0x2C88, 0x2488, 0x02E9, 0x2487, 0x2C8A, 0x1C10, 0x34CE, 0x6589, 0x2C52, 0x2414, 0x2413, 0x2433,
  0x2434, 0x1C14, 0x2C72, 0x7E0A, 0x7E47, 0x3CED, 0x1C34, 0x3D2B, 0x7606, 0x242E, 0x348C, 0x9EA3, 0x34C6, 0x0368, 0x1388, 0x3488,
  0x2C8B, 0x9688, 0x2C72, 0x44CB, 0x5587, 0x0BCC, 0xAF26, 0x4D07, 0x13C8, 0x7605, 0x34A8, 0x242D, 0x248F, 0x2453, 0x2C54, 0x2411,
  0x2C4D, 0x7E25, 0x34ED, 0x2CAC, 0x7606, 0x9EA8, 0x2C27, 0x13A7, 0x02A6, 0x1BC7, 0x134B, 0x1BCE, 0x8E68, 0x65C5, 0x2C88, 0x2468,
  0x2429, 0x0A69, 0x1468, 0x2468, 0x12C9, 0x85C6, 0x33CA, 0x032A, 0x2C27, 0x6DA5, 0x3467, 0x5D26, 0x0ACA, 0x2408, 0x1329, 0x01EC,
  0x5CE9, 0x5CC9, 0x6507, 0x8E86, 0x7646, 0x7E25, 0x5507, 0x7646, 0x8626, 0x54C8, 0x5CA8, 0x5D86, 0x5D86, 0x4426, 0x5D87, 0x5D67,
  0xA6E5, 0x7DC6, 0x7DE6, 0xBF86, 0x6529, 0x4C69, 0x4CA7, 0x4C66, 0x4488, 0x75C6, 0xBF85, 0x5DCA, 0x7E26, 0x7606, 0x65E9, 0xB745,
  0x8E64, 0x54C7, 0x6DA5, 0x6E06, 0x5D4B, 0x6DCD, 0x9EC7, 0xA6E6, 0x6DAD, 0x75ED, 0x7E29, 0xA6C4, 0xB726, 0x65A9, 0x7606, 0x8645,
  0x5D86, 0x5DAC, 0x8629, 0xBF44, 0x5D89, 0x6586, 0x54A6, 0x65C6, 0x5D6C, 0x658B, 0x7E26, 0xA6E6, 0x75EC, 0x6DAC, 0x75CC, 0x6DCC,
  0x75ED, 0x6DCD, 0x7E0B, 0xB725, 0xB724, 0x8E69, 0x65CD, 0x55A9, 0x8645, 0x75E9, 0x7629, 0xA705, 0x5DA7, 0x5527, 0x54E5, 0x5D89,
  0x658C, 0xC785, 0x7E0B, 0x6DC9, 0x7626, 0x65C7, 0xBF65, 0x75A7, 0x6546, 0x8E85, 0x5549, 0x65C7, 0x7608, 0x760D, 0x760C, 0x6DCA,
  0x7608, 0xB705, 0x8686, 0x65C9, 0x8646, 0xCFA5, 0x6568, 0x4487, 0x4CA6, 0x4CA7, 0x5509, 0x760A, 0xBF85, 0x96A5, 0x6588, 0x5569,
  0x6585, 0x4C66, 0x5DA7, 0x5508, 0x5CA7, 0xC785, 0xAF06, 0x75E6, 0x54E6, 0x8665, 0x86A6, 0x7DE6, 0x5468, 0x7E66, 0x6D67, 0x5CC8,
  0xC785, 0xC7A5, 0xC7A6, 0xBF66, 0xC765, 0xBF66, 0xC7A6, 0xBF66, 0xBF66, 0xC785, 0xCFC6, 0xC786, 0xBF86, 0xCFC6, 0xC786, 0xC786,
  0xBF65, 0xC786, 0xC786, 0xBF45, 0xC785, 0xC7A5, 0xC7A5, 0xC7A6, 0xC785, 0xBF85, 0xB746, 0xC765, 0xBF85, 0xC786, 0xBF65, 0xB745,
  0xBF65, 0xC7A5, 0xC786, 0xC785, 0xC785, 0xC785, 0xBF65, 0xBF66, 0xC7A5, 0xC765, 0xC765, 0xBF66, 0xBF65, 0xC785, 0xC785, 0xBF65,
  0xC7A6, 0xC785, 0xBF65, 0xBF66, 0xC785, 0xC786, 0xC7A5, 0xC786, 0xC785, 0xC785, 0xC786, 0xBF66, 0xBF84, 0xBF85, 0xBF85, 0xC784,
  0xBF65, 0xBF85, 0xBF66, 0xB725, 0xBF66, 0xC785, 0xC7A4, 0xC7A5, 0xC786, 0xC786, 0xBF86, 0xBF66, 0xCFA6, 0xC786, 0xC785, 0xC785,
  0xC786, 0xBF45, 0xC785, 0xC785, 0xC786, 0xC786, 0xBF45, 0xC786, 0xC7A6, 0xC766, 0xCFA5, 0xC7A5, 0xC785, 0xC785, 0xC785, 0xC785,
  0xC785, 0xBF66, 0xC786, 0xC785, 0xBF86, 0xB746, 0xC7A5, 0xC7A5, 0xC7A6, 0xC786, 0xC7A5, 0xC785, 0xB745, 0xBF65, 0xC786, 0xC785,
  0xC786, 0xC7A6, 0xC786, 0xC7A5, 0xC7A6, 0xB745, 0xBF65, 0xBF85, 0xC785, 0xBF66, 0xBF66, 0xBF86, 0xC7C6, 0xBF66, 0xC785, 0xC7A5,
  0x5D65, 0x9EA5, 0xAF06, 0x8E65, 0xBF65, 0x8665, 0x7625, 0x9EE5, 0x65A5, 0x9EA5, 0xBF45, 0x7605, 0x5DC5, 0x9EC6, 0xB705, 0x75E5,
  0xBF65, 0xA705, 0x96C5, 0xC785, 0x6DA4, 0x8E65, 0xC785, 0x75E5, 0x5DA5, 0x96A5, 0xC785, 0x65C5, 0xA706, 0xAF06, 0x5D65, 0x75E4,
  0xBF65, 0xBF66, 0xC786, 0x9EC5, 0x6585, 0x65A5, 0x96A5, 0xC7A6, 0xBF66, 0x5D86, 0x6DE5, 0xA725, 0xC765, 0xBF65, 0xBF65, 0xBF65,
  0xBF66, 0x75E5, 0x7E45, 0xC765, 0x5DA5, 0x96A6, 0xBF66, 0x7E25, 0x4526, 0x96A6, 0xBF66, 0x6E05, 0xB725, 0x8E85, 0x6DA5, 0xBF65,
  0x6DE6, 0x34E6, 0x2D07, 0x7605, 0xB725, 0xBF65, 0xBF65, 0xBF65, 0xC785, 0x8645, 0x6DC5, 0x9EC5, 0xA6C5, 0x65A5, 0xB725, 0x96A6,
  0x5DC6, 0xC785, 0xBF65, 0xC786, 0x9EC5, 0x6DE5, 0xC7A5, 0x8E65, 0x65A5, 0x6DE5, 0x7E04, 0xB725, 0xAF05, 0x5DA5, 0x5D86, 0x8EA6,
  0xCF86, 0xBF65, 0xC786, 0x7605, 0x8645, 0xC785, 0xC786, 0xA706, 0x4D86, 0x4D46, 0x8EC6, 0xC786, 0xBF65, 0xC785, 0x8625, 0x8665,
  0xBF65, 0x65C5, 0x4D65, 0x3D26, 0x6606, 0xC785, 0xC785, 0x9EA5, 0x6E05, 0xC7A6, 0x7E25, 0x75E5, 0xBF85, 0x96C5, 0x7E45, 0x6DC4,
  0x65C5, 0x75E4, 0x7604, 0x6E04, 0x8665, 0x6E05, 0x5565, 0x3D05, 0x5DA5, 0x7625, 0x7DE4, 0x6DA4, 0x5DA4, 0x7605, 0x7605, 0x5545,
  0x7E24, 0x7624, 0x6DC4, 0x7E25, 0x65A5, 0x6DE4, 0x7E45, 0x34E6, 0x4525, 0x7605, 0x7E05, 0x65C5, 0x7604, 0x7605, 0x65A5, 0x4D45,
  0x4DA6, 0x7625, 0x7E05, 0x75E4, 0x5D85, 0x5D85, 0x75E5, 0x8645, 0x7E45, 0x65A5, 0x4D65, 0x5DC6, 0x7E05, 0x7E25, 0x7E25, 0x7E25,
  0x8645, 0x6DC5, 0x5D85, 0x4D46, 0x5D85, 0x6DE5, 0x7E25, 0x6DA5, 0x5585, 0x6DE5, 0x7E25, 0x6DE5, 0x7E25, 0x6DC4, 0x5D85, 0x6DC5,
  0x5585, 0x4D25, 0x5545, 0x65E4, 0x7604, 0x8624, 0x8644, 0x7E45, 0x8625, 0x65C5, 0x65A5, 0x5DA5, 0x34E6, 0x6585, 0x7E25, 0x7605,
  0x6585, 0x7E25, 0x7E25, 0x8645, 0x7E25, 0x6585, 0x8645, 0x7605, 0x6584, 0x65A5, 0x6DE4, 0x7605, 0x7605, 0x5DA5, 0x6585, 0x5DC6,
  0x6606, 0x7E24, 0x7E25, 0x65C5, 0x65C5, 0x8645, 0x7E25, 0x7605, 0x5DA5, 0x5585, 0x6DE5, 0x8645, 0x8664, 0x7E25, 0x6DA4, 0x5DA5,
  0x5586, 0x5D85, 0x5D85, 0x5DA5, 0x65C5, 0x7E25, 0x7E25, 0x7625, 0x6E05, 0x8645, 0x65A4, 0x65C4, 0x7E04, 0x7604, 0x65E5, 0x5565,
  0x4546, 0x5585, 0x65A4, 0x65C4, 0x4545, 0x5D84, 0x4D05, 0x0C07, 0x3D26, 0x5565, 0x5D85, 0x4505, 0x5D84, 0x65A4, 0x5565, 0x2CC7,
  0x3D05, 0x5564, 0x65A4, 0x5D84, 0x5565, 0x5585, 0x65C4, 0x1467, 0x2CA6, 0x5DA5, 0x5DA4, 0x65A4, 0x44E5, 0x5545, 0x65A5, 0x2CE7,
  0x0C47, 0x5564, 0x4D05, 0x4545, 0x65C4, 0x65A5, 0x4D65, 0x4506, 0x5D84, 0x65C5, 0x2CE7, 0x2466, 0x6584, 0x5DA4, 0x5D64, 0x5565,
  0x3D05, 0x65A5, 0x4D25, 0x0C27, 0x3D06, 0x5565, 0x5565, 0x4D25, 0x6DE4, 0x65A5, 0x5D85, 0x4526, 0x5D64, 0x65A4, 0x5DA5, 0x2C86,
  0x2CA6, 0x5585, 0x75E4, 0x65A4, 0x65A4, 0x5585, 0x4525, 0x6584, 0x4D45, 0x5D65, 0x5DA5, 0x2CA6, 0x1B66, 0x4526, 0x5DA5, 0x5544,
  0x4D05, 0x5DA5, 0x65A4, 0x4D45, 0x3D06, 0x4525, 0x65A4, 0x4D45, 0x5545, 0x6DC4, 0x65C5, 0x3CE6, 0x34A6, 0x5DA5, 0x55A6, 0x2CA6,
  0x2466, 0x65A4, 0x5D85, 0x65A5, 0x65C5, 0x4D45, 0x5565, 0x5545, 0x3D06, 0x65A5, 0x6584, 0x5D65, 0x4546, 0x5D64, 0x65A4, 0x3CC5,
  0x0C07, 0x4546, 0x6584, 0x6584, 0x4D25, 0x6584, 0x65A4, 0x5585, 0x4506, 0x3CE5, 0x5565, 0x65A4, 0x5D84, 0x4525, 0x4525, 0x5585,
  0x03A7, 0x3CE6, 0x6DE4, 0x5D85, 0x0387, 0x4505, 0x4D26, 0x0308, 0x03A7, 0x3CC5, 0x4D65, 0x0448, 0x5585, 0x6DA4, 0x44E6, 0x0368,
  0x0C27, 0x3CC5, 0x65A4, 0x6DE4, 0x34A6, 0x2C86, 0x65A4, 0x0C07, 0x0BE7, 0x4D05, 0x6DE4, 0x5DA5, 0x0BC7, 0x44E5, 0x5585, 0x03E8,
  0x0328, 0x5D65, 0x2CC7, 0x1407, 0x65A5, 0x65C4, 0x2C66, 0x0C07, 0x6DC4, 0x4D26, 0x0388, 0x1BC7, 0x5D85, 0x5D84, 0x5D85, 0x3CC6,
  0x03A7, 0x4D45, 0x44E5, 0x0388, 0x0407, 0x44E5, 0x4D45, 0x1C87, 0x65C4, 0x65C4, 0x4D05, 0x0368, 0x4D05, 0x65C4, 0x4D25, 0x0388,
  0x0408, 0x34E6, 0x6584, 0x6DC4, 0x6DC4, 0x2487, 0x1408, 0x65A4, 0x1486, 0x4505, 0x4525, 0x0327, 0x3165, 0x03E8, 0x4D45, 0x3CC5,
  0x0C07, 0x65A5, 0x65C4, 0x34E6, 0x03C8, 0x0C27, 0x65A4, 0x2486, 0x1C86, 0x75E4, 0x5545, 0x03C8, 0x0BA8, 0x5565, 0x24A6, 0x03C7,
  0x1BA7, 0x5D85, 0x4D65, 0x65A5, 0x65C4, 0x34A6, 0x4506, 0x4D25, 0x0388, 0x4D05, 0x6DE4, 0x5545, 0x03C8, 0x5D65, 0x5565, 0x2406,
  0x0348, 0x0C27, 0x4D25, 0x4565, 0x1467, 0x6585, 0x6DE4, 0x34A6, 0x0348, 0x0467, 0x3D46, 0x6584, 0x65C4, 0x0BE7, 0x2446, 0x5D84,
  0x3145, 0x1B67, 0x2546, 0x44A5, 0x2165, 0x1407, 0x1C27, 0x3125, 0x3104, 0x1B86, 0x0CC8, 0x03A8, 0x4D05, 0x2D06, 0x13A7, 0x3145,
  0x3165, 0x13C7, 0x2507, 0x65C4, 0x2367, 0x0B67, 0x0CC7, 0x29A5, 0x1307, 0x1CE7, 0x34A5, 0x0C87, 0x21E5, 0x1B86, 0x0508, 0x1AE6,
  0x3105, 0x0CA7, 0x1B47, 0x21A6, 0x2CA7, 0x7624, 0x4305, 0x21A5, 0x0D08, 0x1407, 0x3125, 0x2A05, 0x0C87, 0x5D84, 0x3D26, 0x0387,
  0x2165, 0x13E7, 0x0C27, 0x3165, 0x3985, 0x0C87, 0x0BA7, 0x3245, 0x7604, 0x4586, 0x0B87, 0x3145, 0x1C07, 0x0CC7, 0x13E7, 0x3145,
  0x1448, 0x0469, 0x0B68, 0x2CA6, 0x14E7, 0x12C6, 0x2267, 0x14E7, 0x0C07, 0x0CA8, 0x13A6, 0x3124, 0x3104, 0x3185, 0x1466, 0x0BC7,
  0x1B28, 0x6DE4, 0x3CC5, 0x1447, 0x0B68, 0x21C5, 0x2C65, 0x0C47, 0x0C47, 0x34C5, 0x0428, 0x2A26, 0x3185, 0x14A7, 0x1407, 0x3145,
  0x2A05, 0x1CE7, 0x0428, 0x2CA6, 0x7644, 0x43A6, 0x0B67, 0x1407, 0x3145, 0x0BE7, 0x2D26, 0x3C85, 0x12A8, 0x1488, 0x0CC8, 0x2307,
  0x3165, 0x03C8, 0x1C86, 0x1CA7, 0x0B67, 0x1467, 0x14C7, 0x1B46, 0x2945, 0x1A87, 0x13E7, 0x14A7, 0x24C6, 0x2985, 0x1B06, 0x04C7,
  0x4104, 0x29A5, 0x13A6, 0x1C47, 0x3125, 0x21C5, 0x21C5, 0x4924, 0x5124, 0x3205, 0x1A66, 0x0368, 0x1467, 0x1B67, 0x21C5, 0x4124,
  0x4125, 0x29E5, 0x1B87, 0x14E7, 0x1AA6, 0x2185, 0x1AA6, 0x3965, 0x3165, 0x1387, 0x04A7, 0x13A7, 0x3105, 0x29C5, 0x1A45, 0x31C5,
  0x5145, 0x1A26, 0x2985, 0x3905, 0x1B26, 0x1D06, 0x2AC6, 0x30E5, 0x1286, 0x2266, 0x5145, 0x3944, 0x1A46, 0x2C66, 0x1487, 0x1307,
  0x38E5, 0x2206, 0x2225, 0x4104, 0x4924, 0x2A66, 0x21A5, 0x29C5, 0x2506, 0x23E7, 0x21C6, 0x4925, 0x29C5, 0x0B67, 0x1387, 0x5105,
  0x3246, 0x2206, 0x2247, 0x0487, 0x0C07, 0x2985, 0x2965, 0x2286, 0x03E8, 0x1327, 0x29C5, 0x4924, 0x4124, 0x4924, 0x2A45, 0x21C5,
  0x2226, 0x2D06, 0x14C7, 0x1B06, 0x2985, 0x3165, 0x0C27, 0x1A86, 0x1AE6, 0x0C87, 0x1A26, 0x3945, 0x4945, 0x0B47, 0x1AA6, 0x5104,
  0x4144, 0x2245, 0x1A06, 0x2346, 0x2526, 0x2326, 0x21A6, 0x2A05, 0x4925, 0x1A26, 0x13C6, 0x1467, 0x0B08, 0x2226, 0x0B27, 0x3206,
  0x5124, 0x21C6, 0x1386, 0x0488, 0x12E7, 0x2A26, 0x0407, 0x1B07, 0x40C4, 0x4925, 0x29A5, 0x1306, 0x0BA7, 0x4104, 0x31A5, 0x1A46,
  0x5184, 0x48E4, 0x2246, 0x1368, 0x4145, 0x40C4, 0x4904, 0x69A5, 0x6184, 0x4904, 0x4125, 0x1307, 0x0327, 0x21A5, 0x48E4, 0x61A5,
  0x61A5, 0x48E4, 0x2A05, 0x0C07, 0x3225, 0x40A4, 0x4105, 0x5985, 0x48E4, 0x2A26, 0x1407, 0x22A6, 0x40E4, 0x4104, 0x40E4, 0x5965,
  0x61A5, 0x40E4, 0x4125, 0x4904, 0x29E5, 0x0BE8, 0x2A66, 0x40E4, 0x4105, 0x4104, 0x61A5, 0x6185, 0x40E4, 0x12C6, 0x0428, 0x2266,
  0x40E4, 0x4104, 0x4904, 0x6185, 0x6184, 0x5125, 0x40E4, 0x39C5, 0x03A7, 0x1A25, 0x48E5, 0x59A5, 0x50E4, 0x2A26, 0x2286, 0x6165,
  0x6185, 0x5104, 0x4185, 0x13C7, 0x1AE6, 0x4105, 0x4124, 0x4105, 0x1307, 0x31C6, 0x5104, 0x61A5, 0x5985, 0x61A5, 0x5125, 0x40C4,
  0x39A5, 0x0B87, 0x0BA7, 0x3226, 0x48C4, 0x3965, 0x1347, 0x3185, 0x29C5, 0x0B67, 0x4125, 0x5964, 0x61A5, 0x3945, 0x4125, 0x61A5,
  0x5164, 0x40E4, 0x48E4, 0x29E5, 0x03A7, 0x1A86, 0x40C4, 0x4924, 0x5985, 0x40E4, 0x1A86, 0x0387, 0x0AA7, 0x4125, 0x4125, 0x5165,
  0x61A5, 0x5104, 0x2266, 0x0BA8, 0x2A46, 0x40A4, 0x1B07, 0x2A86, 0x5125, 0x61C5, 0x5104, 0x29E6, 0x22A6, 0x4904, 0x4925, 0x4104,
  0x8205, 0x69C5, 0x4124, 0x38E4, 0x5985, 0x5985, 0x69C5, 0x8225, 0x79E5, 0x69C5, 0x5985, 0x3905, 0x38E4, 0x4124, 0x69A5, 0x8225,
  0x8225, 0x69C5, 0x4924, 0x30E4, 0x4944, 0x5965, 0x5965, 0x7A05, 0x69A5, 0x4924, 0x3905, 0x3104, 0x5164, 0x5164, 0x61A5, 0x8A45,
  0x8245, 0x6185, 0x5984, 0x6184, 0x5144, 0x30E4, 0x4924, 0x5964, 0x5985, 0x61A5, 0x8225, 0x8225, 0x5985, 0x3145, 0x19A5, 0x3945,
  0x5964, 0x5164, 0x69A5, 0x8225, 0x8225, 0x69C5, 0x5985, 0x5165, 0x30E4, 0x4124, 0x69C5, 0x8225, 0x69C5, 0x4924, 0x4924, 0x8A45,
  0x8A66, 0x7205, 0x5965, 0x30E4, 0x3925, 0x5985, 0x6185, 0x5985, 0x3905, 0x4924, 0x71E5, 0x8245, 0x8225, 0x8225, 0x61C5, 0x5985,
  0x5165, 0x3105, 0x30E4, 0x4945, 0x61A5, 0x5965, 0x38E4, 0x4944, 0x4945, 0x3904, 0x5985, 0x7A05, 0x8225, 0x61A5, 0x69C5, 0x8225,
  0x8225, 0x61A5, 0x5965, 0x4124, 0x3905, 0x3904, 0x5164, 0x61A5, 0x8225, 0x61A5, 0x4104, 0x2945, 0x3145, 0x5985, 0x5985, 0x69C5,
  0x8225, 0x69E5, 0x4924, 0x38E5, 0x4945, 0x5985, 0x4105, 0x4124, 0x71E5, 0x8A45, 0x71E5, 0x4944, 0x30E4, 0x5165, 0x6185, 0x6185,
  0x9265, 0x8225, 0x69C5, 0x5985, 0x69C5, 0x79E5, 0x8246, 0xA369, 0xA3A9, 0x8AC7, 0x71C5, 0x5985, 0x5165, 0x69C5, 0x8A45, 0x8205,
  0x79E5, 0x71E5, 0x69C5, 0x5964, 0x5164, 0x69C5, 0x8225, 0x9266, 0x7A05, 0x69A5, 0x5165, 0x69A5, 0x69A4, 0x69A5, 0x71C5, 0x71E5,
  0x7A05, 0x7A05, 0x8225, 0x8A45, 0x71C5, 0x5985, 0x69A5, 0x7A05, 0x7A05, 0x71E5, 0x7A05, 0x7A05, 0x7A05, 0x5985, 0x4945, 0x5965,
  0x7A05, 0x79E5, 0x79E5, 0x8225, 0x7A05, 0x69C5, 0x79E5, 0x71E5, 0x5164, 0x61A5, 0x71C4, 0x8205, 0x79E5, 0x69C5, 0x71E5, 0x8225,
  0x7A05, 0x71E5, 0x79E5, 0x61A5, 0x6185, 0x71C5, 0x7A05, 0x5985, 0x5985, 0x71E5, 0x8225, 0x8225, 0x71E5, 0x8A66, 0x9AA6, 0x92A6,
  0x69C5, 0x5985, 0x61A5, 0x71E5, 0x7A05, 0x7A05, 0x7226, 0x61C5, 0x5164, 0x5985, 0x8205, 0x8225, 0x8245, 0x71E5, 0x71E5, 0x71E5,
  0x7A05, 0x7A05, 0x7A25, 0x69C5, 0x5165, 0x5965, 0x71C5, 0x71E5, 0x79E5, 0x7A05, 0x61A5, 0x5165, 0x5985, 0x79E5, 0x8A45, 0x8A45,
  0x8225, 0x7A05, 0x61A5, 0x6185, 0x69A5, 0x5965, 0x61A5, 0x71E5, 0x8225, 0x79E5, 0x71E5, 0x71E5, 0x61A5, 0x69A5, 0x69C5, 0x71C5,
  0xAB26, 0x8A65, 0x7A05, 0x8225, 0x6185, 0x69A4, 0x9286, 0xABCA, 0xABCA, 0x7288, 0x71C5, 0x8225, 0x71C5, 0x92A6, 0xAB06, 0x71E5,
  0x6185, 0x71C5, 0x79E5, 0x8205, 0x5964, 0x8245, 0xBB67, 0xAB47, 0x8A45, 0x79E5, 0x69A5, 0x8A25, 0x69A4, 0x71C5, 0x71E5, 0x5164,
  0x5965, 0x9AC6, 0xB347, 0xAB06, 0x8225, 0x8225, 0x7A05, 0x8A45, 0x8225, 0x5964, 0x6185, 0x71C5, 0x8225, 0x69C5, 0x61A5, 0x71E5,
  0xAB47, 0x8A45, 0x8205, 0x8225, 0x5965, 0x7A05, 0xA2C6, 0x8225, 0x6184, 0x5964, 0x61A4, 0x8A45, 0x69A5, 0x69C5, 0x8225, 0x71E5,
  0x5145, 0x61A5, 0x8A25, 0x8A25, 0x8225, 0x8225, 0x71C5, 0x5965, 0x8225, 0x8A66, 0x8A46, 0x7A05, 0x6185, 0xAB27, 0xB367, 0xA2E6,
  0x8205, 0x8225, 0x8225, 0x8A45, 0x8A25, 0x9286, 0xBBE9, 0x8286, 0x6184, 0x7A05, 0x8225, 0x8225, 0x7A05, 0x5964, 0x5965, 0x5964,
  0x61A5, 0x8225, 0xAB27, 0xA306, 0x79E5, 0x5985, 0x8205, 0x71E5, 0x5144, 0x8225, 0x71C5, 0x5964, 0x6185, 0x8205, 0x9AC6, 0xA2E7,
  0x8205, 0x8A25, 0x69A5, 0x69A5, 0x79E5, 0x5965, 0x7A05, 0x8A65, 0x7A05, 0x4944, 0x71E5, 0x9245, 0x8225, 0x8225, 0x8246, 0x8A66,
  0x8A25, 0x8225, 0x79E5, 0x69C5, 0x5985, 0x69C5, 0x8225, 0x8266, 0x5A28, 0x61C6, 0x79E5, 0x9A86, 0x6185, 0x7A05, 0x8225, 0x6164,
  0x5965, 0x6185, 0x6184, 0x61A5, 0x5964, 0x71C5, 0x9245, 0x8A25, 0x69A5, 0x9286, 0xA307, 0x69A5, 0x5965, 0x69A5, 0x8A45, 0xA327,
  0x5984, 0x7A05, 0x8A45, 0x8A45, 0x7A05, 0x5165, 0x5165, 0x69C5, 0x8225, 0x92A6, 0xA2E6, 0x9AA6, 0x8225, 0x8225, 0x8205, 0x8225,
  0x8A45, 0x69A5, 0x5985, 0x6185, 0x7A05, 0x8225, 0x8225, 0x8225, 0x6184, 0x5964, 0x69A5, 0x8A45, 0x69A5, 0x6185, 0x69C5, 0x6185,
  0x9AC7, 0xB367, 0xA307, 0x6184, 0x61A5, 0x69A5, 0x69A5, 0x61A5, 0x6185, 0x71E5, 0x8225, 0x8205, 0x7A05, 0x8225, 0x8225, 0x8225,
  0x7A05, 0x5965, 0x5164, 0x69A5, 0x71C5, 0x8225, 0x8A66, 0x69C5, 0x5965, 0x61A5, 0x5985, 0x7A05, 0x7A05, 0x7A05, 0x7A05, 0x69C5,
  0x6185, 0x8225, 0x8A45, 0x9265, 0x71C5, 0x5965, 0x7A05, 0x71E5, 0x5964, 0x6184, 0x71E5, 0x8205, 0x79E5, 0x6185, 0x61A5, 0x61A5,
  0x6185, 0x8225, 0x8205, 0x71C5, 0x69A5, 0x5985, 0x69A5, 0x7A05, 0x8A66, 0x9AC6, 0xAB07, 0x9286, 0x8205, 0x8225, 0x8225, 0x8245,
  0x8205, 0x71E5, 0x6184, 0x5964, 0x5144, 0x71C4, 0x8225, 0x7A05, 0x61A5, 0x6185, 0x69A4, 0x71C5, 0x5964, 0x69C5, 0x7A05, 0x7A05,
  0x69A5, 0x5964, 0x5964, 0x4944, 0x5964, 0x71E5, 0x79E5, 0x6185, 0x5965, 0x69A5, 0x71C5, 0x5944, 0x5944, 0x6184, 0x8A25, 0x9286,
  0x5964, 0x79E5, 0x8A25, 0x8225, 0x7A05, 0x3904, 0x4945, 0x6185, 0x8A45, 0xAB26, 0xB326, 0xA2E6, 0x71C5, 0x69A5, 0x69A5, 0x71C5,
  0x79E5, 0x79E5, 0x71C5, 0x6185, 0x8225, 0x8A45, 0x7A05, 0x61A5, 0x4945, 0x5165, 0x6185, 0x69A5, 0x9AC6, 0xAB07, 0xAB07, 0x61A5,
  0x8A46, 0xA2C6, 0x8A66, 0x6185, 0x5964, 0x8A66, 0xAB06, 0xA2E6, 0x7A05, 0x69C5, 0x8A45, 0x8205, 0x8225, 0x8225, 0x8205, 0x8225,
  0x7A05, 0x4125, 0x4125, 0x5145, 0x71C5, 0x8225, 0x8225, 0x69C5, 0x5985, 0x5985, 0x5965, 0x7A05, 0x9266, 0xAB06, 0xB347, 0x9AC6,
  0x6185, 0x8A45, 0x8A25, 0x8A45, 0x6185, 0x5965, 0x79E4, 0x8287, 0x7AEA, 0x7ACA, 0x8267, 0x8204, 0x8225, 0x5985, 0x5165, 0x4945,
  0x6185, 0x9AA6, 0xA2C6, 0x9AA6, 0x9286, 0x5985, 0x6185, 0x6185, 0x9AC6, 0xB347, 0xB367, 0x8246, 0x6185, 0x8A25, 0x8A45, 0x8225,
  0x71C5, 0x61A5, 0x5985, 0x59E7, 0x6A27, 0x82A8, 0x7A26, 0x69C5, 0x6185, 0x61A5, 0x6185, 0x5145, 0x5965, 0x71E5, 0x9286, 0xA2C6,
  0x8A65, 0x69C5, 0x5144, 0x4124, 0x5965, 0x79E5, 0x79E5, 0x69C5, 0x5964, 0x5185, 0x6A28, 0x6A27, 0x7248, 0x69E6, 0x71A4, 0x69C5,
  0x6184, 0x69A5, 0x71C5, 0x79E5, 0x7A05, 0x5185, 0x5985, 0x6185, 0x8A45, 0xB346, 0xAB26, 0xAAE6, 0x6185, 0x5985, 0x5965, 0x61A5,
  0x8205, 0x8225, 0x79E5, 0x5985, 0x71E5, 0x7A05, 0x71C5, 0x69A5, 0x5985, 0x69C5, 0x69C5, 0x5964, 0x9AE6, 0xBB67, 0xAB27, 0x61A5,
  0x69A5, 0x71C5, 0x69A5, 0x6185, 0x5965, 0x8225, 0x9AC6, 0x9AC6, 0x7A05, 0x6185, 0x79E5, 0x71C5, 0x79E5, 0x79E5, 0x71C5, 0x71E5,
  0x69C5, 0x4945, 0x4945, 0x5145, 0x71E5, 0x8225, 0x8225, 0x71E5, 0x5985, 0x5165, 0x5985, 0x71E5, 0x9265, 0xA2C6, 0xA2E6, 0x8A86,
  0x5965, 0x71C5, 0x79E5, 0x71E5, 0x6185, 0x5965, 0x7A47, 0x8B2A, 0x8B8D, 0x8B6C, 0x8B2B, 0x8A87, 0x69C5, 0x6185, 0x5165, 0x4965,
  0x69A5, 0xA2C6, 0xA2C6, 0xA2C6, 0x8245, 0x5965, 0x5965, 0x5965, 0x8A66, 0xA2E6, 0x92A6, 0x69E5, 0x5965, 0x69C5, 0x71E5, 0x71E5,
  0x5965, 0x5144, 0x59A6, 0x6ACB, 0x7B4C, 0x836D, 0x72A9, 0x6184, 0x5985, 0x69A5, 0x5965, 0x4145, 0x5965, 0x7A05, 0xA2C6, 0x9AA6,
  0xA2C6, 0x7A05, 0x5144, 0x6185, 0x5964, 0x71C5, 0x7A05, 0x7A05, 0x6184, 0x6A48, 0x8B8D, 0x836C, 0x8BAD, 0x7AA9, 0x5985, 0x5964,
  0x6185, 0x5964, 0x5964, 0x71C5, 0x8225, 0x8A45, 0x71E5, 0x69A5, 0x7A05, 0xA306, 0xA2E6, 0x9AA6, 0x6185, 0x5165, 0x5165, 0x6185,
  0x8205, 0x8205, 0x69C5, 0x5985, 0x5965, 0x5965, 0x69A5, 0x8A25, 0x8225, 0x8A45, 0x8225, 0x5965, 0x92A6, 0xAB27, 0x9AE6, 0x5985,
  0x5965, 0x4945, 0x4125, 0x6185, 0x5965, 0x71C5, 0x8225, 0x8225, 0x69A5, 0x5165, 0x61C6, 0x61C6, 0x5965, 0x5965, 0x5964, 0x5964,
  0x5964, 0x5985, 0x5985, 0x5985, 0x69C5, 0x8225, 0x7A05, 0x71C5, 0x5165, 0x4945, 0x5965, 0x71C5, 0x8225, 0x8225, 0x8205, 0x69A5,
  0x5965, 0x5964, 0x5964, 0x5144, 0x5965, 0x5164, 0x7AEA, 0x836C, 0x832C, 0x832C, 0x7B2C, 0x7AEA, 0x5965, 0x5985, 0x6185, 0x5965,
  0x69A5, 0x92A6, 0xA2C6, 0xA2C6, 0x69C5, 0x6185, 0x71E5, 0x69C5, 0x69A5, 0x8205, 0x61A5, 0x5964, 0x6185, 0x4924, 0x5145, 0x6185,
  0x5965, 0x4924, 0x4986, 0x628A, 0x5A6A, 0x524A, 0x59E7, 0x9265, 0x8A65, 0x8225, 0x6185, 0x6185, 0x5964, 0x8225, 0xA2E6, 0x9AA6,
  0xAAE6, 0x71E5, 0x4925, 0x6185, 0x5964, 0x5964, 0x5985, 0x5944, 0x6A27, 0x8B8C, 0x834C, 0x836C, 0x834C, 0x834C, 0x6A89, 0x5964,
  0x6185, 0x8205, 0x8225, 0x8225, 0x8225, 0x8225, 0x8225, 0x7A05, 0x5965, 0x69A5, 0x69C5, 0x5965, 0x6185, 0x4125, 0x4945, 0x5965,
  0x5985, 0x5965, 0x5965, 0x5985, 0x4125, 0x4945, 0x69C5, 0x8225, 0x8225, 0x8225, 0x79E5, 0x5965, 0x5985, 0x6185, 0x6185, 0x5965,
  0x6185, 0x4945, 0x4945, 0x6185, 0x6185, 0x69C5, 0x71E5, 0x71E5, 0x61A5, 0x72CA, 0x8BAD, 0x834B, 0x6185, 0x5964, 0x8225, 0x79E5,
  0x5164, 0x5965, 0x5985, 0x6185, 0x5985, 0x6185, 0x6185, 0x6185, 0x5985, 0x5985, 0x5985, 0x6185, 0x5985, 0x6185, 0x4945, 0x4945,
  0x69A5, 0x8A45, 0x69A5, 0x4945, 0x4125, 0x4124, 0x5A29, 0x62AB, 0x5A6A, 0x62CB, 0x51E8, 0x4104, 0x6185, 0x5965, 0x5985, 0x5965,
  0x5965, 0x5984, 0x69C5, 0x69E5, 0x6185, 0x8225, 0x8A45, 0x8225, 0x7A05, 0x6185, 0x6185, 0x5985, 0x5964, 0x5985, 0x5985, 0x6185,
  0x5164, 0x5144, 0x5165, 0x59C7, 0x62AB, 0x49A7, 0x5165, 0x9265, 0x9265, 0x8A45, 0x5985, 0x5985, 0x5965, 0x61A5, 0x71E5, 0x7A05,
  0x5985, 0x4124, 0x4924, 0x5144, 0x5964, 0x4945, 0x4125, 0x4104, 0x51E7, 0x6AEC, 0x6AAB, 0x6ACB, 0x6ACB, 0x62AA, 0x4966, 0x5985,
  0x6185, 0x8A25, 0x8A25, 0x8225, 0x8A45, 0x8A25, 0x8225, 0x6185, 0x4104, 0x4104, 0x5964, 0x5985, 0x5965, 0x5964, 0x4944, 0x4945,
  0x5964, 0x79E5, 0x79E5, 0x5985, 0x5165, 0x5965, 0x61A5, 0x8225, 0x8A45, 0x8A45, 0x71E5, 0x4125, 0x9AA6, 0x69E5, 0x3904, 0x6185,
  0x5965, 0x5965, 0x5965, 0x5985, 0x6185, 0x6185, 0x5985, 0x5964, 0x7289, 0x836D, 0x7B2C, 0x6ACB, 0x6269, 0x5985, 0x69A5, 0x6185,
  0x5964, 0x61A5, 0x6185, 0x5985, 0x5165, 0x4945, 0x9AC7, 0x8226, 0x5965, 0x5985, 0x6185, 0x6185, 0x6185, 0x5985, 0x5985, 0x5165,
  0x5165, 0x7A05, 0x6185, 0x5145, 0x4125, 0x4125, 0x4145, 0x51E8, 0x62CB, 0x49C7, 0x4145, 0x4945, 0x5985, 0x7A05, 0x69C5, 0x5985,
  0x5985, 0x79E5, 0x5965, 0x4105, 0x5165, 0x8225, 0x8205, 0x8225, 0x8205, 0x6185, 0x5985, 0x5165, 0x4125, 0x5965, 0x6185, 0x5965,
  0x69A5, 0x71C5, 0x61A5, 0x5165, 0x51C7, 0x4965, 0x5964, 0x8205, 0x9265, 0x8225, 0x5965, 0x6185, 0x6185, 0x5965, 0x5985, 0x61A5,
  0x4924, 0x59C7, 0x72A9, 0x72A9, 0x59A5, 0x4925, 0x4125, 0x4944, 0x4986, 0x5A49, 0x62AB, 0x62AB, 0x5A4A, 0x49A7, 0x4945, 0x5985,
  0x5985, 0x71E5, 0x71E5, 0x71C5, 0x71E5, 0x8225, 0x71C5, 0x61C6, 0x6269, 0x6A69, 0x61C6, 0x5964, 0x5985, 0x71E5, 0x6185, 0x4945,
  0x6184, 0x71C5, 0x69C5, 0x5965, 0x71E5, 0x69C5, 0x5965, 0x61A5, 0x69C5, 0x61C5, 0x5185, 0x3925, 0x7206, 0x61C5, 0x4945, 0x5985,
  0x69A5, 0x71C5, 0x71C5, 0x5985, 0x5165, 0x5965, 0x6185, 0x6164, 0x6A69, 0x730C, 0x6AEB, 0x628B, 0x51E8, 0x6185, 0x5165, 0x5985,
  0x8A45, 0x9265, 0x9266, 0x69E5, 0x4145, 0x4145, 0x7206, 0x61A5, 0x69C5, 0x9286, 0x9286, 0x9266, 0x61A5, 0x5165, 0x6185, 0x5985,
  0x5144, 0x5964, 0x5964, 0x5144, 0x5145, 0x5165, 0x4944, 0x5186, 0x51E8, 0x5165, 0x4944, 0x5965, 0x6185, 0x71C5, 0x5985, 0x5165,
  0x5985, 0x71C5, 0x5985, 0x4945, 0x5985, 0x8225, 0x8225, 0x8A45, 0x8225, 0x5985, 0x5165, 0x69A5, 0x61A5, 0x5165, 0x5145, 0x4945,
  0x8205, 0x8225, 0x71E5, 0x5165, 0x4124, 0x5965, 0x61A5, 0x69A5, 0x79E5, 0x69A5, 0x5965, 0x5965, 0x5965, 0x5965, 0x5985, 0x5985,
  0x6164, 0x7289, 0x836D, 0x7B2C, 0x61C6, 0x4944, 0x4945, 0x5985, 0x4924, 0x51A6, 0x5A49, 0x5A6A, 0x49A7, 0x4104, 0x5965, 0x6185,
  0x5985, 0x5985, 0x5965, 0x5165, 0x5965, 0x5165, 0x4944, 0x6207, 0x836C, 0x7B6D, 0x6207, 0x5964, 0x6185, 0x7A05, 0x69A5, 0x4944,
  0x5964, 0x5164, 0x5144, 0x6185, 0x7A05, 0x71C5, 0x5165, 0x4125, 0x3925, 0x4945, 0x4965, 0x4945, 0x4145, 0x5165, 0x6185, 0x5985,
  0x71C5, 0x79E5, 0x71E5, 0x5985, 0x4125, 0x4945, 0x5965, 0x6184, 0x51C7, 0x5209, 0x5A4A, 0x5208, 0x4124, 0x6185, 0x4945, 0x5165,
  0x9266, 0x9286, 0x9AA6, 0x7205, 0x4945, 0x4965, 0x4125, 0x4924, 0x7A05, 0xA2E6, 0x9AC6, 0x9AA6, 0x5165, 0x4945, 0x5165, 0x5965,
  0x5985, 0x59E7, 0x6207, 0x61C6, 0x5965, 0x5985, 0x6185, 0x5165, 0x4124, 0x5965, 0x6185, 0x6184, 0x6185, 0x5165, 0x5145, 0x5165,
  0x6185, 0x5165, 0x5985, 0x6185, 0x6185, 0x69A5, 0x71E5, 0x7A05, 0x71E5, 0x5985, 0x5165, 0x7A05, 0x8A45, 0x5985, 0x4125, 0x4125,
  0x7A05, 0x7A05, 0x71C5, 0x5165, 0x4145, 0x5985, 0x6185, 0x6185, 0x5985, 0x6185, 0x5985, 0x4125, 0x4125, 0x5165, 0x5985, 0x5985,
  0x5984, 0x59C7, 0x5A4A, 0x5229, 0x59A5, 0x5985, 0x5985, 0x5985, 0x6185, 0x5165, 0x3904, 0x4125, 0x4125, 0x5165, 0x6185, 0x6185,
  0x5985, 0x5985, 0x4965, 0x4945, 0x6185, 0x5985, 0x5964, 0x59C7, 0x628A, 0x5A4A, 0x59C7, 0x5964, 0x5965, 0x5964, 0x5165, 0x5165,
  0x4945, 0x4945, 0x4924, 0x5964, 0x5965, 0x5985, 0x5165, 0x4145, 0x3925, 0x69E5, 0x8A46, 0x5985, 0x5985, 0x5985, 0x5985, 0x5985,
  0x5985, 0x5985, 0x5985, 0x5985, 0x4945, 0x4125, 0x4945, 0x5965, 0x4945, 0x4125, 0x4125, 0x4145, 0x5985, 0x6185, 0x4945, 0x4945,
  0x7A05, 0x9286, 0x9286, 0x71E5, 0x5165, 0x6185, 0x5985, 0x5965, 0x7A05, 0x9AA6, 0x9AA6, 0x8245, 0x5165, 0x4125, 0x4945, 0x5145,
  0x59C6, 0x7B4C, 0x836C, 0x7269, 0x5944, 0x5985, 0x5985, 0x5165, 0x5965, 0x5985, 0x61A5, 0x5985, 0x5985, 0x4145, 0x5985, 0x61A5,
  0x6185, 0x4125, 0x5165, 0x5985, 0x5985, 0x5985, 0x4945, 0x4945, 0x5985, 0x5985, 0x5985, 0x71E5, 0x8245, 0x69A5, 0x5145, 0x4945,
  0x61A5, 0x5165, 0x4945, 0x4145, 0x5985, 0x6185, 0x6185, 0x5985, 0x4945, 0x5985, 0x5985, 0x4125, 0x4125, 0x4125, 0x4945, 0x6185,
  0x4945, 0x5165, 0x5985, 0x5985, 0x5165, 0x5985, 0x5985, 0x6185, 0x6185, 0x5165, 0x4125, 0x4125, 0x5165, 0x5965, 0x6185, 0x5985,
  0x4945, 0x4145, 0x4945, 0x6185, 0x6185, 0x5985, 0x5165, 0x4945, 0x4965, 0x4145, 0x5165, 0x5965, 0x6185, 0x4124, 0x5A08, 0x834C,
  0x7B0B, 0x59E7, 0x4104, 0x4125, 0x4125, 0x4145, 0x4125, 0x4125, 0x3925, 0x71E5, 0x8A45, 0x5985, 0x6185, 0x5985, 0x5165, 0x4145,
  0x4145, 0x4145, 0x4945, 0x5985, 0x5985, 0x5965, 0x5965, 0x4145, 0x5985, 0x5165, 0x4945, 0x5985, 0x5985, 0x5985, 0x5985, 0x5985,
  0x61A5, 0x69A5, 0x5165, 0x5165, 0x6185, 0x5985, 0x6185, 0x6185, 0x5985, 0x5165, 0x61A5, 0x69A5, 0x6185, 0x5985, 0x4945, 0x4945,
  0x5186, 0x5A6A, 0x5A8A, 0x51E7, 0x4924, 0x5965, 0x4945, 0x4125, 0x5144, 0x72AA, 0x7B2C, 0x72CA, 0x5165, 0x4125, 0x5985, 0x69A5,
  0x61A5, 0x4145, 0x4125, 0x4965, 0x6185, 0x4945, 0x4125, 0x4945, 0x6185, 0x6185, 0x4965, 0x4945, 0x61A5, 0x5985, 0x5985, 0x5985,
  0x4945, 0x4145, 0x4125, 0x4145, 0x4965, 0x5985, 0x6185, 0x6185, 0x4945, 0x4945, 0x4945, 0x5165, 0x5985, 0x5165, 0x5165, 0x4945,
  0x4125, 0x5165, 0x5985, 0x5985, 0x4945, 0x4945, 0x5145, 0x6185, 0x5965, 0x4945, 0x4125, 0x5165, 0x5985, 0x6185, 0x5985, 0x4945,
  0x4125, 0x4125, 0x5165, 0x61A5, 0x6185, 0x6185, 0x5165, 0x4125, 0x4125, 0x4944, 0x5144, 0x5164, 0x5165, 0x4124, 0x51E8, 0x6ACC,
  0x6ACB, 0x51A7, 0x4924, 0x5165, 0x4125, 0x4125, 0x4125, 0x4125, 0x4125, 0x5165, 0x5985, 0x5165, 0x5985, 0x5165, 0x4945, 0x4125,
  0x4125, 0x4125, 0x4945, 0x6185, 0x6185, 0x6185, 0x5985, 0x4125, 0x4945, 0x4145, 0x4945, 0x6185, 0x5985, 0x4945, 0x5985, 0x61A5,
  0x5985, 0x4945, 0x4125, 0x5165, 0x6185, 0x6185, 0x6185, 0x5985, 0x4945, 0x4125, 0x4945, 0x5985, 0x6185, 0x6185, 0x4945, 0x4125,
  0x4945, 0x4987, 0x49A7, 0x4966, 0x5144, 0x4945, 0x4145, 0x4125, 0x4944, 0x626A, 0x6ACC, 0x628A, 0x4945, 0x4125, 0x4945, 0x5165,
  0x5165, 0x4145, 0x4125, 0x4945, 0x5165, 0x5165, 0x5165, 0x5165, 0x4945, 0x4965, 0x4945, 0x4145, 0x4945, 0x5985, 0x5965, 0x4945,
  0x4125, 0x4125, 0x4125, 0x4125, 0x4125, 0x5165, 0x5965, 0x5965, 0x4145, 0x4125, 0x4125, 0x5985, 0x61A5, 0x61A5, 0x5985, 0x4125,
  0x4125, 0x4945, 0x5165, 0x5165, 0x4945, 0x4125, 0x4145, 0x5965, 0x4945, 0x4125, 0x4125, 0x5165, 0x5165, 0x5165, 0x5165, 0x4125,
  0x4125, 0x4125, 0x4945, 0x5965, 0x5165, 0x5965, 0x4945, 0x4125, 0x4125, 0x4945, 0x5145, 0x4945, 0x4125, 0x4125, 0x4966, 0x49C8,
  0x51E8, 0x4166, 0x4945, 0x5985, 0x4145, 0x4125, 0x4125, 0x4125, 0x4125, 0x4125, 0x4125, 0x4125, 0x5165, 0x4945, 0x4125, 0x4125,
  0x4125, 0x4125, 0x4945, 0x5165, 0x5165, 0x5965, 0x5165, 0x4125, 0x4125, 0x4125, 0x4945, 0x5965, 0x5165, 0x4125, 0x5165, 0x5165,
  0x5165, 0x4125, 0x4125, 0x4945, 0x5165, 0x5965, 0x5985, 0x4945, 0x4125, 0x4145, 0x4125, 0x5165, 0x5985, 0x5985, 0x4945, 0x4125,
  0x4125, 0x4125, 0x4125, 0x4925, 0x5145, 0x4125, 0x4125, 0x4125, 0x4925, 0x49A7, 0x49E8, 0x49C7, 0x4125, 0x4125, 0x4125, 0x4125,
  0x4125, 0x4125, 0x4145, 0x4145, 0x4945, 0x6185, 0x61A5, 0x5985, 0x4125, 0x4125, 0x4125, 0x4145, 0x4145, 0x5165, 0x4945, 0x4125,
  0x4125, 0x4125, 0x4125, 0x4145, 0x4125, 0x4125, 0x4125, 0x4125, 0x4125, 0x4125, 0x4145, 0x4945, 0x5965, 0x61A5, 0x5985, 0x4125,
  0x4145, 0x4125, 0x4145, 0x4125, 0x4125, 0x4125, 0x4125, 0x4125, 0x4125, 0x4125, 0x4125, 0x4125, 0x4125, 0x4125, 0x4125, 0x4125,
  0x4125, 0x4145, 0x4125, 0x4125, 0x4145, 0x4125, 0x4125, 0x4125, 0x4125, 0x4125, 0x4125, 0x4125, 0x4125, 0x4125, 0x4124, 0x4124,
  0x4125, 0x4125, 0x4945, 0x5985, 0x4145, 0x4125, 0x4125, 0x4125, 0x4125, 0x4125, 0x4125, 0x4145, 0x4125, 0x4125, 0x4125, 0x4125,
  0x4125, 0x4125, 0x4125, 0x4125, 0x4125, 0x4125, 0x4125, 0x4125, 0x4125, 0x4125, 0x4945, 0x5145, 0x4145, 0x4145, 0x4125, 0x4125,
  0x4125, 0x4125, 0x4125, 0x4125, 0x4125, 0x4125, 0x4125, 0x4125, 0x4125, 0x4125, 0x4145, 0x4125, 0x4145, 0x4125, 0x4125, 0x4145,
  0x4145, 0x4145, 0x4125, 0x4125, 0x4125, 0x4125, 0x4125, 0x4125, 0x4125, 0x4124, 0x4124, 0x4124, 0x4125, 0x4125, 0x4145, 0x4145,
  0x4125, 0x4145, 0x4145, 0x4145, 0x4945, 0x6185, 0x6185, 0x5965, 0x4125, 0x4125, 0x4145, 0x4125, 0x4125, 0x4125, 0x4145, 0x4125,
};

// Veera Idle Frame (36x34 = 1224 pixels)
static const uint16_t PROGMEM veera_idle_pixels[1224] = {
  0x0000, 0x0000, 0x0000, 0x0000, 0x0000, 0x0000, 0x0000, 0x0000, 0x0000, 0x0000, 0x0000, 0x0000, 0x0000, 0x0000, 0x0000, 0x0000,
  0x0000, 0x0000, 0x0000, 0x0000, 0x0000, 0x0000, 0x0000, 0x0000, 0x0000, 0x0000, 0x0000, 0x0000, 0x0000, 0x0000, 0x0000, 0x0000,
  0x0000, 0x0000, 0x0000, 0x0000, 0x0000, 0x0000, 0x0000, 0x0000, 0x0000, 0x0000, 0x0000, 0x0000, 0x0000, 0x0000, 0x0000, 0x0000,
  0x0000, 0x0000, 0x0000, 0x0000, 0x0000, 0x0000, 0x0000, 0x0000, 0x0000, 0x0000, 0x0000, 0x0000, 0x0000, 0x0000, 0x0000, 0x0000,
  0x0000, 0x0000, 0x0000, 0x0000, 0x0000, 0x0000, 0x0000, 0x0000, 0x0000, 0x0000, 0x0000, 0x0000, 0x0000, 0x0000, 0x0000, 0x0000,
  0x0000, 0x0000, 0x0000, 0x0000, 0x0000, 0x0000, 0x0000, 0x0000, 0x0000, 0x0000, 0x0000, 0x0864, 0x18A4, 0x28C3, 0x1862, 0x28E4,
  0x2881, 0x0000, 0x0000, 0x0000, 0x0000, 0x0000, 0x0000, 0x0000, 0x0000, 0x0000, 0x0000, 0x0000, 0x0000, 0x0000, 0x0000, 0x0000,
  0x0000, 0x0000, 0x0000, 0x0000, 0x0000, 0x0000, 0x0000, 0x0000, 0x0000, 0x0000, 0x0000, 0x0000, 0x1084, 0x18C6, 0x0864, 0x0822,
  0x0842, 0x1884, 0x30C3, 0x1883, 0x38E3, 0x28A3, 0x20A2, 0x0000, 0x0000, 0x0000, 0x0000, 0x0000, 0x0000, 0x0000, 0x0000, 0x0000,
  0x0000, 0x0000, 0x0000, 0x0000, 0x0000, 0x0000, 0x0000, 0x0000, 0x0000, 0x0000, 0x0000, 0x0000, 0x0000, 0x0000, 0x0000, 0x1084,
  0x18A5, 0x0822, 0x0822, 0x1884, 0x1884, 0x1063, 0x1063, 0x1063, 0x20A4, 0x20A3, 0x38A1, 0x0000, 0x0000, 0x0000, 0x0000, 0x0000,
  0x0000, 0x0000, 0x0000, 0x0000, 0x0000, 0x0000, 0x0000, 0x0000, 0x0000, 0x0000, 0x0000, 0x0000, 0x0000, 0x0000, 0x0000, 0x0000,
  0x0000, 0x0000, 0x1084, 0x1085, 0x0001, 0x0822, 0x1863, 0x28A4, 0x20A4, 0x30E4, 0x5144, 0x4104, 0x38C3, 0x2084, 0x5103, 0x2060,
  0x0000, 0x0000, 0x0000, 0x0000, 0x0000, 0x0000, 0x0000, 0x0000, 0x0000, 0x0000, 0x0000, 0x0000, 0x0000, 0x0000, 0x0000, 0x0000,
  0x0000, 0x0000, 0x0000, 0x0000, 0x0000, 0x0000, 0x1084, 0x1084, 0x0823, 0x1043, 0x1063, 0x2084, 0x1883, 0x4924, 0x28C4, 0x18A4,
  0x20C4, 0x0063, 0x28C4, 0x5103, 0x0000, 0x0000, 0x0000, 0x0000, 0x0000, 0x0000, 0x0000, 0x0000, 0x0000, 0x0000, 0x0000, 0x0000,
  0x0000, 0x0000, 0x0000, 0x0000, 0x0000, 0x0000, 0x0000, 0x0000, 0x0000, 0x0000, 0x18C6, 0x0001, 0x0822, 0x0842, 0x1063, 0x0843,
  0x0843, 0x0042, 0x1022, 0x1801, 0x3821, 0x4800, 0x0001, 0x4104, 0x2881, 0x0000, 0x0000, 0x0000, 0x0000, 0x0000, 0x0000, 0x0000,
  0x0000, 0x0000, 0x0000, 0x0000, 0x0000, 0x0000, 0x0000, 0x0000, 0x0000, 0x0000, 0x0000, 0x0000, 0x10A4, 0x10A5, 0x0001, 0x0001,
  0x0022, 0x0042, 0x0001, 0x0801, 0x2801, 0x3801, 0xB002, 0xC041, 0xF940, 0xF941, 0x5800, 0x20A2, 0x2881, 0x0000, 0x0000, 0x0000,
  0x0000, 0x0000, 0x0000, 0x0000, 0x0000, 0x0000, 0x0000, 0x0000, 0x0000, 0x0000, 0x0000, 0x0000, 0x0000, 0x0000, 0x0000, 0x0000,
  0x1084, 0x18C6, 0x0842, 0x0001, 0x0001, 0x3801, 0x8802, 0x8802, 0xB002, 0xA002, 0xC041, 0xC8C0, 0xC120, 0x80E0, 0x4060, 0x2061,
  0x0000, 0x0000, 0x0000, 0x0000, 0x0000, 0x0000, 0x0000, 0x0000, 0x0000, 0x0000, 0x0000, 0x0000, 0x0000, 0x0000, 0x0000, 0x0000,
  0x0000, 0x0000, 0x0000, 0x0000, 0x0000, 0x1084, 0x0884, 0x2001, 0x8803, 0x9003, 0x7802, 0x4001, 0x5040, 0x2820, 0x1840, 0x89C2,
  0x30A1, 0x40E1, 0x1880, 0x0000, 0x0000, 0x0000, 0x0000, 0x0000, 0x0000, 0x0000, 0x0000, 0x0000, 0x0000, 0x0000, 0x0000, 0x0000,
  0x0000, 0x0000, 0x0000, 0x0000, 0x0000, 0x0000, 0x0000, 0x0000, 0x0000, 0x0000, 0x0000, 0x3001, 0x7042, 0x9223, 0x28A0, 0x2860,
  0xC328, 0x5AEB, 0x38C1, 0xFCA9, 0x51C5, 0x4923, 0x0000, 0x0000, 0x0000, 0x0000, 0x0000, 0x0000, 0x0000, 0x0000, 0x0000, 0x0000,
  0x0000, 0x0000, 0x0000, 0x0000, 0x0000, 0x0000, 0x0000, 0x0000, 0x0000, 0x0000, 0x0000, 0x0000, 0x0000, 0x0000, 0x0000, 0x5801,
  0x1861, 0xBA84, 0xA1E3, 0xA1E3, 0xFD0B, 0xBCEE, 0xCC8B, 0xFDAC, 0xD4AC, 0x9348, 0x0000, 0x0000, 0x0000, 0x0000, 0x0000, 0x0000,
  0x0000, 0x0000, 0x0000, 0x0000, 0x0000, 0x0000, 0x0000, 0x0000, 0x0000, 0x0000, 0x0000, 0x0000, 0x0000, 0x0000, 0x0000, 0x0000,
  0x3801, 0x9002, 0x7802, 0x5002, 0x1000, 0x1860, 0x5942, 0xC284, 0xFCC9, 0xFD6B, 0xFD4A, 0xF468, 0xFD2A, 0x82A5, 0x0000, 0x0000,
  0x0000, 0x0000, 0x0000, 0x0000, 0x0000, 0x0000, 0x0000, 0x0000, 0x0000, 0x0000, 0x0000, 0x0000, 0x0000, 0x0000, 0x0000, 0x0000,
  0x0000, 0x0000, 0x0000, 0x0000, 0x7802, 0x5801, 0x5821, 0x2841, 0x5021, 0x8801, 0x3800, 0x50C1, 0xAA44, 0xE449, 0xFD0A, 0xECA9,
  0x8B06, 0x0000, 0x0000, 0x0000, 0x0000, 0x0000, 0x0000, 0x0000, 0x0000, 0x0000, 0x0000, 0x0000, 0x0000, 0x0000, 0x0000, 0x0000,
  0x0000, 0x0000, 0x0000, 0x0000, 0x0000, 0x0000, 0x0000, 0x0000, 0x0000, 0x0000, 0x4021, 0x7802, 0x8802, 0xC002, 0xC822, 0xB081,
  0x7860, 0x4880, 0x3902, 0x7143, 0x1820, 0x0000, 0x0000, 0x0000, 0x0000, 0x0000, 0x0000, 0x0000, 0x0000, 0x0000, 0x0000, 0x0000,
  0x0000, 0x0000, 0x0000, 0x0000, 0x0000, 0x0000, 0x0000, 0x0000, 0x0000, 0x0000, 0x0000, 0x0000, 0x0000, 0x5001, 0x9002, 0x5002,
  0x5944, 0x70A2, 0xA801, 0xD801, 0xE861, 0xA841, 0xA800, 0xC801, 0x5000, 0x0000, 0x0000, 0x0000, 0x0000, 0x0000, 0x0000, 0x0000,
  0x0000, 0x0000, 0x0000, 0x0000, 0x0000, 0x0000, 0x0000, 0x0000, 0x0000, 0x0000, 0x0000, 0x0000, 0x0000, 0x0000, 0x0000, 0x0000,
  0x5001, 0xA023, 0x6001, 0x5A26, 0xF6D5, 0xC570, 0x69E5, 0x88A2, 0xA800, 0xC800, 0xD041, 0x7800, 0x9C0C, 0x5247, 0x0000, 0x0000,
  0x0000, 0x0000, 0x0000, 0x0000, 0x0000, 0x0000, 0x0000, 0x0000, 0x0000, 0x0000, 0x0000, 0x0000, 0x0000, 0x0000, 0x0000, 0x0000,
  0x0000, 0x0000, 0x0000, 0x8001, 0xA802, 0x8802, 0x2061, 0xC550, 0xFF97, 0xC50F, 0x9BCB, 0xCD90, 0x9389, 0x7246, 0x5080, 0x8265,
  0xC591, 0xBD71, 0x0000, 0x0000, 0x0000, 0x0000, 0x0000, 0x0000, 0x0000, 0x0000, 0x0000, 0x0000, 0x0000, 0x0000, 0x0000, 0x0000,
  0x0000, 0x0000, 0x0000, 0x0000, 0x0000, 0x7021, 0xA802, 0xB003, 0xC002, 0x3800, 0x4943, 0xE50D, 0xEE53, 0x7B09, 0x93AB, 0xFF35,
  0xE632, 0x9A44, 0xA224, 0xE633, 0x838A, 0xDD91, 0x61C4, 0x0000, 0x0000, 0x0000, 0x0000, 0x0000, 0x0000, 0x0000, 0x0000, 0x0000,
  0x0000, 0x0000, 0x0000, 0x0000, 0x0000, 0x0000, 0x0000, 0x7821, 0xB822, 0xC002, 0xA803, 0xD021, 0x6801, 0x1000, 0x99E3, 0xE386,
  0xBB47, 0x5207, 0xAC2D, 0xA40B, 0x79E4, 0x9204, 0xD570, 0xF6B3, 0x6A46, 0xC2C4, 0xDB86, 0x1840, 0x0000, 0x0000, 0x0000, 0x0000,
  0x0000, 0x0000, 0x0000, 0x0000, 0x0000, 0x0000, 0x0000, 0x0000, 0x0000, 0x0000, 0x9841, 0xD842, 0xA802, 0xA802, 0xE061, 0x8840,
  0x3001, 0x4081, 0xDB86, 0xE346, 0x6121, 0x1882, 0x51E6, 0x3081, 0x30A0, 0x6AA8, 0x72C8, 0x6A66, 0x3902, 0x99E3, 0xE346, 0x9AC5,
  0x0000, 0x0000, 0x0000, 0x0000, 0x0000, 0x0000, 0x0000, 0x0000, 0x0000, 0x0000, 0x0000, 0x0000, 0x0000, 0xA021, 0xD022, 0xB802,
  0xB802, 0xE861, 0xB080, 0x4801, 0x4801, 0x58E1, 0xF427, 0xBAC5, 0x2000, 0x2861, 0x38C1, 0x48E1, 0x6941, 0x99E2, 0x6940, 0x60E0,
  0x2060, 0x48E2, 0xBAA4, 0xD3E8, 0x2081, 0x0000, 0x0000, 0x0000, 0x0000, 0x0000, 0x0000, 0x0000, 0x0000, 0x0000, 0x0000, 0x0000,
  0xB841, 0xE022, 0xC003, 0xC802, 0xE062, 0xE0E0, 0x4821, 0x5802, 0x3801, 0x9A24, 0xFD8B, 0xD3E8, 0x4123, 0x5A07, 0x49A5, 0x51E5,
  0x4942, 0x81E2, 0x61A3, 0x7287, 0x6A87, 0x30A1, 0xD305, 0xFCCA, 0x5183, 0x0000, 0x0000, 0x0000, 0x0000, 0x0000, 0x0000, 0x0000,
  0x0000, 0x0000, 0x0000, 0xE881, 0xE881, 0xC822, 0xC803, 0xD042, 0xF8E1, 0xC0E1, 0x5802, 0x6802, 0x4801, 0x6102, 0xE346, 0x91E3,
  0x6247, 0xB4AE, 0xD591, 0xE5D0, 0xAC6D, 0x8B8B, 0xD5B1, 0xFE93, 0xEE53, 0x4184, 0x8182, 0xAAC5, 0x0000, 0x0000, 0x0000, 0x0000,
  0x0000, 0x0000, 0x0000, 0x0000, 0x0000, 0x0000, 0x0000, 0xA041, 0xD061, 0xE022, 0xE042, 0xE8A1, 0xF101, 0x9881, 0x4801, 0x0000,
  0x0000, 0x5002, 0x3061, 0x5A06, 0xB4AD, 0xEE52, 0xFF16, 0xFF36, 0xA42C, 0xAC2C, 0xFF36, 0xF6F6, 0xFF78, 0xA42C, 0x0020, 0x0000,
  0x0000, 0x0000, 0x0000, 0x0000, 0x0000, 0x0000, 0x0000, 0x0000, 0x0000, 0x0000, 0x0000, 0x0000, 0x0000, 0x0000, 0x8041, 0xD8C1,
  0xF901, 0x8861, 0x0000, 0x0000, 0x0000, 0x2000, 0x5A07, 0xC50F, 0xF673, 0xF717, 0xFF37, 0xE653, 0x2923, 0x93AB, 0xEE11, 0xF6D5,
  0xFF38, 0xEE53, 0x3123, 0x0000, 0x0000, 0x0000, 0x0000, 0x0000, 0x0000, 0x0000, 0x0000, 0x0000, 0x0000, 0x0000, 0x0000, 0x0000,
  0x0000, 0x0000, 0x0000, 0x0000, 0xA061, 0x9021, 0x0000, 0x0000, 0x0000, 0x0000, 0xAC4D, 0xEDF1, 0xFEF6, 0xF6D5, 0xFEF5, 0xB48D,
  0x0020, 0x7B0A, 0xCD2F, 0xEE12, 0xFF36, 0xFEF5, 0x3964, 0x0000, 0x0000, 0x0000, 0x0000, 0x0000, 0x0000, 0x0000, 0x0000, 0x0000,
  0x0000, 0x0000, 0x0000, 0x0000, 0x0000, 0x0000, 0x0000, 0x0000, 0x0000, 0x0000, 0x0000, 0x0000, 0x0000, 0x0000, 0x5A27, 0xA40B,
  0xD54F, 0xE5F1, 0xCD2F, 0x41A5, 0x0000, 0x41A5, 0x93CC, 0xC50E, 0xC50F, 0x5A46, 0x0000, 0x0000, 0x0000, 0x0000, 0x0000, 0x0000,
  0x0000, 0x0000, 0x0000, 0x0000, 0x0000, 0x0000, 0x0000, 0x0000, 0x0000, 0x0000, 0x0000, 0x0000, 0x0000, 0x0000, 0x0000, 0x0000,
  0x0000, 0x0000, 0x0800, 0x5122, 0x7A45, 0x6A25, 0x18C2, 0x0000, 0x0000, 0x0000, 0x3103, 0x5163, 0x81E3, 0x2880, 0x0000, 0x0000,
  0x0000, 0x0000, 0x0000, 0x0000, 0x0000, 0x0000, 0x0000, 0x0000, 0x0000, 0x0000, 0x0000, 0x0000, 0x0000, 0x0000, 0x0000, 0x0000,
  0x0000, 0x0000, 0x0000, 0x0000, 0x0000, 0x0000, 0x0000, 0x6963, 0x91C3, 0x2040, 0x0000, 0x0000, 0x0000, 0x0000, 0x1020, 0x5943,
  0x91E3, 0x1040, 0x0000, 0x0000, 0x0000, 0x0000, 0x0000, 0x0000, 0x0000, 0x0000, 0x0000, 0x0000, 0x0000, 0x0000, 0x0000, 0x0000,
  0x0000, 0x0000, 0x0000, 0x0000, 0x0000, 0x0000, 0x0000, 0x0000, 0x0000, 0x0000, 0x38C1, 0x91E3, 0x9A03, 0x0000, 0x0000, 0x0000,
  0x0000, 0x0000, 0x0820, 0x6163, 0x91E3, 0x89C2, 0x0000, 0x0000, 0x0000, 0x0000, 0x0000, 0x0000, 0x0000, 0x0000, 0x0000, 0x0000,
  0x0000, 0x0000, 0x0000, 0x0000, 0x0000, 0x0000, 0x0000, 0x0000, 0x0000, 0x0000, 0x0000, 0x0000, 0x0000, 0x0000, 0x5922, 0x81C2,
  0x9202, 0x38A0, 0x0000, 0x0000, 0x0000, 0x0000, 0x0000, 0x40E2, 0x7982, 0x9A43, 0x4901, 0x0000, 0x0000, 0x0000, 0x0000, 0x0000,
  0x0000, 0x0000, 0x0000, 0x0000, 0x0000, 0x0000, 0x0000, 0x0000, 0x0000, 0x0000, 0x0000, 0x0000, 0x0000, 0x0000, 0x0000, 0x0000,
  0x0000, 0x0000, 0x0000, 0x0000, 0x0000, 0x0000, 0x0000, 0x0000, 0x0000, 0x0000, 0x0000, 0x0000, 0x0000, 0x0000, 0x0000, 0x0000,
  0x0000, 0x0000, 0x0000, 0x0000, 0x0000, 0x0000, 0x0000, 0x0000,
};

// Veera Run Frame 1 (36x34 = 1224 pixels)
static const uint16_t PROGMEM veera_run1_pixels[1224] = {
  0x0000, 0x0000, 0x0000, 0x0000, 0x0000, 0x0000, 0x0000, 0x0000, 0x0000, 0x0000, 0x0000, 0x0000, 0x0000, 0x0000, 0x0000, 0x0000,
  0x0000, 0x0000, 0x0000, 0x0000, 0x0000, 0x0000, 0x0000, 0x0000, 0x0000, 0x0000, 0x0000, 0x0000, 0x0000, 0x0000, 0x0000, 0x0000,
  0x0000, 0x0000, 0x0000, 0x0000, 0x0000, 0x0000, 0x0000, 0x0000, 0x0000, 0x0000, 0x0000, 0x0000, 0x0000, 0x0000, 0x0000, 0x0000,
  0x0000, 0x0000, 0x0000, 0x0000, 0x0000, 0x0000, 0x0000, 0x0000, 0x0000, 0x0000, 0x0000, 0x0000, 0x0000, 0x0000, 0x0000, 0x0000,
  0x0000, 0x0000, 0x0000, 0x0000, 0x0000, 0x0000, 0x0000, 0x0000, 0x0000, 0x0000, 0x0000, 0x0000, 0x0000, 0x0000, 0x0000, 0x0000,
  0x0000, 0x0000, 0x0000, 0x0000, 0x0000, 0x0000, 0x0000, 0x0000, 0x0000, 0x0000, 0x0000, 0x0000, 0x0000, 0x0000, 0x0821, 0x1863,
  0x2062, 0x0000, 0x0821, 0x40E3, 0x0000, 0x0000, 0x0000, 0x0000, 0x0000, 0x0000, 0x0000, 0x0000, 0x0000, 0x0000, 0x0000, 0x0000,
  0x0000, 0x0000, 0x0000, 0x0000, 0x0000, 0x0000, 0x0000, 0x0000, 0x0000, 0x0000, 0x0000, 0x0000, 0x0000, 0x0000, 0x0000, 0x0000,
  0x0843, 0x1063, 0x0821, 0x0822, 0x1862, 0x38E4, 0x5122, 0x30C2, 0x6143, 0x2060, 0x0000, 0x0000, 0x0000, 0x0000, 0x0000, 0x0000,
  0x0000, 0x0000, 0x0000, 0x0000, 0x0000, 0x0000, 0x0000, 0x0000, 0x0000, 0x0000, 0x0000, 0x0000, 0x0000, 0x0000, 0x0000, 0x0000,
  0x0000, 0x0000, 0x0000, 0x0842, 0x0842, 0x0822, 0x1863, 0x2883, 0x2083, 0x1062, 0x2083, 0x2083, 0x30C2, 0x40E2, 0x3081, 0x0000,
  0x0000, 0x0000, 0x0000, 0x0000, 0x0000, 0x0000, 0x0000, 0x0000, 0x0000, 0x0000, 0x0000, 0x0000, 0x0000, 0x0000, 0x0000, 0x0000,
  0x0000, 0x0000, 0x0000, 0x0000, 0x0000, 0x0000, 0x0842, 0x1064, 0x0842, 0x2083, 0x30A4, 0x28A4, 0x30C4, 0x5944, 0x5143, 0x40C2,
  0x2082, 0x28A2, 0x40E1, 0x0000, 0x0000, 0x0000, 0x0000, 0x0000, 0x0000, 0x0000, 0x0000, 0x0000, 0x0000, 0x0000, 0x0000, 0x0000,
  0x0000, 0x0000, 0x0000, 0x0000, 0x0000, 0x0000, 0x0000, 0x0000, 0x0000, 0x0842, 0x1084, 0x1043, 0x1042, 0x2083, 0x30A4, 0x28A3,
  0x38C3, 0x5124, 0x28C3, 0x4103, 0x0862, 0x1062, 0x6143, 0x0000, 0x0000, 0x0000, 0x0000, 0x0000, 0x0000, 0x0000, 0x0000, 0x0000,
  0x0000, 0x0000, 0x0000, 0x0000, 0x0000, 0x0000, 0x0000, 0x0000, 0x0000, 0x0000, 0x0000, 0x0000, 0x0000, 0x0821, 0x1064, 0x0822,
  0x1863, 0x1883, 0x1883, 0x0863, 0x1083, 0x1022, 0x0021, 0x4022, 0x9841, 0x4801, 0x28E3, 0x6122, 0x0000, 0x0000, 0x0000, 0x0000,
  0x0000, 0x0000, 0x0000, 0x0000, 0x0000, 0x0000, 0x0000, 0x0000, 0x0000, 0x0000, 0x0000, 0x0000, 0x0000, 0x0000, 0x0000, 0x0000,
  0x0000, 0x1043, 0x0842, 0x0022, 0x0022, 0x1042, 0x2821, 0x3801, 0x9022, 0x9801, 0xB021, 0xF900, 0xF9C0, 0x9040, 0x1062, 0x30A1,
  0x0000, 0x0000, 0x0000, 0x0000, 0x0000, 0x0000, 0x0000, 0x0000, 0x0000, 0x0000, 0x0000, 0x0000, 0x0000, 0x0000, 0x0000, 0x0000,
  0x0000, 0x0000, 0x9001, 0x0000, 0x0000, 0x0021, 0x0864, 0x2001, 0x6001, 0x9002, 0xA002, 0x9002, 0xB040, 0x8800, 0x5840, 0x7100,
  0x8161, 0x2020, 0x1021, 0x0000, 0x0000, 0x0000, 0x0000, 0x0000, 0x0000, 0x0000, 0x0000, 0x0000, 0x0000, 0x0000, 0x0000, 0x0000,
  0x0000, 0x0000, 0x0000, 0x0000, 0x0000, 0x7801, 0xC002, 0xD802, 0x9801, 0x4801, 0x2800, 0x7802, 0x7001, 0x9184, 0x48E2, 0x0020,
  0x79A2, 0x7AC8, 0x0020, 0x9A64, 0x69C3, 0x0000, 0x0000, 0x0000, 0x0000, 0x0000, 0x0000, 0x0000, 0x0000, 0x0000, 0x0000, 0x0000,
  0x0000, 0x0000, 0x0000, 0x0000, 0x0000, 0x0000, 0x0000, 0x0000, 0x0000, 0x0000, 0x0000, 0x5001, 0x8001, 0x8001, 0x7801, 0x5821,
  0x0820, 0x9AC5, 0xC2E5, 0x9A03, 0xFC88, 0xDDF3, 0x82C7, 0xFDAE, 0x5206, 0x0000, 0x0000, 0x0000, 0x0000, 0x0000, 0x0000, 0x0000,
  0x0000, 0x0000, 0x0000, 0x0000, 0x0000, 0x0000, 0x0000, 0x0000, 0x0000, 0x0000, 0x7820, 0x0000, 0x0000, 0x5801, 0x7801, 0x9801,
  0xB002, 0xB001, 0xA801, 0xA800, 0xC000, 0xA841, 0x99A3, 0xEB86, 0xFD2A, 0xF54B, 0xFD4B, 0xFD4B, 0x8285, 0x0000, 0x0000, 0x0000,
  0x0000, 0x0000, 0x0000, 0x0000, 0x0000, 0x0000, 0x0000, 0x0000, 0x0000, 0x0000, 0x0000, 0xA040, 0xE881, 0xF061, 0xE022, 0xD802,
  0xD002, 0xE022, 0xF042, 0xD001, 0x9062, 0x89A5, 0x9B6A, 0xAC6D, 0x9A67, 0xC800, 0xD000, 0x9121, 0xD3A7, 0xFD4B, 0xFD2B, 0xBB47,
  0x0000, 0x0000, 0x0000, 0x0000, 0x0000, 0x0000, 0x0000, 0x0000, 0x0000, 0x0000, 0x0000, 0x0000, 0x0000, 0x0000, 0xD061, 0xF861,
  0xD822, 0xD002, 0xD042, 0xF0A1, 0xF0A1, 0xC041, 0x7801, 0x6081, 0x72A7, 0xF6B4, 0xFF37, 0xFFBA, 0xF778, 0x6A67, 0xC800, 0xE080,
  0x5040, 0x6982, 0x5A04, 0x0000, 0x0000, 0x0000, 0x0000, 0x0000, 0x0000, 0x0000, 0x0000, 0x0000, 0x0000, 0x0000, 0x0000, 0x0000,
  0x0000, 0xB041, 0xF042, 0xD802, 0xD822, 0xE8A1, 0xF8C0, 0xB861, 0x6821, 0x2801, 0x5962, 0xFC88, 0xAAC6, 0xDDD1, 0xFED5, 0xFED5,
  0xFEF6, 0xA46D, 0x6964, 0xE000, 0xD001, 0x0000, 0x0000, 0x0000, 0x0000, 0x0000, 0x0000, 0x0000, 0x0000, 0x0000, 0x0000, 0x0000,
  0x0000, 0x0000, 0x0000, 0x0000, 0x0000, 0xB021, 0xE002, 0xE042, 0xF0C0, 0xE8A0, 0x7801, 0x4001, 0x5802, 0x4041, 0x79A3, 0xBB25,
  0x9A03, 0x72C8, 0x93AB, 0x93AA, 0x93AA, 0xCD50, 0xC591, 0x4820, 0x68C2, 0x0000, 0x0000, 0x0000, 0x0000, 0x0000, 0x0000, 0x0000,
  0x0000, 0x0000, 0x0000, 0x0000, 0x0000, 0x0000, 0x0000, 0x0000, 0x0000, 0x0000, 0xD802, 0xF0A1, 0xE881, 0x4800, 0x3801, 0x7002,
  0x6801, 0x3861, 0xA9E2, 0x8141, 0x1841, 0x5A07, 0x8B2B, 0x9BAB, 0xD570, 0xF6F6, 0xA349, 0x50E1, 0x93AA, 0x38E2, 0x0000, 0x69E3,
  0x3902, 0x0000, 0x0000, 0x0000, 0x0000, 0x0000, 0x0000, 0x0000, 0x0000, 0x0000, 0x0000, 0x0000, 0x0000, 0x0000, 0x8000, 0xF861,
  0x6001, 0x0000, 0x0000, 0x0000, 0x5001, 0x7162, 0x91A2, 0x38C1, 0x3061, 0x5943, 0x8B09, 0xB4AD, 0xA46C, 0x8246, 0x68E0, 0x8A04,
  0x79E4, 0x8141, 0x6921, 0xBAC5, 0xEC68, 0x5183, 0x0000, 0x0000, 0x0000, 0x0000, 0x0000, 0x0000, 0x0000, 0x0000, 0x0000, 0x0000,
  0x0000, 0x0000, 0x0000, 0x8801, 0x0000, 0x0000, 0x0000, 0x0000, 0x38A1, 0xFC27, 0xECA9, 0xCB25, 0x4943, 0x5123, 0x68C0, 0x7920,
  0x68E0, 0x4080, 0x0000, 0x6162, 0x5902, 0x6122, 0x5901, 0xD325, 0xFC88, 0x38E1, 0x0000, 0x0000, 0x0000, 0x0000, 0x0000, 0x0000,
  0x0000, 0x0000, 0x0000, 0x0000, 0x0000, 0x0000, 0x0000, 0x0000, 0x0000, 0x0000, 0x0000, 0x0000, 0x0000, 0xBB05, 0xFCC9, 0x8A03,
  0x936B, 0xBCEF, 0x9BAA, 0x92E7, 0x8A45, 0x4963, 0x0000, 0x0000, 0x0000, 0x1841, 0x2881, 0xA244, 0x6162, 0x0000, 0x0000, 0x0000,
  0x0000, 0x0000, 0x0000, 0x0000, 0x0000, 0x0000, 0x0000, 0x0000, 0x0000, 0x0000, 0x0000, 0x0000, 0x0000, 0x0000, 0x0000, 0x0000,
  0x0000, 0x0000, 0x38A0, 0x6207, 0xCD10, 0xE5F1, 0xFEB4, 0xFEF6, 0xEEF7, 0xF6D6, 0xACAE, 0x0000, 0x0000, 0x0000, 0x0000, 0x0000,
  0x0000, 0x0000, 0x0000, 0x0000, 0x0000, 0x0000, 0x0000, 0x0000, 0x0000, 0x0000, 0x0000, 0x0000, 0x0000, 0x0000, 0x0000, 0x0000,
  0x0000, 0x0000, 0x0000, 0x0000, 0x0000, 0x4165, 0x6269, 0x59E7, 0x938B, 0xD570, 0xF652, 0xFEB4, 0xFEF6, 0xFF17, 0xFFB9, 0xDE13,
  0x0000, 0x0000, 0x0000, 0x0000, 0x0000, 0x0000, 0x0000, 0x0000, 0x0000, 0x0000, 0x0000, 0x0000, 0x0000, 0x0000, 0x0000, 0x0000,
  0x0000, 0x0000, 0x0000, 0x0000, 0x0000, 0x0000, 0x0000, 0x0000, 0x0000, 0x7AEA, 0xD50F, 0xAC0D, 0x6A68, 0x6247, 0x8B6B, 0xAC4D,
  0xCD2F, 0xEE32, 0xF6B5, 0xFFB9, 0xA44D, 0x0000, 0x0000, 0x0000, 0x0000, 0x0000, 0x0000, 0x0000, 0x0000, 0x0000, 0x0000, 0x0000,
  0x0000, 0x0000, 0x0000, 0x0000, 0x0000, 0x0000, 0x0000, 0x0000, 0x0000, 0x0000, 0x0000, 0x0000, 0x3081, 0x4103, 0xAC6D, 0xD52F,
  0xC48F, 0xA3AD, 0x28E3, 0x18A2, 0x7AC9, 0xCD2F, 0xF694, 0xFF37, 0xCD90, 0x0000, 0x0000, 0x0000, 0x0000, 0x0000, 0x0000, 0x0000,
  0x0000, 0x0000, 0x0000, 0x0000, 0x0000, 0x0000, 0x0000, 0x0000, 0x0000, 0x0000, 0x0000, 0x0000, 0x0000, 0x1840, 0x40C1, 0x40C2,
  0x6943, 0x6102, 0x5164, 0x938B, 0x8B4A, 0x3964, 0x0000, 0x7288, 0xD530, 0xDDB0, 0xEE12, 0xF652, 0xA40C, 0x0000, 0x0000, 0x0000,
  0x0000, 0x0000, 0x0000, 0x0000, 0x0000, 0x0000, 0x0000, 0x0000, 0x0000, 0x0000, 0x0000, 0x0000, 0x0000, 0x0000, 0x0000, 0x0000,
  0x0000, 0x38A1, 0x7963, 0x7142, 0x8142, 0x6922, 0x2040, 0x0000, 0x0000, 0x0000, 0x0000, 0x4144, 0xB46E, 0xE5D1, 0xE5B0, 0xC4CF,
  0x3123, 0x0000, 0x0000, 0x0000, 0x0000, 0x0000, 0x0000, 0x0000, 0x0000, 0x0000, 0x0000, 0x0000, 0x0000, 0x0000, 0x0000, 0x0000,
  0x0000, 0x0000, 0x0000, 0x0000, 0x0000, 0x1840, 0x7963, 0x8983, 0x50E1, 0x0000, 0x0000, 0x0000, 0x0000, 0x0000, 0x1840, 0x50E2,
  0x40E2, 0x7AE9, 0xA40C, 0x3964, 0x0000, 0x0000, 0x0000, 0x0000, 0x0000, 0x0000, 0x0000, 0x0000, 0x0000, 0x0000, 0x0000, 0x0000,
  0x0000, 0x0000, 0x0000, 0x0000, 0x0000, 0x0000, 0x0000, 0x0000, 0x0000, 0x0000, 0x8183, 0x99C3, 0x1840, 0x0000, 0x0000, 0x0000,
  0x0000, 0x0000, 0x50E2, 0x7963, 0x99A2, 0x4080, 0x0000, 0x0000, 0x0000, 0x0000, 0x0000, 0x0000, 0x0000, 0x0000, 0x0000, 0x0000,
  0x0000, 0x0000, 0x0000, 0x0000, 0x0000, 0x0000, 0x0000, 0x0000, 0x0000, 0x0000, 0x0000, 0x0000, 0x0000, 0x0000, 0x91A2, 0xB1E3,
  0x0000, 0x0000, 0x0000, 0x0000, 0x1020, 0x5902, 0x7142, 0x8982, 0x6921, 0x0000, 0x0000, 0x0000, 0x0000, 0x0000, 0x0000, 0x0000,
  0x0000, 0x0000, 0x0000, 0x0000, 0x0000, 0x0000, 0x0000, 0x0000, 0x0000, 0x0000, 0x0000, 0x0000, 0x0000, 0x0000, 0x0000, 0x0000,
  0x0000, 0x0000, 0x48C1, 0x7962, 0x0000, 0x0000, 0x0000, 0x0000, 0x3081, 0x7963, 0x8162, 0xA1C3, 0x6121, 0x0000, 0x0000, 0x0000,
  0x0000, 0x0000, 0x0000, 0x0000, 0x0000, 0x0000, 0x0000, 0x0000, 0x0000, 0x0000, 0x0000, 0x0000, 0x0000, 0x0000, 0x0000, 0x0000,
  0x0000, 0x0000, 0x0000, 0x0000, 0x0000, 0x0000, 0x0000, 0x0000, 0x0000, 0x0000, 0x0000, 0x0000, 0x0000, 0x2881, 0x6102, 0xA1E3,
  0xCA63, 0xA202, 0x0000, 0x0000, 0x0000, 0x0000, 0x0000, 0x0000, 0x0000, 0x0000, 0x0000, 0x0000, 0x0000, 0x0000, 0x0000, 0x0000,
  0x0000, 0x0000, 0x0000, 0x0000, 0x0000, 0x0000, 0x0000, 0x0000, 0x0000, 0x0000, 0x0000, 0x0000, 0x0000, 0x0000, 0x0000, 0x0000,
  0x0000, 0x0000, 0x0000, 0x38A1, 0x6122, 0x7962, 0x1840, 0x0000, 0x0000, 0x0000, 0x0000, 0x0000, 0x0000, 0x0000, 0x0000, 0x0000,
  0x0000, 0x0000, 0x0000, 0x0000, 0x0000, 0x0000, 0x0000, 0x0000, 0x0000, 0x0000, 0x0000, 0x0000, 0x0000, 0x0000, 0x0000, 0x0000,
  0x0000, 0x0000, 0x0000, 0x0000, 0x0000, 0x0000, 0x0000, 0x0000, 0x0000, 0x0000, 0x0000, 0x0000, 0x0000, 0x0000, 0x0000, 0x0000,
  0x0000, 0x0000, 0x0000, 0x0000, 0x0000, 0x0000, 0x0000, 0x0000,
};

// Veera Run Frame 2 (36x34 = 1224 pixels)
static const uint16_t PROGMEM veera_run2_pixels[1224] = {
  0x0000, 0x0000, 0x0000, 0x0000, 0x0000, 0x0000, 0x0000, 0x0000, 0x0000, 0x0000, 0x0000, 0x0000, 0x0000, 0x0000, 0x0000, 0x0000,
  0x0000, 0x0000, 0x0000, 0x0000, 0x0000, 0x0000, 0x0000, 0x0000, 0x0000, 0x0000, 0x0000, 0x0000, 0x0000, 0x0000, 0x0000, 0x0000,
  0x0000, 0x0000, 0x0000, 0x0000, 0x0000, 0x0000, 0x0000, 0x0000, 0x0000, 0x0000, 0x0000, 0x0000, 0x0000, 0x0000, 0x0000, 0x0000,
  0x0000, 0x0000, 0x0000, 0x0000, 0x0000, 0x0000, 0x0000, 0x0000, 0x0000, 0x0000, 0x0000, 0x0000, 0x0000, 0x0000, 0x0000, 0x0000,
  0x0000, 0x0000, 0x0000, 0x0000, 0x0000, 0x0000, 0x0000, 0x0000, 0x0000, 0x0000, 0x0000, 0x0000, 0x0000, 0x0000, 0x0000, 0x0000,
  0x0000, 0x0000, 0x0000, 0x0000, 0x0000, 0x0000, 0x0000, 0x0000, 0x0000, 0x0000, 0x0000, 0x0000, 0x0000, 0x0000, 0x0000, 0x0000,
  0x0821, 0x1861, 0x0000, 0x0000, 0x2082, 0x0000, 0x0000, 0x0000, 0x0000, 0x0000, 0x0000, 0x0000, 0x0000, 0x0000, 0x0000, 0x0000,
  0x0000, 0x0000, 0x0000, 0x0000, 0x0000, 0x0000, 0x0000, 0x0000, 0x0000, 0x0000, 0x0000, 0x0000, 0x0000, 0x0000, 0x0000, 0x0000,
  0x0000, 0x0000, 0x0842, 0x0842, 0x0821, 0x1863, 0x30C3, 0x48E2, 0x28A2, 0x6143, 0x0000, 0x0000, 0x0000, 0x0000, 0x0000, 0x0000,
  0x0000, 0x0000, 0x0000, 0x0000, 0x0000, 0x0000, 0x0000, 0x0000, 0x0000, 0x0000, 0x0000, 0x0000, 0x0000, 0x0000, 0x0000, 0x0000,
  0x0000, 0x0000, 0x0000, 0x0000, 0x0000, 0x0842, 0x0842, 0x0822, 0x1042, 0x1862, 0x1862, 0x28A3, 0x28A2, 0x30A3, 0x38C2, 0x40E2,
  0x0000, 0x0000, 0x0000, 0x0000, 0x0000, 0x0000, 0x0000, 0x0000, 0x0000, 0x0000, 0x0000, 0x0000, 0x0000, 0x0000, 0x0000, 0x0000,
  0x0000, 0x0000, 0x0000, 0x0000, 0x0000, 0x0000, 0x0000, 0x0821, 0x1043, 0x1063, 0x0842, 0x1863, 0x28A3, 0x30C4, 0x30C4, 0x38E3,
  0x30C3, 0x28A2, 0x2082, 0x48E1, 0x2060, 0x0000, 0x0000, 0x0000, 0x0000, 0x0000, 0x0000, 0x0000, 0x0000, 0x0000, 0x0000, 0x0000,
  0x0000, 0x0000, 0x0000, 0x0000, 0x0000, 0x0000, 0x0000, 0x0000, 0x0000, 0x0000, 0x0000, 0x0821, 0x1064, 0x1043, 0x1863, 0x28A4,
  0x30A4, 0x30C4, 0x5124, 0x5944, 0x5124, 0x4102, 0x0062, 0x38E3, 0x5922, 0x0000, 0x0000, 0x0000, 0x0000, 0x0000, 0x0000, 0x0000,
  0x0000, 0x0000, 0x0000, 0x0000, 0x0000, 0x0000, 0x0000, 0x0000, 0x0000, 0x0000, 0x0000, 0x0000, 0x0000, 0x0000, 0x0000, 0x0842,
  0x1064, 0x0822, 0x1863, 0x2884, 0x28A3, 0x2083, 0x28C3, 0x0862, 0x1083, 0x2821, 0x4800, 0x1842, 0x6164, 0x38A1, 0x0000, 0x0000,
  0x0000, 0x0000, 0x0000, 0x0000, 0x0000, 0x0000, 0x0000, 0x0000, 0x0000, 0x0000, 0x0000, 0x0000, 0x0000, 0x0000, 0x0000, 0x0000,
  0x0000, 0x0000, 0x0000, 0x1042, 0x0822, 0x0822, 0x0842, 0x0863, 0x0021, 0x0822, 0x4822, 0x4801, 0x8021, 0xF100, 0xF960, 0x5801,
  0x28E3, 0x2861, 0x0000, 0x0000, 0x0000, 0x0000, 0x0000, 0x0000, 0x0000, 0x0000, 0x0000, 0x0000, 0x0000, 0x0000, 0x0000, 0x0000,
  0x0000, 0x0000, 0x0000, 0x0000, 0x0000, 0x0000, 0x0000, 0x0042, 0x0864, 0x0001, 0x2822, 0x6001, 0x8001, 0x9001, 0xD821, 0xA801,
  0xB8C0, 0xB1A0, 0x8120, 0x2820, 0x1861, 0x0000, 0x0000, 0x0000, 0x0000, 0x0000, 0x0000, 0x0000, 0x0000, 0x0000, 0x0000, 0x0000,
  0x0000, 0x0000, 0x0000, 0x0000, 0x0000, 0x0000, 0x0000, 0x0000, 0x0000, 0xB802, 0xB802, 0x5022, 0x2001, 0x8002, 0xA802, 0x9862,
  0x5001, 0x2800, 0x7921, 0x4902, 0x0020, 0x9A03, 0x5142, 0x0000, 0x0000, 0x0000, 0x0000, 0x0000, 0x0000, 0x0000, 0x0000, 0x0000,
  0x0000, 0x0000, 0x0000, 0x0000, 0x0000, 0x0000, 0x0000, 0x0000, 0x0000, 0x0000, 0x0000, 0x0000, 0x0000, 0x0000, 0x6801, 0x8001,
  0x5001, 0x4001, 0x1061, 0xC3A7, 0x5142, 0x5921, 0xEC29, 0xA4B1, 0x5983, 0xDC6B, 0x0000, 0x0000, 0x0000, 0x0000, 0x0000, 0x0000,
  0x0000, 0x0000, 0x0000, 0x0000, 0x0000, 0x0000, 0x0000, 0x0000, 0x0000, 0x0000, 0x0000, 0x0000, 0x0000, 0x0000, 0x0000, 0x0000,
  0x0000, 0x0000, 0x5801, 0x9802, 0xA802, 0x9801, 0x8821, 0x99A4, 0xC2A4, 0xF3A6, 0xFD4B, 0xE54C, 0xE50B, 0xFD8D, 0x51A4, 0x0000,
  0x0000, 0x0000, 0x0000, 0x0000, 0x0000, 0x0000, 0x0000, 0x0000, 0x0000, 0x0000, 0x0000, 0x0000, 0xA880, 0xE8A0, 0xF081, 0xE861,
  0xC021, 0x8001, 0x0000, 0x7001, 0xA002, 0xC802, 0xE022, 0xD801, 0xA801, 0x9821, 0xA021, 0xC800, 0xB081, 0xCAE5, 0xFD0A, 0xFDAC,
  0xFD4B, 0xCBC7, 0x0000, 0x0000, 0x0000, 0x0000, 0x0000, 0x0000, 0x0000, 0x0000, 0x0000, 0x0000, 0x0000, 0x0000, 0x7020, 0xF8C0,
  0xF8A1, 0xE841, 0xD822, 0xD802, 0xD002, 0xD002, 0xD822, 0xE842, 0xE842, 0xD041, 0x8000, 0x50A3, 0x7AE9, 0xC590, 0xCE13, 0x9329,
  0xC000, 0xA061, 0x79C2, 0xBBA7, 0xAB67, 0x0000, 0x0000, 0x0000, 0x0000, 0x0000, 0x0000, 0x0000, 0x0000, 0x0000, 0x0000, 0x0000,
  0x0000, 0xA060, 0xF881, 0xE041, 0xD802, 0xD002, 0xD822, 0xE081, 0xF0C1, 0xF8C1, 0xE881, 0xC041, 0x7801, 0x2800, 0x3985, 0xA40D,
  0xEE12, 0xFED5, 0xFF59, 0xFF78, 0x82A7, 0xD000, 0x3800, 0x0000, 0x0000, 0x0000, 0x0000, 0x0000, 0x0000, 0x0000, 0x0000, 0x0000,
  0x0000, 0x0000, 0x0000, 0x0000, 0x0000, 0xF041, 0xD822, 0xD802, 0xE022, 0xE8A1, 0xF8E0, 0xF8E0, 0xD0A0, 0x9841, 0x6001, 0x3001,
  0x40C2, 0x6A47, 0xCD10, 0xA3EC, 0xAC4D, 0xEE11, 0xFED5, 0xF6F6, 0x8BAB, 0x4000, 0x0000, 0x0000, 0x0000, 0x5962, 0x8285, 0x0000,
  0x0000, 0x0000, 0x0000, 0x0000, 0x0000, 0x0000, 0x0000, 0x0000, 0x0000, 0xD002, 0xD802, 0xE041, 0xF0E0, 0xF900, 0xD061, 0x7001,
  0x4001, 0x4801, 0x4802, 0x58C1, 0x5122, 0x9C2D, 0xF652, 0xDD90, 0x5A27, 0xCD2F, 0xD56F, 0x8265, 0xC346, 0x71E3, 0x0000, 0x0000,
  0x40C1, 0xF427, 0xFDCC, 0xAB46, 0x0000, 0x0000, 0x0000, 0x0000, 0x0000, 0x0000, 0x0000, 0x0000, 0x0000, 0x0000, 0xD021, 0xF0A0,
  0xF8C1, 0xA021, 0x3800, 0x5802, 0x7002, 0x7002, 0x4801, 0x30C1, 0x40C1, 0x5922, 0x8B49, 0xD590, 0x9C0C, 0x6268, 0x61E5, 0xD2A4,
  0xFCA9, 0xF448, 0xA284, 0x9182, 0x8982, 0xC325, 0xFD4A, 0xAAE5, 0x0000, 0x0000, 0x0000, 0x0000, 0x0000, 0x0000, 0x0000, 0x0000,
  0x0000, 0x0000, 0x6820, 0xF8C1, 0xB821, 0x0000, 0x0000, 0x0000, 0x6001, 0x7802, 0x4021, 0x830A, 0x830A, 0x5122, 0x68C0, 0x6101,
  0x69E5, 0x38E2, 0x1020, 0x89E3, 0xF345, 0xFC07, 0xDAE5, 0x6922, 0x6102, 0x6962, 0xA2A4, 0x38C1, 0x0000, 0x0000, 0x0000, 0x0000,
  0x0000, 0x0000, 0x0000, 0x0000, 0x0000, 0x0000, 0x0000, 0xA021, 0x0000, 0x0000, 0x0000, 0x0000, 0x0000, 0x5001, 0x38C3, 0xB44E,
  0xCD0F, 0xC52F, 0xA40B, 0x9308, 0x69E4, 0x4922, 0x0000, 0x0000, 0x6962, 0xB223, 0x7162, 0x2060, 0x0000, 0x0000, 0x0000, 0x0000,
  0x0000, 0x0000, 0x0000, 0x0000, 0x0000, 0x0000, 0x0000, 0x0000, 0x0000, 0x0000, 0x0000, 0x0000, 0x0000, 0x0000, 0x0000, 0x0000,
  0x0000, 0x0000, 0x0000, 0x9BAC, 0xE5B1, 0xF673, 0xFF16, 0xFF58, 0xF6F7, 0xEEB6, 0xC571, 0x62A8, 0x0000, 0x0000, 0x0000, 0x0000,
  0x0000, 0x0000, 0x0000, 0x0000, 0x0000, 0x0000, 0x0000, 0x0000, 0x0000, 0x0000, 0x0000, 0x0000, 0x0000, 0x0000, 0x0000, 0x0000,
  0x0000, 0x0000, 0x0000, 0x0000, 0x0000, 0x0000, 0x6227, 0x6A68, 0x93AC, 0xD570, 0xEE32, 0xFEB4, 0xFEB5, 0xFED5, 0xFF58, 0xFFB9,
  0x93EC, 0x0000, 0x0000, 0x0000, 0x0000, 0x0000, 0x0000, 0x0000, 0x0000, 0x0000, 0x0000, 0x0000, 0x0000, 0x0000, 0x0000, 0x0000,
  0x0000, 0x0000, 0x0000, 0x0000, 0x0000, 0x0000, 0x0000, 0x0000, 0x3944, 0x9BAC, 0xBC4E, 0x938B, 0x30A1, 0x4944, 0x6247, 0x8329,
  0x6A88, 0x9BAB, 0xE5F1, 0xF717, 0xF6D6, 0x20E2, 0x0000, 0x0000, 0x0000, 0x0000, 0x0000, 0x0000, 0x0000, 0x0000, 0x0000, 0x0000,
  0x0000, 0x0000, 0x0000, 0x0000, 0x0000, 0x0000, 0x0000, 0x0000, 0x0000, 0x0000, 0x0000, 0x0000, 0x3944, 0xBC6E, 0xDD50, 0x72E9,
  0x50C1, 0x6922, 0x58E2, 0x3860, 0x6AA8, 0xBC8D, 0xDD90, 0xF694, 0xF652, 0x20E2, 0x0000, 0x0000, 0x0000, 0x0000, 0x0000, 0x0000,
  0x0000, 0x0000, 0x0000, 0x0000, 0x0000, 0x0000, 0x0000, 0x0000, 0x0000, 0x0000, 0x0000, 0x0000, 0x0000, 0x0000, 0x0000, 0x2881,
  0x48C1, 0x49A5, 0xCCEF, 0x7AE9, 0x58E1, 0x8983, 0x7963, 0x6122, 0x51A5, 0xCD0F, 0xD550, 0xDD50, 0x72E8, 0x0000, 0x0000, 0x0000,
  0x0000, 0x0000, 0x0000, 0x0000, 0x0000, 0x0000, 0x0000, 0x0000, 0x0000, 0x0000, 0x0000, 0x0000, 0x0000, 0x0000, 0x0000, 0x0000,
  0x0000, 0x1840, 0x3081, 0x6122, 0x8163, 0x6102, 0x4144, 0x4164, 0x7942, 0xA9E3, 0x30A1, 0x0000, 0x0000, 0x28E3, 0x51E6, 0x2903,
  0x0000, 0x0000, 0x0000, 0x0000, 0x0000, 0x0000, 0x0000, 0x0000, 0x0000, 0x0000, 0x0000, 0x0000, 0x0000, 0x0000, 0x0000, 0x0000,
  0x0000, 0x0000, 0x0000, 0x0000, 0x1020, 0x6122, 0x6943, 0x6922, 0x7142, 0x38A1, 0x0000, 0x0000, 0x8182, 0xA9E3, 0x0000, 0x0000,
  0x0000, 0x0000, 0x0000, 0x0000, 0x0000, 0x0000, 0x0000, 0x0000, 0x0000, 0x0000, 0x0000, 0x0000, 0x0000, 0x0000, 0x0000, 0x0000,
  0x0000, 0x0000, 0x0000, 0x0000, 0x0000, 0x0000, 0x0000, 0x0000, 0x0000, 0x48E2, 0x7943, 0x7943, 0x2861, 0x0000, 0x0000, 0x0000,
  0x2060, 0x3081, 0x0000, 0x0000, 0x0000, 0x0000, 0x0000, 0x0000, 0x0000, 0x0000, 0x0000, 0x0000, 0x0000, 0x0000, 0x0000, 0x0000,
  0x0000, 0x0000, 0x0000, 0x0000, 0x0000, 0x0000, 0x0000, 0x0000, 0x0000, 0x0000, 0x0000, 0x0000, 0x0000, 0x2861, 0x8983, 0x7142,
  0x0000, 0x0000, 0x0000, 0x0000, 0x0000, 0x0000, 0x0000, 0x0000, 0x0000, 0x0000, 0x0000, 0x0000, 0x0000, 0x0000, 0x0000, 0x0000,
  0x0000, 0x0000, 0x0000, 0x0000, 0x0000, 0x0000, 0x0000, 0x0000, 0x0000, 0x0000, 0x0000, 0x0000, 0x0000, 0x0000, 0x0000, 0x0000,
  0x0000, 0x1020, 0x8983, 0x91A3, 0x40C1, 0x0000, 0x0000, 0x0000, 0x0000, 0x0000, 0x0000, 0x0000, 0x0000, 0x0000, 0x0000, 0x0000,
  0x0000, 0x0000, 0x0000, 0x0000, 0x0000, 0x0000, 0x0000, 0x0000, 0x0000, 0x0000, 0x0000, 0x0000, 0x0000, 0x0000, 0x0000, 0x0000,
  0x0000, 0x0000, 0x0000, 0x0000, 0x0000, 0x0000, 0x38A1, 0x6922, 0x5902, 0x0000, 0x0000, 0x0000, 0x0000, 0x0000, 0x0000, 0x0000,
  0x0000, 0x0000, 0x0000, 0x0000, 0x0000, 0x0000, 0x0000, 0x0000, 0x0000, 0x0000, 0x0000, 0x0000, 0x0000, 0x0000, 0x0000, 0x0000,
  0x0000, 0x0000, 0x0000, 0x0000, 0x0000, 0x0000, 0x0000, 0x0000, 0x0000, 0x0000, 0x0000, 0x0000, 0x0000, 0x0000, 0x0000, 0x0000,
  0x0000, 0x0000, 0x0000, 0x0000, 0x0000, 0x0000, 0x0000, 0x0000, 0x0000, 0x0000, 0x0000, 0x0000, 0x0000, 0x0000, 0x0000, 0x0000,
  0x0000, 0x0000, 0x0000, 0x0000, 0x0000, 0x0000, 0x0000, 0x0000, 0x0000, 0x0000, 0x0000, 0x0000, 0x0000, 0x0000, 0x0000, 0x0000,
  0x0000, 0x0000, 0x0000, 0x0000, 0x0000, 0x0000, 0x0000, 0x0000, 0x0000, 0x0000, 0x0000, 0x0000, 0x0000, 0x0000, 0x0000, 0x0000,
  0x0000, 0x0000, 0x0000, 0x0000, 0x0000, 0x0000, 0x0000, 0x0000,
};

// Veera Run Frame 3 (36x34 = 1224 pixels)
static const uint16_t PROGMEM veera_run3_pixels[1224] = {
  0x0000, 0x0000, 0x0000, 0x0000, 0x0000, 0x0000, 0x0000, 0x0000, 0x0000, 0x0000, 0x0000, 0x0000, 0x0000, 0x0000, 0x0000, 0x0000,
  0x0000, 0x0000, 0x0000, 0x0000, 0x0000, 0x0000, 0x0000, 0x0000, 0x0000, 0x0000, 0x0000, 0x0000, 0x0000, 0x0000, 0x0000, 0x0000,
  0x0000, 0x0000, 0x0000, 0x0000, 0x0000, 0x0000, 0x0000, 0x0000, 0x0000, 0x0000, 0x0000, 0x0000, 0x0000, 0x0000, 0x0000, 0x0000,
  0x0000, 0x0000, 0x0000, 0x0000, 0x0000, 0x0000, 0x0000, 0x0000, 0x0000, 0x0000, 0x0000, 0x1042, 0x2061, 0x0000, 0x0021, 0x4903,
  0x0000, 0x0000, 0x0000, 0x0000, 0x0000, 0x0000, 0x0000, 0x0000, 0x0000, 0x0000, 0x0000, 0x0000, 0x0000, 0x0000, 0x0000, 0x0000,
  0x0000, 0x0000, 0x0000, 0x0000, 0x0000, 0x0000, 0x0000, 0x0000, 0x0000, 0x0000, 0x0000, 0x0000, 0x0021, 0x0842, 0x0821, 0x0822,
  0x28A3, 0x5123, 0x38A1, 0x28A3, 0x6963, 0x0000, 0x0000, 0x0000, 0x0000, 0x0000, 0x0000, 0x0000, 0x0000, 0x0000, 0x0000, 0x0000,
  0x0000, 0x0000, 0x0000, 0x0000, 0x0000, 0x0000, 0x0000, 0x0000, 0x0000, 0x0000, 0x0000, 0x0000, 0x0000, 0x0000, 0x0000, 0x0842,
  0x0843, 0x0822, 0x0822, 0x0822, 0x0842, 0x1862, 0x40E3, 0x2082, 0x4103, 0x38C1, 0x38A1, 0x0000, 0x0000, 0x0000, 0x0000, 0x0000,
  0x0000, 0x0000, 0x0000, 0x0000, 0x0000, 0x0000, 0x0000, 0x0000, 0x0000, 0x0000, 0x0000, 0x0000, 0x0000, 0x0000, 0x0000, 0x0000,
  0x0000, 0x0000, 0x0021, 0x1063, 0x0842, 0x1042, 0x2063, 0x28A3, 0x30C3, 0x28A3, 0x2083, 0x1882, 0x2082, 0x28A2, 0x40C1, 0x0000,
  0x0000, 0x0000, 0x0000, 0x0000, 0x0000, 0x0000, 0x0000, 0x0000, 0x0000, 0x0000, 0x0000, 0x0000, 0x0000, 0x0000, 0x0000, 0x0000,
  0x0000, 0x0000, 0x0000, 0x0000, 0x0000, 0x0000, 0x0843, 0x1043, 0x1043, 0x2083, 0x28A4, 0x30A3, 0x30C4, 0x5944, 0x5944, 0x6143,
  0x38E2, 0x1883, 0x5102, 0x30A0, 0x0000, 0x0000, 0x0000, 0x0000, 0x0000, 0x0000, 0x0000, 0x0000, 0x0000, 0x0000, 0x0000, 0x0000,
  0x0000, 0x0000, 0x0000, 0x0000, 0x0000, 0x0000, 0x0000, 0x0000, 0x0020, 0x1042, 0x1063, 0x1063, 0x1043, 0x2063, 0x28A4, 0x30A3,
  0x30C3, 0x4104, 0x1863, 0x28E3, 0x1041, 0x0821, 0x30E3, 0x7983, 0x0000, 0x0000, 0x0000, 0x0000, 0x0000, 0x0000, 0x0000, 0x0000,
  0x0000, 0x0000, 0x0000, 0x0000, 0x0000, 0x0000, 0x0000, 0x0000, 0x0000, 0x0000, 0x0000, 0x0000, 0x0000, 0x0821, 0x1064, 0x0822,
  0x1042, 0x1863, 0x1063, 0x0042, 0x0863, 0x2022, 0x0801, 0x4001, 0xB880, 0xB060, 0x1022, 0x4903, 0x0000, 0x0000, 0x0000, 0x0000,
  0x0000, 0x0000, 0x0000, 0x0000, 0x0000, 0x0000, 0x0000, 0x0000, 0x0000, 0x0000, 0x0000, 0x0000, 0x0000, 0x0000, 0x0000, 0x0000,
  0x0000, 0x0842, 0x0842, 0x0022, 0x0021, 0x1022, 0x3821, 0x4001, 0x8822, 0xC021, 0xA821, 0xF120, 0xF200, 0xB8C0, 0x1821, 0x1861,
  0x0000, 0x0000, 0x0000, 0x0000, 0x0000, 0x0000, 0x0000, 0x0000, 0x0000, 0x0000, 0x0000, 0x0000, 0x0000, 0x0000, 0x0000, 0x0000,
  0x0000, 0x0000, 0x7801, 0xD002, 0x6801, 0x1000, 0x0842, 0x3001, 0x7802, 0x9802, 0xA001, 0x8001, 0x8021, 0x9860, 0x4020, 0x50E0,
  0x89C2, 0x2881, 0x0000, 0x0000, 0x0000, 0x0000, 0x0000, 0x0000, 0x0000, 0x0000, 0x0000, 0x0000, 0x0000, 0x0000, 0x0000, 0x0000,
  0x0000, 0x0000, 0x0000, 0x0000, 0x0000, 0x0000, 0x0000, 0x8001, 0xB002, 0x8001, 0x4000, 0x6801, 0x5801, 0x89A4, 0x81C3, 0x0020,
  0x6961, 0xABAA, 0x1925, 0x69A2, 0x9AA6, 0x0000, 0x0000, 0x0000, 0x0000, 0x0000, 0x0000, 0x0000, 0x0000, 0x0000, 0x0000, 0x0000,
  0x0000, 0x0000, 0x0000, 0x0000, 0x0000, 0x0000, 0x0000, 0x0000, 0x0000, 0x0000, 0x0000, 0x0000, 0x6801, 0x8002, 0x8002, 0x6021,
  0x3800, 0x7204, 0xDB65, 0x99E3, 0xF3E6, 0xFE11, 0x9BCB, 0xF50A, 0xB42B, 0x0000, 0x0000, 0x0000, 0x0000, 0x0000, 0x0000, 0x0000,
  0x0000, 0x0000, 0x0000, 0x0000, 0x0000, 0x0000, 0xC080, 0xF8E0, 0xF8E1, 0xF081, 0xD021, 0x9001, 0x6801, 0x8801, 0xA802, 0xD022,
  0xD822, 0xD002, 0xB001, 0xA800, 0xB800, 0xC000, 0xA0E2, 0xC2A4, 0xFCC9, 0xFD6B, 0xFD4B, 0xFD4B, 0xBB87, 0x0000, 0x0000, 0x0000,
  0x0000, 0x0000, 0x0000, 0x0000, 0x0000, 0x0000, 0x0000, 0x0000, 0x0000, 0x0000, 0xE061, 0xE861, 0xD822, 0xD802, 0xD822, 0xE842,
  0xF862, 0xF861, 0xE841, 0xB001, 0x8001, 0x70E3, 0x8A87, 0xAC4C, 0xA42C, 0xA123, 0xE000, 0xA880, 0x9A44, 0xDC69, 0xF50A, 0xC3A7,
  0x0000, 0x0000, 0x0000, 0x0000, 0x0000, 0x0000, 0x0000, 0x0000, 0x0000, 0x0000, 0x0000, 0x0000, 0x0000, 0xE061, 0xE022, 0xD802,
  0xD822, 0xE8A1, 0xF8E1, 0xF0C1, 0xB861, 0x8021, 0x3800, 0x5102, 0x91E3, 0x8B07, 0xFF16, 0xFF79, 0xFFBA, 0xD654, 0x70E2, 0xF820,
  0x9800, 0x6041, 0x3902, 0x0000, 0x0000, 0x0000, 0x0000, 0x0000, 0x0000, 0x0000, 0x0000, 0x0000, 0x0000, 0x0000, 0x0000, 0x0000,
  0xA821, 0xE822, 0xD802, 0xE041, 0xF0E0, 0xF8E0, 0xB861, 0x5801, 0x4001, 0x3001, 0x9224, 0xFD2A, 0xFCE9, 0xB284, 0xD590, 0xFF16,
  0xFED5, 0xF653, 0x9BEB, 0x88C3, 0xE021, 0x8842, 0x0000, 0x0000, 0x8A23, 0xE3E7, 0xC3E8, 0x0000, 0x0000, 0x0000, 0x0000, 0x0000,
  0x0000, 0x0000, 0x0000, 0x0000, 0x0000, 0xD802, 0xE041, 0xF0E0, 0xF0A1, 0x7801, 0x4001, 0x5802, 0x6002, 0x3861, 0x81C3, 0xC3C7,
  0xC306, 0x50E1, 0x8B4A, 0x9BCB, 0x936A, 0xA40B, 0xFF16, 0x8349, 0x3000, 0x938A, 0xBD0F, 0x1040, 0x7162, 0xEB86, 0xF50B, 0x0000,
  0x0000, 0x0000, 0x0000, 0x0000, 0x0000, 0x0000, 0x0000, 0x0000, 0x0000, 0x6001, 0xF8A1, 0xF0A1, 0x7801, 0x5801, 0x7002, 0x7802,
  0x4001, 0x5922, 0xBA03, 0x7121, 0x1000, 0x3081, 0x4144, 0x72CA, 0xAC6D, 0xE612, 0xC4EF, 0x81A3, 0x4943, 0xD590, 0x9BAA, 0x50E1,
  0x48C1, 0xBA64, 0xAAE5, 0x0000, 0x0000, 0x0000, 0x0000, 0x0000, 0x0000, 0x0000, 0x0000, 0x0000, 0x0000, 0x0000, 0xB061, 0xC041,
  0x0000, 0x4801, 0x7802, 0x7002, 0x4881, 0x81A2, 0x8162, 0x2881, 0x59E7, 0x6144, 0x58C1, 0x79C4, 0x8AC7, 0x59A4, 0x6101, 0x3060,
  0x6248, 0xABCC, 0x8182, 0x7142, 0x7142, 0x3081, 0x0000, 0x0000, 0x0000, 0x0000, 0x0000, 0x0000, 0x0000, 0x0000, 0x0000, 0x0000,
  0x0000, 0x0000, 0x0000, 0x0000, 0x0000, 0x0000, 0x4801, 0x4001, 0x9A44, 0xFCA9, 0xD448, 0x8A24, 0xA3AC, 0xB44D, 0x8308, 0x7A04,
  0x7941, 0x50A0, 0x1000, 0x0000, 0x0000, 0x3902, 0xB243, 0x6942, 0x2061, 0x0000, 0x0000, 0x0000, 0x0000, 0x0000, 0x0000, 0x0000,
  0x0000, 0x0000, 0x0000, 0x0000, 0x0000, 0x0000, 0x0000, 0x0000, 0x0000, 0x0000, 0x0000, 0x0000, 0x79C3, 0xFCC9, 0xF489, 0x71A3,
  0xA40D, 0xEDF1, 0xFE73, 0xEE95, 0xD614, 0xCD92, 0x838B, 0x0000, 0x0000, 0x0000, 0x0000, 0x0000, 0x0000, 0x0000, 0x0000, 0x0000,
  0x0000, 0x0000, 0x0000, 0x0000, 0x0000, 0x0000, 0x0000, 0x0000, 0x0000, 0x0000, 0x0000, 0x0000, 0x0000, 0x0000, 0x0000, 0x0000,
  0x0000, 0x6184, 0x7204, 0x6A89, 0x72C9, 0xC4EF, 0xF632, 0xFEF5, 0xFF37, 0xFF37, 0xFF78, 0xEED6, 0x7309, 0x0000, 0x0000, 0x0000,
  0x0000, 0x0000, 0x0000, 0x0000, 0x0000, 0x0000, 0x0000, 0x0000, 0x0000, 0x0000, 0x0000, 0x0000, 0x0000, 0x0000, 0x0000, 0x0000,
  0x0000, 0x0000, 0x0000, 0x49C6, 0x93AC, 0xB48E, 0xCD2F, 0xDD90, 0x9BAC, 0x6A68, 0x72C8, 0x8B6A, 0x93CB, 0xBCEE, 0xF653, 0xFF38,
  0xFF99, 0x8BEC, 0x0000, 0x0000, 0x0000, 0x0000, 0x0000, 0x0000, 0x0000, 0x0000, 0x0000, 0x0000, 0x0000, 0x0000, 0x0000, 0x0000,
  0x0000, 0x0000, 0x0000, 0x0000, 0x0000, 0x0000, 0x0000, 0xB42D, 0xEE11, 0xF672, 0xFEF6, 0xF694, 0xEE12, 0xBC6E, 0x20C2, 0x28E3,
  0xB42D, 0xDDB0, 0xEE11, 0xF674, 0xF717, 0xFF57, 0x3984, 0x0000, 0x0000, 0x0000, 0x0000, 0x0000, 0x0000, 0x0000, 0x0000, 0x0000,
  0x0000, 0x0000, 0x0000, 0x0000, 0x0000, 0x0000, 0x0000, 0x0000, 0x0000, 0x0000, 0x2861, 0x5A06, 0xE5B0, 0xF652, 0xF6B5, 0xFEB4,
  0xC4CE, 0x3124, 0x0000, 0x0000, 0x28E3, 0x8B4B, 0xBC8D, 0xEE11, 0xFEF5, 0xEE53, 0x3143, 0x0000, 0x0000, 0x0000, 0x0000, 0x0000,
  0x0000, 0x0000, 0x0000, 0x0000, 0x0000, 0x0000, 0x0000, 0x0000, 0x0000, 0x0000, 0x0000, 0x0000, 0x0000, 0x2881, 0x8163, 0x6901,
  0x7AC8, 0xDD90, 0xDD6F, 0x8B4A, 0x0000, 0x0000, 0x0000, 0x0000, 0x0000, 0x51C6, 0xDD70, 0xE5D1, 0xA44C, 0x7225, 0x2060, 0x0000,
  0x0000, 0x0000, 0x0000, 0x0000, 0x0000, 0x0000, 0x0000, 0x0000, 0x0000, 0x0000, 0x0000, 0x0000, 0x0000, 0x0000, 0x0000, 0x1840,
  0x48E2, 0x7963, 0x99A3, 0xBA03, 0x48A1, 0x2923, 0x3944, 0x0000, 0x0000, 0x0000, 0x0000, 0x0000, 0x0000, 0x3944, 0xAC0D, 0x6227,
  0x50C1, 0xC222, 0x7161, 0x0000, 0x0000, 0x0000, 0x0000, 0x0000, 0x0000, 0x0000, 0x0000, 0x0000, 0x0000, 0x0000, 0x0000, 0x0000,
  0x0000, 0x0000, 0x2040, 0x7143, 0x9183, 0x8982, 0x8162, 0x38A1, 0x0000, 0x0000, 0x0000, 0x0000, 0x0000, 0x0000, 0x0000, 0x0000,
  0x0000, 0x0000, 0x0000, 0x40A1, 0x9183, 0xB203, 0xAA02, 0x0000, 0x0000, 0x0000, 0x0000, 0x0000, 0x0000, 0x0000, 0x0000, 0x0000,
  0x0000, 0x0000, 0x0000, 0x0000, 0x0000, 0x0000, 0x1840, 0x8163, 0xA1C3, 0x99C3, 0x1840, 0x0000, 0x0000, 0x0000, 0x0000, 0x0000,
  0x0000, 0x0000, 0x0000, 0x0000, 0x0000, 0x0000, 0x0000, 0x1040, 0x6942, 0x91A3, 0x99A3, 0x6921, 0x6121, 0xC263, 0x48E1, 0x0000,
  0x0000, 0x0000, 0x0000, 0x0000, 0x0000, 0x0000, 0x0000, 0x0000, 0x0000, 0x0000, 0x0000, 0x6122, 0xB1E3, 0x7962, 0x0000, 0x0000,
  0x0000, 0x0000, 0x0000, 0x0000, 0x0000, 0x0000, 0x0000, 0x0000, 0x0000, 0x0000, 0x0000, 0x0000, 0x38A1, 0x91A3, 0x99C3, 0xBA23,
  0xD284, 0x99C2, 0x1020, 0x0000, 0x0000, 0x0000, 0x0000, 0x0000, 0x0000, 0x0000, 0x0000, 0x0000, 0x0000, 0x0000, 0x0000, 0x40C1,
  0xB203, 0xC243, 0x91A2, 0x0000, 0x0000, 0x0000, 0x0000, 0x0000, 0x0000, 0x0000, 0x0000, 0x0000, 0x0000, 0x0000, 0x0000, 0x0000,
  0x2861, 0x89A3, 0x9183, 0x7962, 0x50E1, 0x0800, 0x0000, 0x0000, 0x0000, 0x0000, 0x0000, 0x0000, 0x0000, 0x0000, 0x0000, 0x0000,
  0x0000, 0x0000, 0x0000, 0x0000, 0x30A1, 0x5101, 0x40A1, 0x0000, 0x0000, 0x0000, 0x0000, 0x0000, 0x0000, 0x0000, 0x0000, 0x0000,
  0x0000, 0x0000, 0x0000, 0x0000, 0x0000, 0x48E2, 0x38A1, 0x0000, 0x0000, 0x0000, 0x0000, 0x0000, 0x0000, 0x0000, 0x0000, 0x0000,
  0x0000, 0x0000, 0x0000, 0x0000, 0x0000, 0x0000, 0x0000, 0x0000, 0x0000, 0x0000, 0x0000, 0x0000, 0x0000, 0x0000, 0x0000, 0x0000,
  0x0000, 0x0000, 0x0000, 0x0000, 0x0000, 0x0000, 0x0000, 0x0000, 0x0000, 0x0000, 0x0000, 0x0000, 0x0000, 0x0000, 0x0000, 0x0000,
  0x0000, 0x0000, 0x0000, 0x0000, 0x0000, 0x0000, 0x0000, 0x0000, 0x0000, 0x0000, 0x0000, 0x0000, 0x0000, 0x0000, 0x0000, 0x0000,
  0x0000, 0x0000, 0x0000, 0x0000, 0x0000, 0x0000, 0x0000, 0x0000, 0x0000, 0x0000, 0x0000, 0x0000, 0x0000, 0x0000, 0x0000, 0x0000,
  0x0000, 0x0000, 0x0000, 0x0000, 0x0000, 0x0000, 0x0000, 0x0000,
};

// Veera Run Frame 4 (36x34 = 1224 pixels)
static const uint16_t PROGMEM veera_run4_pixels[1224] = {
  0x0000, 0x0000, 0x0000, 0x0000, 0x0000, 0x0000, 0x0000, 0x0000, 0x0000, 0x0000, 0x0000, 0x0000, 0x0000, 0x0000, 0x0000, 0x0000,
  0x0000, 0x0000, 0x0000, 0x0000, 0x0000, 0x0000, 0x0000, 0x0000, 0x0000, 0x0000, 0x0000, 0x0000, 0x0000, 0x0000, 0x0000, 0x0000,
  0x0000, 0x0000, 0x0000, 0x0000, 0x0000, 0x0000, 0x0000, 0x0000, 0x0000, 0x0000, 0x0000, 0x0000, 0x0000, 0x0000, 0x0000, 0x0000,
  0x0000, 0x0000, 0x0000, 0x0000, 0x0000, 0x0000, 0x0000, 0x0000, 0x0000, 0x0000, 0x0000, 0x0000, 0x0000, 0x0000, 0x0000, 0x0000,
  0x0000, 0x0000, 0x0000, 0x0000, 0x0000, 0x0000, 0x0000, 0x0000, 0x0000, 0x0000, 0x0000, 0x0000, 0x0000, 0x0000, 0x0000, 0x0000,
  0x0000, 0x0000, 0x0000, 0x0000, 0x0000, 0x0000, 0x0000, 0x0000, 0x0000, 0x0000, 0x0000, 0x0000, 0x0000, 0x0000, 0x0020, 0x1021,
  0x1041, 0x0000, 0x0000, 0x30C3, 0x0000, 0x0000, 0x0000, 0x0000, 0x0000, 0x0000, 0x0000, 0x0000, 0x0000, 0x0000, 0x0000, 0x0000,
  0x0000, 0x0000, 0x0000, 0x0000, 0x0000, 0x0000, 0x0000, 0x0000, 0x0000, 0x0000, 0x0000, 0x0000, 0x0000, 0x0000, 0x0000, 0x0000,
  0x0000, 0x0842, 0x0822, 0x1042, 0x2083, 0x40E3, 0x48E2, 0x2082, 0x6163, 0x0000, 0x1860, 0x0000, 0x0000, 0x0000, 0x0000, 0x0000,
  0x0000, 0x0000, 0x0000, 0x0000, 0x0000, 0x0000, 0x0000, 0x0000, 0x0000, 0x0000, 0x0000, 0x0000, 0x0000, 0x0000, 0x0000, 0x0000,
  0x0000, 0x0000, 0x0000, 0x0020, 0x0842, 0x0842, 0x0822, 0x1042, 0x1862, 0x1862, 0x20A3, 0x2082, 0x38E3, 0x40E2, 0x40E1, 0x0000,
  0x0000, 0x0000, 0x0000, 0x0000, 0x0000, 0x0000, 0x0000, 0x0000, 0x0000, 0x0000, 0x0000, 0x0000, 0x0000, 0x0000, 0x0000, 0x0000,
  0x0000, 0x0000, 0x0000, 0x0000, 0x0000, 0x0000, 0x0000, 0x0842, 0x1063, 0x1042, 0x2083, 0x28A3, 0x30C4, 0x30C4, 0x4103, 0x30C3,
  0x2082, 0x2082, 0x40C1, 0x1860, 0x0000, 0x0000, 0x0000, 0x0000, 0x0000, 0x0000, 0x0000, 0x0000, 0x0000, 0x0000, 0x0000, 0x0000,
  0x0000, 0x0000, 0x0000, 0x0000, 0x0000, 0x0000, 0x0000, 0x0000, 0x0000, 0x0000, 0x0843, 0x1084, 0x1043, 0x1863, 0x2084, 0x30C4,
  0x30C4, 0x5943, 0x5144, 0x5944, 0x4102, 0x0042, 0x40E3, 0x48E1, 0x0000, 0x0000, 0x0000, 0x0000, 0x0000, 0x0000, 0x0000, 0x0000,
  0x0000, 0x0000, 0x0000, 0x0000, 0x0000, 0x0000, 0x0000, 0x0000, 0x0000, 0x0000, 0x0000, 0x0000, 0x0000, 0x0000, 0x1063, 0x1064,
  0x1042, 0x2063, 0x28A4, 0x28A4, 0x2083, 0x28C3, 0x0042, 0x1082, 0x2021, 0x4001, 0x1862, 0x7183, 0x1840, 0x0000, 0x0000, 0x0000,
  0x0000, 0x0000, 0x0000, 0x0000, 0x0000, 0x0000, 0x0000, 0x0000, 0x0000, 0x0000, 0x0000, 0x0000, 0x0000, 0x0000, 0x0000, 0x0000,
  0x0000, 0x1022, 0x1063, 0x0822, 0x0842, 0x0843, 0x0863, 0x0021, 0x0821, 0x5002, 0x4801, 0x8021, 0xF100, 0xF900, 0x3001, 0x30E3,
  0x0000, 0x0000, 0x0000, 0x0000, 0x0000, 0x0000, 0x0000, 0x0000, 0x0000, 0x0000, 0x0000, 0x0000, 0x0000, 0x0000, 0x0000, 0x0000,
  0x0000, 0x0000, 0x0000, 0x0000, 0x0000, 0x0000, 0x0843, 0x0843, 0x1001, 0x4002, 0x7801, 0x9001, 0xA822, 0xD861, 0xA001, 0xC0E0,
  0xB980, 0x80C0, 0x2021, 0x1061, 0x0000, 0x0000, 0x0000, 0x0000, 0x0000, 0x0000, 0x0000, 0x0000, 0x0000, 0x0000, 0x0000, 0x0000,
  0x0000, 0x0000, 0x0000, 0x0000, 0x0000, 0x0000, 0xB002, 0xD802, 0xC001, 0x0000, 0x1821, 0x4002, 0xA002, 0xA002, 0x8862, 0x4000,
  0x3020, 0x7921, 0x30A1, 0x1040, 0xA244, 0x38C1, 0x0000, 0x0000, 0x0000, 0x0000, 0x0000, 0x0000, 0x0000, 0x0000, 0x0000, 0x0000,
  0x0000, 0x0000, 0x0000, 0x0000, 0x0000, 0x0000, 0x0000, 0x0000, 0x0000, 0x0000, 0x0000, 0x0000, 0x0000, 0x8801, 0x7001, 0x5801,
  0x3800, 0x3963, 0xCB86, 0x30E1, 0x89C2, 0xE4AC, 0x6B2D, 0x79E3, 0xBBEA, 0x0000, 0x0000, 0x0000, 0x0000, 0x0000, 0x0000, 0x0000,
  0x0000, 0x0000, 0x0000, 0x0000, 0x0000, 0x0000, 0x0000, 0x0000, 0x0000, 0x0000, 0x0000, 0x0000, 0x0000, 0x0000, 0x0000, 0x5801,
  0x7001, 0x9001, 0xB802, 0xC802, 0xB801, 0xA000, 0xA983, 0xC2C5, 0xFC07, 0xFDAC, 0xDCEC, 0xED0B, 0xF50B, 0x0000, 0x0000, 0x0000,
  0x0000, 0x0000, 0x0000, 0x0000, 0x0000, 0x0000, 0x0000, 0x0000, 0x0000, 0x0000, 0x9040, 0xE0A0, 0xF8E0, 0xF8A0, 0xE041, 0xB002,
  0xA002, 0xB802, 0xD822, 0xE842, 0xF042, 0xE042, 0xB801, 0x8821, 0x8943, 0x9144, 0xA800, 0xB881, 0xD366, 0xFD4B, 0xFD6B, 0xFD2B,
  0xAB26, 0x0000, 0x0000, 0x0000, 0x0000, 0x0000, 0x0000, 0x0000, 0x0000, 0x0000, 0x0000, 0x0000, 0x0000, 0x0000, 0xA021, 0xF8A1,
  0xE861, 0xD822, 0xD802, 0xE022, 0xF081, 0xF881, 0xD861, 0xA021, 0x7000, 0x3800, 0x30E3, 0xA42C, 0xEEB5, 0xEF58, 0xC5B2, 0xA081,
  0x8860, 0xA2C5, 0xD469, 0xAB26, 0x0000, 0x0000, 0x0000, 0x0000, 0x0000, 0x0000, 0x0000, 0x0000, 0x0000, 0x0000, 0x0000, 0x0000,
  0x0000, 0x0000, 0xB821, 0xE022, 0xD802, 0xE022, 0xE8A1, 0xF8C0, 0xD081, 0x8021, 0x4001, 0x3041, 0x38E3, 0x3944, 0xB44E, 0xE5D1,
  0xFE94, 0xFEF7, 0xFFDA, 0xBCEF, 0x9000, 0x0000, 0x0000, 0x0000, 0x0000, 0x0000, 0x0000, 0x0000, 0x0000, 0x0000, 0x0000, 0x0000,
  0x0000, 0x0000, 0x0000, 0x0000, 0x0000, 0xB821, 0xF041, 0xD002, 0xE042, 0xF8E0, 0xF0E1, 0x8821, 0x4001, 0x4802, 0x3841, 0x89E4,
  0x6A26, 0xBCCF, 0xDD90, 0x7B09, 0xD570, 0xFEB4, 0xE695, 0x8B69, 0x2060, 0x0000, 0x0000, 0x0000, 0x59A3, 0x0000, 0x0000, 0x0000,
  0x0000, 0x0000, 0x0000, 0x0000, 0x0000, 0x0000, 0x0000, 0x0000, 0x0000, 0xD021, 0xD802, 0xD822, 0xF0C1, 0xE8A1, 0x6001, 0x4001,
  0x6802, 0x3801, 0x5902, 0x40A1, 0x3881, 0x82A7, 0xD5D1, 0xA46D, 0x72E9, 0xD590, 0x8244, 0xD386, 0xB346, 0x38C1, 0x40A1, 0x9A44,
  0xFD6B, 0xC3E8, 0x0000, 0x0000, 0x0000, 0x0000, 0x0000, 0x0000, 0x0000, 0x0000, 0x0000, 0x0000, 0x0000, 0x6801, 0xE022, 0xE881,
  0xF0A1, 0x5801, 0x3801, 0x7802, 0x6001, 0x7962, 0x6122, 0x59E7, 0x61E5, 0x58A0, 0x7142, 0x9B29, 0x5A47, 0x3923, 0xB223, 0xFC48,
  0xFCE9, 0x9A44, 0xA9E2, 0x81A2, 0xF488, 0xF448, 0x0000, 0x0000, 0x0000, 0x0000, 0x0000, 0x0000, 0x0000, 0x0000, 0x0000, 0x0000,
  0x0000, 0x0000, 0x6800, 0xF881, 0xA821, 0x0000, 0x0000, 0x0000, 0x4821, 0xD2C4, 0x79E5, 0xB46E, 0xC4CF, 0x9BCB, 0x8A65, 0x6101,
  0x4080, 0x1000, 0x28A1, 0xBA84, 0xEB25, 0x6962, 0x5902, 0x5102, 0xC2E5, 0x81E3, 0x0000, 0x0000, 0x0000, 0x0000, 0x0000, 0x0000,
  0x0000, 0x0000, 0x0000, 0x0000, 0x0000, 0x0000, 0x0000, 0x8801, 0x0000, 0x0000, 0x0000, 0x0000, 0x0000, 0x6141, 0x69C5, 0xC4D0,
  0xDDB0, 0xFE93, 0xF6B4, 0xD5F3, 0xAC6D, 0x6267, 0x0000, 0x0000, 0x0000, 0x0000, 0x0000, 0x0000, 0x0000, 0x0000, 0x0000, 0x0000,
  0x0000, 0x0000, 0x0000, 0x0000, 0x0000, 0x0000, 0x0000, 0x0000, 0x0000, 0x0000, 0x0000, 0x0000, 0x0000, 0x0000, 0x0000, 0x0000,
  0x0000, 0x0000, 0x0820, 0x72E9, 0xD570, 0xF632, 0xFED4, 0xFF78, 0xFF79, 0xFF78, 0xC530, 0x0000, 0x0000, 0x0000, 0x0000, 0x0000,
  0x0000, 0x0000, 0x0000, 0x0000, 0x0000, 0x0000, 0x0000, 0x0000, 0x0000, 0x0000, 0x0000, 0x0000, 0x0000, 0x0000, 0x0000, 0x0000,
  0x0000, 0x0000, 0x0000, 0x0000, 0x0000, 0x2060, 0x5902, 0x3081, 0x49A5, 0x834A, 0x93AB, 0x9BCB, 0xE5D1, 0xF6B6, 0xFFBA, 0xB4CF,
  0x0000, 0x0000, 0x0000, 0x0000, 0x0000, 0x0000, 0x0000, 0x0000, 0x0000, 0x0000, 0x0000, 0x0000, 0x0000, 0x0000, 0x0000, 0x0000,
  0x0000, 0x0000, 0x0000, 0x0000, 0x0000, 0x0000, 0x0000, 0x0000, 0x0000, 0x38A1, 0x8983, 0x7943, 0x7122, 0x48A1, 0x49A5, 0x8B4A,
  0xB46D, 0xF673, 0xFEF7, 0xF694, 0x0000, 0x0000, 0x0000, 0x0000, 0x0000, 0x0000, 0x0000, 0x0000, 0x0000, 0x0000, 0x0000, 0x0000,
  0x0000, 0x0000, 0x0000, 0x0000, 0x0000, 0x0000, 0x0000, 0x0000, 0x0000, 0x0000, 0x0000, 0x0000, 0x0000, 0x6102, 0xA1C3, 0x8183,
  0x7943, 0x8142, 0x5184, 0xC50F, 0xDD90, 0xEE11, 0xF693, 0xCD0F, 0x0000, 0x0000, 0x0000, 0x0000, 0x0000, 0x0000, 0x0000, 0x0000,
  0x0000, 0x0000, 0x0000, 0x0000, 0x0000, 0x0000, 0x0000, 0x0000, 0x0000, 0x0000, 0x0000, 0x0000, 0x0000, 0x0000, 0x0000, 0x0000,
  0x0000, 0x8982, 0xB1E3, 0x5901, 0x20A2, 0x61E6, 0x4124, 0x49A6, 0x8B6B, 0xA40D, 0x9BEC, 0x2923, 0x0000, 0x0000, 0x0000, 0x0000,
  0x0000, 0x0000, 0x0000, 0x0000, 0x0000, 0x0000, 0x0000, 0x0000, 0x0000, 0x0000, 0x0000, 0x0000, 0x0000, 0x0000, 0x0000, 0x0000,
  0x0000, 0x0000, 0x0000, 0x0000, 0x0000, 0x99C3, 0xD263, 0x2060, 0x1882, 0x936B, 0xC48F, 0xA3CC, 0x8B4A, 0x51E6, 0x0000, 0x0000,
  0x0000, 0x0000, 0x0000, 0x0000, 0x0000, 0x0000, 0x0000, 0x0000, 0x0000, 0x0000, 0x0000, 0x0000, 0x0000, 0x0000, 0x0000, 0x0000,
  0x0000, 0x0000, 0x0000, 0x0000, 0x0000, 0x0000, 0x0000, 0x0000, 0x0000, 0x38A1, 0x5101, 0x1040, 0x50E2, 0x40E2, 0x72A8, 0xC4CE,
  0xAC2C, 0x0000, 0x0000, 0x0000, 0x0000, 0x0000, 0x0000, 0x0000, 0x0000, 0x0000, 0x0000, 0x0000, 0x0000, 0x0000, 0x0000, 0x0000,
  0x0000, 0x0000, 0x0000, 0x0000, 0x0000, 0x0000, 0x0000, 0x0000, 0x0000, 0x0000, 0x0000, 0x0000, 0x0000, 0x0000, 0x0000, 0x3081,
  0x7143, 0x8983, 0x58E1, 0x18A2, 0x0000, 0x0000, 0x0000, 0x0000, 0x0000, 0x0000, 0x0000, 0x0000, 0x0000, 0x0000, 0x0000, 0x0000,
  0x0000, 0x0000, 0x0000, 0x0000, 0x0000, 0x0000, 0x0000, 0x0000, 0x0000, 0x0000, 0x0000, 0x0000, 0x0000, 0x0000, 0x0000, 0x0000,
  0x0000, 0x0000, 0x2861, 0x6922, 0x8983, 0x91A2, 0x2880, 0x0000, 0x0000, 0x0000, 0x0000, 0x0000, 0x0000, 0x0000, 0x0000, 0x0000,
  0x0000, 0x0000, 0x0000, 0x0000, 0x0000, 0x0000, 0x0000, 0x0000, 0x0000, 0x0000, 0x0000, 0x0000, 0x0000, 0x0000, 0x0000, 0x0000,
  0x0000, 0x0000, 0x0000, 0x0000, 0x0000, 0x1840, 0x7143, 0x8162, 0xA1C3, 0x40A1, 0x0000, 0x0000, 0x0000, 0x0000, 0x0000, 0x0000,
  0x0000, 0x0000, 0x0000, 0x0000, 0x0000, 0x0000, 0x0000, 0x0000, 0x0000, 0x0000, 0x0000, 0x0000, 0x0000, 0x0000, 0x0000, 0x0000,
  0x0000, 0x0000, 0x0000, 0x0000, 0x0000, 0x0000, 0x0000, 0x0000, 0x0000, 0x2061, 0x6922, 0x8983, 0xBA03, 0xA9E2, 0x5101, 0x0000,
  0x0000, 0x0000, 0x0000, 0x0000, 0x0000, 0x0000, 0x0000, 0x0000, 0x0000, 0x0000, 0x0000, 0x0000, 0x0000, 0x0000, 0x0000, 0x0000,
  0x0000, 0x0000, 0x0000, 0x0000, 0x0000, 0x0000, 0x0000, 0x0000, 0x0000, 0x0000, 0x0000, 0x0000, 0x0000, 0x0000, 0x0000, 0x2881,
  0x6122, 0xA1E2, 0xB202, 0x2060, 0x0000, 0x0000, 0x0000, 0x0000, 0x0000, 0x0000, 0x0000, 0x0000, 0x0000, 0x0000, 0x0000, 0x0000,
  0x0000, 0x0000, 0x0000, 0x0000, 0x0000, 0x0000, 0x0000, 0x0000, 0x0000, 0x0000, 0x0000, 0x0000, 0x0000, 0x0000, 0x0000, 0x0000,
  0x0000, 0x0000, 0x0000, 0x0000, 0x0000, 0x0000, 0x0000, 0x0000, 0x0000, 0x0000, 0x0000, 0x0000, 0x0000, 0x0000, 0x0000, 0x0000,
  0x0000, 0x0000, 0x0000, 0x0000, 0x0000, 0x0000, 0x0000, 0x0000,
};

// Veera Run Frame 5 (36x34 = 1224 pixels)
static const uint16_t PROGMEM veera_run5_pixels[1224] = {
  0x0000, 0x0000, 0x0000, 0x0000, 0x0000, 0x0000, 0x0000, 0x0000, 0x0000, 0x0000, 0x0000, 0x0000, 0x0000, 0x0000, 0x0000, 0x0000,
  0x0000, 0x0000, 0x0000, 0x0000, 0x0000, 0x0000, 0x0000, 0x0000, 0x0000, 0x0000, 0x0000, 0x0000, 0x0000, 0x0000, 0x0000, 0x0000,
  0x0000, 0x0000, 0x0000, 0x0000, 0x0000, 0x0000, 0x0000, 0x0000, 0x0000, 0x0000, 0x0000, 0x0000, 0x0000, 0x0000, 0x0000, 0x0000,
  0x0000, 0x0000, 0x0000, 0x0000, 0x0000, 0x0000, 0x0000, 0x0000, 0x0000, 0x0000, 0x0000, 0x0821, 0x1062, 0x0000, 0x0000, 0x0841,
  0x30C2, 0x0000, 0x0000, 0x0000, 0x0000, 0x0000, 0x0000, 0x0000, 0x0000, 0x0000, 0x0000, 0x0000, 0x0000, 0x0000, 0x0000, 0x0000,
  0x0000, 0x0000, 0x0000, 0x0000, 0x0000, 0x0000, 0x0000, 0x0000, 0x0000, 0x0000, 0x0000, 0x0000, 0x0000, 0x0000, 0x1042, 0x0822,
  0x1042, 0x28A3, 0x4903, 0x2881, 0x4103, 0x38C1, 0x0000, 0x0000, 0x0000, 0x0000, 0x0000, 0x0000, 0x0000, 0x0000, 0x0000, 0x0000,
  0x0000, 0x0000, 0x0000, 0x0000, 0x0000, 0x0000, 0x0000, 0x0000, 0x0000, 0x0000, 0x0000, 0x0000, 0x0000, 0x0000, 0x0000, 0x0000,
  0x0842, 0x1063, 0x0822, 0x0822, 0x1042, 0x1862, 0x2083, 0x30C3, 0x28A3, 0x40E2, 0x40C2, 0x0000, 0x0000, 0x0000, 0x0000, 0x0000,
  0x0000, 0x0000, 0x0000, 0x0000, 0x0000, 0x0000, 0x0000, 0x0000, 0x0000, 0x0000, 0x0000, 0x0000, 0x0000, 0x0000, 0x0000, 0x0000,
  0x0000, 0x0000, 0x0000, 0x0000, 0x1043, 0x0822, 0x1042, 0x2883, 0x30A3, 0x30C3, 0x30C3, 0x30C3, 0x28A3, 0x28A3, 0x30A2, 0x0000,
  0x0000, 0x0000, 0x0000, 0x0000, 0x0000, 0x0000, 0x0000, 0x0000, 0x0000, 0x0000, 0x0000, 0x0000, 0x0000, 0x0000, 0x0000, 0x0000,
  0x0000, 0x0000, 0x0000, 0x0000, 0x0000, 0x0000, 0x0821, 0x1063, 0x1064, 0x1063, 0x2083, 0x28A3, 0x30A4, 0x30C3, 0x6964, 0x5144,
  0x6143, 0x1882, 0x1882, 0x5102, 0x0000, 0x0000, 0x0000, 0x0000, 0x0000, 0x0000, 0x0000, 0x0000, 0x0000, 0x0000, 0x0000, 0x0000,
  0x0000, 0x0000, 0x0000, 0x0000, 0x0000, 0x0000, 0x0000, 0x0000, 0x0000, 0x0000, 0x0821, 0x1063, 0x1063, 0x1863, 0x2083, 0x28A4,
  0x28A3, 0x30C3, 0x30E3, 0x1063, 0x1882, 0x2000, 0x1021, 0x5144, 0x48E1, 0x0000, 0x0000, 0x0000, 0x0000, 0x0000, 0x0000, 0x0000,
  0x0000, 0x0000, 0x0000, 0x0000, 0x0000, 0x0000, 0x0000, 0x0000, 0x0000, 0x0000, 0x0000, 0x0000, 0x0000, 0x0000, 0x0842, 0x1064,
  0x0822, 0x1043, 0x1063, 0x0842, 0x0022, 0x1042, 0x3001, 0x2001, 0x9841, 0xF900, 0x9820, 0x1883, 0x40C2, 0x0000, 0x0000, 0x0000,
  0x0000, 0x0000, 0x0000, 0x0000, 0x0000, 0x0000, 0x0000, 0x0000, 0x0000, 0x0000, 0x0000, 0x0000, 0x0000, 0x0000, 0x0000, 0x0000,
  0x0000, 0x0000, 0x0842, 0x0842, 0x0022, 0x0021, 0x2822, 0x5801, 0x5801, 0xB021, 0xC801, 0xB841, 0xE180, 0xC180, 0x6840, 0x1062,
  0x0000, 0x0000, 0x0000, 0x0000, 0x0000, 0x0000, 0x0000, 0x0000, 0x0000, 0x0000, 0x0000, 0x0000, 0x0000, 0x0000, 0x0000, 0x0000,
  0x0000, 0x0000, 0x0000, 0x0000, 0x6801, 0x0000, 0x0000, 0x1042, 0x4801, 0x9002, 0x9802, 0x9002, 0x6801, 0x6040, 0x7080, 0x1820,
  0x5921, 0x81C2, 0x0820, 0x0000, 0x0000, 0x0000, 0x0000, 0x0000, 0x0000, 0x0000, 0x0000, 0x0000, 0x0000, 0x0000, 0x0000, 0x0000,
  0x0000, 0x0000, 0x0000, 0x0000, 0x0000, 0x0000, 0x9801, 0xD802, 0xD002, 0xB002, 0x7801, 0x4000, 0x6801, 0x3801, 0x8224, 0x8A44,
  0x0020, 0xAA63, 0xBCCF, 0x18E3, 0xBB26, 0x4984, 0x0000, 0x0000, 0x0000, 0x0000, 0x0000, 0x0000, 0x0000, 0x0000, 0x0000, 0x0000,
  0x0000, 0x0000, 0x0000, 0x0000, 0x0000, 0x0000, 0x0000, 0x0000, 0x0000, 0x0000, 0x0000, 0x0000, 0x0000, 0x7801, 0x8801, 0x8801,
  0x8001, 0x5801, 0x71A3, 0xBAE5, 0xCAC5, 0xFCA9, 0xF5CF, 0xABE9, 0xFDAD, 0x82C7, 0x0000, 0x0000, 0x0000, 0x0000, 0x0000, 0x0000,
  0x0000, 0x0000, 0x0000, 0x0000, 0x0000, 0x0000, 0x7840, 0xB880, 0xE0C0, 0xE081, 0xD041, 0xA001, 0x0000, 0x0000, 0x0000, 0x8001,
  0xA801, 0xC002, 0xD822, 0xE022, 0xD001, 0xC000, 0xB000, 0xA040, 0xC2A4, 0xFCE9, 0xFD6B, 0xF54B, 0xFCEA, 0x6A03, 0x0000, 0x0000,
  0x0000, 0x0000, 0x0000, 0x0000, 0x0000, 0x0000, 0x0000, 0x0000, 0x0000, 0x0000, 0xC861, 0xF8E0, 0xF0A0, 0xE861, 0xE022, 0xD802,
  0xD002, 0xD002, 0xE822, 0xF042, 0xE861, 0xD041, 0xA821, 0x6800, 0x7144, 0x9329, 0x9B4A, 0xA8A2, 0xA800, 0xA244, 0xE489, 0xF4EA,
  0x7A44, 0x0000, 0x0000, 0x0000, 0x0000, 0x0000, 0x0000, 0x0000, 0x0000, 0x0000, 0x0000, 0x0000, 0x0000, 0x0000, 0xC041, 0xE861,
  0xD822, 0xD002, 0xD002, 0xE061, 0xF0A1, 0xF081, 0xD061, 0x9021, 0x5000, 0x3801, 0x1000, 0x5A88, 0xDDB1, 0xFF37, 0xFFBA, 0xCE34,
  0xB103, 0x6800, 0x0000, 0x0000, 0x0000, 0x0000, 0x0000, 0x0000, 0x0000, 0x0000, 0x0000, 0x0000, 0x0000, 0x0000, 0x0000, 0x0000,
  0x9040, 0xF881, 0xE841, 0xD802, 0xD802, 0xE061, 0xF8E0, 0xF8C1, 0xB061, 0x6001, 0x3801, 0x2041, 0x6A68, 0x51C6, 0x72A8, 0xCCEF,
  0xDD90, 0xF673, 0xF6D6, 0xFFD9, 0x9BEC, 0x0000, 0x0000, 0x0000, 0x79E3, 0xF4A9, 0xBBC8, 0x0000, 0x0000, 0x0000, 0x0000, 0x0000,
  0x0000, 0x0000, 0x0000, 0x0000, 0xB841, 0xF042, 0xD002, 0xD822, 0xE8A1, 0xF920, 0xE0A1, 0x6001, 0x3801, 0x4801, 0x50C1, 0xBA84,
  0x8B09, 0x832A, 0xEDD1, 0xCD2E, 0x72E9, 0xDD90, 0xFEB3, 0xA44D, 0x9A64, 0x61C3, 0x2881, 0x5901, 0x9A43, 0xF52A, 0xF4CA, 0x0000,
  0x0000, 0x0000, 0x0000, 0x0000, 0x0000, 0x0000, 0x0000, 0x0000, 0x0000, 0xA801, 0xD802, 0xE881, 0xF900, 0xD081, 0x5801, 0x5002,
  0x7002, 0x4001, 0x5922, 0x8182, 0x38A0, 0x6A47, 0xCD70, 0xFEF5, 0xA40C, 0x72C9, 0xAC2C, 0x91E3, 0xFC68, 0xFD0A, 0x9A23, 0xA1C2,
  0x7142, 0xF3E7, 0xD3C7, 0x0000, 0x0000, 0x0000, 0x0000, 0x0000, 0x0000, 0x0000, 0x0000, 0x0000, 0x0000, 0x0000, 0x9001, 0xF8E0,
  0xE8A1, 0x4000, 0x0000, 0x7002, 0x6001, 0x40A1, 0x6102, 0x4103, 0x4964, 0x50A0, 0x6963, 0x938A, 0xBCCE, 0x7B09, 0x20A2, 0x7982,
  0xEB65, 0xFC07, 0x9A03, 0x50E2, 0x3081, 0x40E1, 0x0000, 0x0000, 0x0000, 0x0000, 0x0000, 0x0000, 0x0000, 0x0000, 0x0000, 0x0000,
  0x0000, 0x0000, 0x0000, 0xD061, 0x9821, 0x0000, 0x0000, 0x0000, 0x5021, 0xBA43, 0x5102, 0x93AC, 0xC4EF, 0x8B49, 0x79A3, 0x7900,
  0x68E0, 0x5943, 0x1020, 0x0000, 0x5101, 0x79A2, 0x2881, 0x0000, 0x0000, 0x0000, 0x0000, 0x0000, 0x0000, 0x0000, 0x0000, 0x0000,
  0x0000, 0x0000, 0x0000, 0x0000, 0x0000, 0x0000, 0x0000, 0x0000, 0x0000, 0x0000, 0x0000, 0x0000, 0x0000, 0x6101, 0x832A, 0xD570,
  0xE5D0, 0xFE94, 0xDE14, 0xAC4C, 0x8AC6, 0x38E2, 0x51E5, 0x0000, 0x0000, 0x0000, 0x0000, 0x0000, 0x0000, 0x0000, 0x0000, 0x0000,
  0x0000, 0x0000, 0x0000, 0x0000, 0x0000, 0x0000, 0x0000, 0x0000, 0x0000, 0x0000, 0x0000, 0x0000, 0x0000, 0x0000, 0x0000, 0x0000,
  0x0000, 0x7B0A, 0xDD91, 0xE611, 0xF694, 0xF6B5, 0xFF17, 0xFF16, 0xA42D, 0x7309, 0xFEB4, 0xC550, 0x0000, 0x0000, 0x0000, 0x0000,
  0x0000, 0x0000, 0x0000, 0x0000, 0x0000, 0x0000, 0x0000, 0x0000, 0x0000, 0x0000, 0x0000, 0x0000, 0x0000, 0x0000, 0x0000, 0x0000,
  0x0000, 0x0000, 0x0000, 0x8309, 0xBCAE, 0xEDF1, 0xF694, 0xF6D6, 0xEE32, 0xE5B1, 0xC4AE, 0x6A88, 0x6267, 0xDDB0, 0xFEB5, 0xFF79,
  0xE675, 0x41A5, 0x0000, 0x0000, 0x0000, 0x0000, 0x0000, 0x0000, 0x0000, 0x0000, 0x0000, 0x0000, 0x0000, 0x0000, 0x0000, 0x0000,
  0x0000, 0x0000, 0x0000, 0x0000, 0x0000, 0x1840, 0x28A2, 0xC4CE, 0xFEB3, 0xFEF6, 0xFF18, 0xFF18, 0xFEF6, 0xB46E, 0x18A2, 0x51E6,
  0xCCD0, 0xD52F, 0xDDB0, 0xEE53, 0xFF38, 0xF6D6, 0x3984, 0x0000, 0x0000, 0x0000, 0x0000, 0x0000, 0x0000, 0x0000, 0x0000, 0x0000,
  0x0000, 0x0000, 0x0000, 0x0000, 0x0000, 0x0000, 0x3081, 0x3081, 0x38A1, 0x8183, 0x6922, 0x8329, 0xEE52, 0xEE53, 0xF6B5, 0xFEB5,
  0x93AB, 0x0000, 0x0000, 0x0000, 0x49C6, 0xA3CD, 0x9BCC, 0xDD90, 0xFEB4, 0xFEF5, 0x5206, 0x0000, 0x0000, 0x0000, 0x0000, 0x0000,
  0x0000, 0x0000, 0x0000, 0x0000, 0x0000, 0x0000, 0x0000, 0x0000, 0x0000, 0x1040, 0x8183, 0x8983, 0x89A3, 0xA1E3, 0xB203, 0x6163,
  0xBCCE, 0xF611, 0xDD70, 0x6A88, 0x0000, 0x0000, 0x0000, 0x0000, 0x0000, 0x20A2, 0x938B, 0xE5B0, 0xE611, 0x8308, 0x48C0, 0x0000,
  0x0000, 0x0000, 0x0000, 0x0000, 0x0000, 0x0000, 0x0000, 0x0000, 0x0000, 0x0000, 0x0000, 0x0000, 0x0000, 0x1040, 0x91A3, 0xA1C2,
  0x89A3, 0x89A3, 0x6942, 0x2860, 0x20C2, 0x6AA8, 0x3984, 0x0000, 0x0000, 0x0000, 0x0000, 0x0000, 0x0000, 0x0000, 0x9BAC, 0xBCAE,
  0x5A06, 0x7921, 0xDA83, 0x38C0, 0x0000, 0x0000, 0x1840, 0x0000, 0x0000, 0x0000, 0x0000, 0x0000, 0x0000, 0x0000, 0x0000, 0x0000,
  0x0000, 0x3081, 0xA9E3, 0xA9E3, 0x6102, 0x0000, 0x0000, 0x0000, 0x0000, 0x0000, 0x0000, 0x0000, 0x0000, 0x0000, 0x0000, 0x0000,
  0x0000, 0x0000, 0x0000, 0x28E3, 0x50C1, 0x91A3, 0xBA03, 0x89A2, 0x1040, 0x5101, 0xDA83, 0x6101, 0x0000, 0x0000, 0x0000, 0x0000,
  0x0000, 0x0000, 0x0000, 0x0000, 0x0000, 0x48C1, 0xC223, 0x9182, 0x1020, 0x0000, 0x0000, 0x0000, 0x0000, 0x0000, 0x0000, 0x0000,
  0x0000, 0x0000, 0x0000, 0x0000, 0x0000, 0x0000, 0x0000, 0x0000, 0x2861, 0x7143, 0x8983, 0x99A3, 0xA1C2, 0xCA43, 0xA1C2, 0x0820,
  0x0000, 0x0000, 0x0000, 0x0000, 0x0000, 0x0000, 0x0000, 0x0000, 0x0000, 0x1840, 0xC243, 0x91A2, 0x0000, 0x0000, 0x0000, 0x0000,
  0x0000, 0x0000, 0x0000, 0x0000, 0x0000, 0x0000, 0x0000, 0x0000, 0x0000, 0x0000, 0x0000, 0x0000, 0x0000, 0x2881, 0x7943, 0x8983,
  0xA1A3, 0x7962, 0x1840, 0x0000, 0x0000, 0x0000, 0x0000, 0x0000, 0x0000, 0x0000, 0x0000, 0x0000, 0x0000, 0x0000, 0x30A1, 0x2880,
  0x0000, 0x0000, 0x0000, 0x0000, 0x0000, 0x0000, 0x0000, 0x0000, 0x0000, 0x0000, 0x0000, 0x0000, 0x0000, 0x0000, 0x0000, 0x0000,
  0x0000, 0x0000, 0x50E2, 0x8963, 0x5902, 0x0800, 0x0000, 0x0000, 0x0000, 0x0000, 0x0000, 0x0000, 0x0000, 0x0000, 0x0000, 0x0000,
  0x0000, 0x0000, 0x0000, 0x0000, 0x0000, 0x0000, 0x0000, 0x0000, 0x0000, 0x0000, 0x0000, 0x0000, 0x0000, 0x0000, 0x0000, 0x0000,
  0x0000, 0x0000, 0x0000, 0x0000, 0x0000, 0x0000, 0x1020, 0x40A1, 0x0800, 0x0000, 0x0000, 0x0000, 0x0000, 0x0000, 0x0000, 0x0000,
  0x0000, 0x0000, 0x0000, 0x0000, 0x0000, 0x0000, 0x0000, 0x0000, 0x0000, 0x0000, 0x0000, 0x0000, 0x0000, 0x0000, 0x0000, 0x0000,
  0x0000, 0x0000, 0x0000, 0x0000, 0x0000, 0x0000, 0x0000, 0x0000, 0x0000, 0x0000, 0x0000, 0x0000, 0x0000, 0x0000, 0x0000, 0x0000,
  0x0000, 0x0000, 0x0000, 0x0000, 0x0000, 0x0000, 0x0000, 0x0000, 0x0000, 0x0000, 0x0000, 0x0000, 0x0000, 0x0000, 0x0000, 0x0000,
  0x0000, 0x0000, 0x0000, 0x0000, 0x0000, 0x0000, 0x0000, 0x0000, 0x0000, 0x0000, 0x0000, 0x0000, 0x0000, 0x0000, 0x0000, 0x0000,
  0x0000, 0x0000, 0x0000, 0x0000, 0x0000, 0x0000, 0x0000, 0x0000,
};

// Array of pointers to the 5 running frames in sequential order (run1 -> run2 -> ... -> run5)
static const uint16_t* const veera_run_frames[5] = {
  veera_run1_pixels,
  veera_run2_pixels,
  veera_run3_pixels,
  veera_run4_pixels,
  veera_run5_pixels
};


// =====================================================================
// VEERA JUMP SPRITE ASSETS (assets/Veera_jump1..3) - MATCHED TO IDLE HEIGHT
// =====================================================================
static constexpr int16_t VEERA_JUMP_SPRITE_W = 36;
static constexpr int16_t VEERA_JUMP_SPRITE_H = 34;
static constexpr int16_t VEERA_JUMP_OFFSET_X = 0;
static constexpr int16_t VEERA_JUMP_OFFSET_Y = 0;
static constexpr uint8_t VEERA_JUMP_FRAME_COUNT = 3;

// Veera Jump Frame 1 (36x34 = 1224 pixels)
static const uint16_t PROGMEM veera_jump1_pixels[1224] = {
  0x0000, 0x0000, 0x0000, 0x0000, 0x0000, 0x0000, 0x0000, 0x0000, 0x0000, 0x0000, 0x0000, 0x0000, 0x0000, 0x0000, 0x0000, 0x0000,
  0x0000, 0x0000, 0x0000, 0x0000, 0x0000, 0x0000, 0x0000, 0x0000, 0x0000, 0x0000, 0x0000, 0x0000, 0x0000, 0x0000, 0x0000, 0x0000,
  0x0000, 0x0000, 0x0000, 0x0000, 0x0000, 0x0000, 0x0000, 0x0000, 0x0000, 0x0000, 0x0000, 0x0000, 0x0000, 0x0000, 0x0000, 0x0000,
  0x0000, 0x0000, 0x0000, 0x0000, 0x0000, 0x0000, 0x0000, 0x0000, 0x0000, 0x0000, 0x0000, 0x0000, 0x0000, 0x0000, 0x0820, 0x1020,
  0x0000, 0x0000, 0x0000, 0x0000, 0x0000, 0x0000, 0x0000, 0x0000, 0x0000, 0x0000, 0x0000, 0x0000, 0x0000, 0x0000, 0x0000, 0x0000,
  0x0000, 0x0000, 0x0000, 0x0000, 0x0000, 0x0000, 0x0000, 0x0000, 0x0000, 0x0000, 0x0000, 0x0000, 0x0000, 0x0000, 0x0000, 0x0820,
  0x2061, 0x2040, 0x0020, 0x38C2, 0x3080, 0x0000, 0x0000, 0x0000, 0x0000, 0x0000, 0x0000, 0x0000, 0x0000, 0x0000, 0x0000, 0x0000,
  0x0000, 0x0000, 0x0000, 0x0000, 0x0000, 0x0000, 0x0000, 0x0000, 0x0000, 0x0000, 0x0000, 0x0000, 0x0000, 0x0000, 0x0000, 0x0000,
  0x0021, 0x0821, 0x1042, 0x1863, 0x2883, 0x48E3, 0x48C1, 0x2082, 0x5102, 0x1020, 0x0000, 0x0000, 0x0000, 0x0000, 0x0000, 0x0000,
  0x0000, 0x0000, 0x0000, 0x0000, 0x0000, 0x0000, 0x0000, 0x0000, 0x0000, 0x0000, 0x0000, 0x0000, 0x0000, 0x0000, 0x0000, 0x0000,
  0x0000, 0x0000, 0x0020, 0x0822, 0x1043, 0x0822, 0x1042, 0x2063, 0x2083, 0x1863, 0x28A3, 0x2082, 0x2883, 0x3082, 0x2040, 0x0000,
  0x8244, 0x4942, 0x0000, 0x0000, 0x0000, 0x0000, 0x0000, 0x0000, 0x0000, 0x0000, 0x0000, 0x0000, 0x0000, 0x0000, 0x0000, 0x0000,
  0x0000, 0x0000, 0x0000, 0x0000, 0x0000, 0x0000, 0x0821, 0x1064, 0x1043, 0x2083, 0x38C4, 0x40C3, 0x40C3, 0x5903, 0x5103, 0x48E3,
  0x2082, 0x2883, 0x30A1, 0x5921, 0xF3E6, 0xFCA8, 0x5142, 0x0000, 0x0000, 0x0000, 0x0000, 0x0000, 0x0000, 0x0000, 0x0000, 0x0000,
  0x0000, 0x0000, 0x0000, 0x0000, 0x0000, 0x0000, 0x0000, 0x0000, 0x0000, 0x0020, 0x1043, 0x1864, 0x1863, 0x2883, 0x38A4, 0x38A3,
  0x38A3, 0x40E3, 0x2083, 0x30C3, 0x2021, 0x2042, 0x38A2, 0x89C2, 0x99E2, 0xF3C6, 0x9A64, 0x0000, 0x0000, 0x0000, 0x0000, 0x0000,
  0x0000, 0x0000, 0x0000, 0x0000, 0x0000, 0x0000, 0x0000, 0x0000, 0x0000, 0x0000, 0x0000, 0x0000, 0x0000, 0x0821, 0x1044, 0x1022,
  0x1043, 0x1863, 0x1883, 0x0042, 0x1863, 0x3822, 0x2822, 0x7821, 0xE821, 0x6002, 0x0843, 0x50C1, 0xA9C2, 0xA1A2, 0x2880, 0x0000,
  0x0000, 0x0000, 0x0000, 0x0000, 0x0000, 0x0000, 0x0000, 0x0000, 0x0000, 0x0000, 0x0000, 0x0000, 0x0000, 0x0000, 0x0000, 0x0000,
  0x0000, 0x0001, 0x0821, 0x0843, 0x0022, 0x1822, 0x6002, 0x7801, 0xA801, 0xC000, 0x9820, 0xB860, 0xA8A0, 0x1800, 0x1861, 0x8162,
  0x7162, 0x1040, 0x0000, 0x0000, 0x0000, 0x0000, 0x0000, 0x0000, 0x0000, 0x0000, 0x0000, 0x0000, 0x0000, 0x0000, 0x0000, 0x0000,
  0x0000, 0x0000, 0x0000, 0x0000, 0x0000, 0x2000, 0x0021, 0x0822, 0x5801, 0x9822, 0xA082, 0x4800, 0x78A0, 0x81C3, 0x0020, 0x71A2,
  0x71E3, 0x48C0, 0x8162, 0x91A2, 0x3080, 0x0000, 0x0000, 0x0000, 0x0000, 0x0000, 0x0000, 0x0000, 0x0000, 0x0000, 0x0000, 0x0000,
  0x0000, 0x0000, 0x0000, 0x0000, 0x0000, 0x0000, 0x0000, 0x0000, 0xA801, 0xC802, 0x5801, 0x3001, 0x4001, 0x6162, 0xB283, 0x6141,
  0xDAE3, 0xED0D, 0x82C7, 0xEC47, 0x8224, 0xE2C3, 0xEAE4, 0x50E1, 0x0000, 0x0000, 0x0000, 0x0000, 0x0000, 0x0000, 0x0000, 0x0000,
  0x0000, 0x0000, 0x0000, 0x0000, 0x0000, 0x0000, 0x0000, 0x0000, 0x0000, 0x0000, 0x6801, 0x4000, 0x5001, 0x8002, 0x7802, 0x8001,
  0x6800, 0x8800, 0x9121, 0xBA42, 0xFC27, 0xFCE8, 0xFCE8, 0xF447, 0x79C2, 0xE2A3, 0x8982, 0x0000, 0x0000, 0x0000, 0x0000, 0x0000,
  0x0000, 0x0000, 0x0000, 0x0000, 0x0000, 0x0000, 0x0000, 0x0000, 0x0000, 0x0000, 0x0000, 0x0000, 0x0000, 0x5800, 0x9002, 0x8002,
  0x8001, 0xB021, 0xC000, 0x9861, 0xAA67, 0xAA06, 0xB000, 0xA040, 0x89A2, 0xCBA6, 0xCB86, 0x82A6, 0x9B6A, 0x48C0, 0x0000, 0x0000,
  0x0000, 0x0000, 0x0000, 0x0000, 0x0000, 0x0000, 0x0000, 0x0000, 0x0000, 0x0000, 0x0000, 0x0000, 0x7800, 0xC020, 0xE040, 0xE001,
  0xC802, 0xB802, 0xC022, 0xE021, 0xD821, 0x8000, 0x71E6, 0xCE13, 0xF737, 0xF778, 0x9C0C, 0xC800, 0xC001, 0x4800, 0x5062, 0x836B,
  0x3985, 0x0000, 0x0000, 0x0000, 0x0000, 0x0000, 0x0000, 0x0000, 0x0000, 0x0000, 0x0000, 0x0000, 0x0000, 0x0000, 0x4800, 0xD820,
  0xF840, 0xF021, 0xD802, 0xD002, 0xE021, 0xF841, 0xD021, 0x8001, 0x3000, 0x8203, 0xE386, 0xED90, 0xFF37, 0xFEF6, 0xEE73, 0x7A87,
  0xC801, 0xC802, 0x4001, 0x0000, 0x0000, 0x0000, 0x0000, 0x0000, 0x0000, 0x0000, 0x0000, 0x0000, 0x0000, 0x0000, 0x0000, 0x0000,
  0x0000, 0x0000, 0xD821, 0xF821, 0xC802, 0xC803, 0xE021, 0xF860, 0xE041, 0x8001, 0x5801, 0x2821, 0x6941, 0xDB86, 0xFCC8, 0xD2E5,
  0xBCCE, 0xA40C, 0xE613, 0xDE13, 0x7101, 0x7944, 0x0000, 0x0000, 0x0000, 0x0000, 0x0000, 0x0000, 0x0000, 0x0000, 0x0000, 0x0000,
  0x0000, 0x0000, 0x0000, 0x0000, 0x0000, 0x0000, 0xA801, 0xD003, 0xC802, 0xF040, 0xF860, 0xC821, 0x5801, 0x7002, 0x5001, 0x6121,
  0xC242, 0xA9E2, 0x91E3, 0x40E2, 0x5A48, 0xA44D, 0xBCEF, 0xA265, 0xA244, 0x62A8, 0x0000, 0x0000, 0x0000, 0x0000, 0x0000, 0x0000,
  0x0000, 0x0000, 0x0000, 0x0000, 0x0000, 0x0000, 0x0000, 0x0000, 0x0000, 0x0000, 0x0000, 0xA802, 0xF040, 0xF860, 0xC821, 0x6001,
  0x9002, 0x7802, 0x58E1, 0xB223, 0xB202, 0x6942, 0x3801, 0x2000, 0x5942, 0x79A3, 0x68E0, 0x5101, 0x51E5, 0x5226, 0x7309, 0x734A,
  0x62C8, 0x0000, 0x0000, 0x0000, 0x0000, 0x0000, 0x0000, 0x0000, 0x0000, 0x0000, 0x0000, 0x0000, 0x0000, 0x0000, 0x0000, 0xD021,
  0xF860, 0xD821, 0x5801, 0x9002, 0xA002, 0x68E1, 0xF406, 0xFCC9, 0x9A84, 0x4000, 0x5842, 0x72E9, 0x82C7, 0x9285, 0x8AA7, 0xA44D,
  0xDE13, 0xFF17, 0xFFB8, 0xFF78, 0xFF78, 0xE674, 0x3984, 0x0000, 0x0000, 0x0000, 0x0000, 0x0000, 0x0000, 0x0000, 0x0000, 0x0000,
  0x0000, 0x0000, 0x0000, 0xD021, 0xF841, 0x6801, 0x0000, 0x0000, 0x5001, 0xBA63, 0xFCE9, 0xF4E9, 0xDB45, 0x2000, 0x51E6, 0xEE32,
  0xF6D5, 0xEEF6, 0xF717, 0xFF58, 0xFF16, 0xF674, 0xBCEF, 0xCD50, 0xEEB5, 0xFF98, 0x9C2C, 0x0000, 0x0000, 0x0000, 0x0000, 0x0000,
  0x0000, 0x0000, 0x0000, 0x0000, 0x0000, 0x0000, 0x0000, 0x5000, 0xB801, 0x0000, 0x0000, 0x0000, 0x0000, 0x48C0, 0xDB04, 0xDB25,
  0x58E0, 0x0000, 0x5A47, 0xE5F2, 0xF6B5, 0xFED6, 0xF6B4, 0xDDF2, 0xA42C, 0x5206, 0x834A, 0xDD90, 0xF673, 0xF694, 0x6267, 0x0000,
  0x0000, 0x0000, 0x0000, 0x0000, 0x0000, 0x0000, 0x0000, 0x0000, 0x0000, 0x0000, 0x0000, 0x0000, 0x0000, 0x0000, 0x0000, 0x0000,
  0x0000, 0x0000, 0x0000, 0x0000, 0x0000, 0x3144, 0xC50F, 0xD590, 0xDDB0, 0xCD50, 0x8BAB, 0x3124, 0x38A1, 0x50C1, 0x6A67, 0xB46E,
  0xBCCF, 0x6AA8, 0x0000, 0x0000, 0x0000, 0x0000, 0x0000, 0x0000, 0x0000, 0x0000, 0x0000, 0x0000, 0x0000, 0x0000, 0x0000, 0x0000,
  0x0000, 0x0000, 0x0000, 0x0000, 0x0000, 0x0000, 0x0000, 0x0000, 0x2903, 0xBCEF, 0xF6B4, 0xEE74, 0xDDD1, 0xBCAF, 0x4144, 0x48A0,
  0x8182, 0xA1E2, 0x6921, 0x1861, 0x0000, 0x0000, 0x0000, 0x0000, 0x0000, 0x0000, 0x0000, 0x0000, 0x0000, 0x0000, 0x0000, 0x0000,
  0x0000, 0x0000, 0x0000, 0x0000, 0x0000, 0x0000, 0x0000, 0x0000, 0x0000, 0x0000, 0x0000, 0x8B6A, 0xE5D1, 0xEE74, 0xF6D6, 0xF6B5,
  0xEE32, 0x4A06, 0x3880, 0x91C3, 0x91A2, 0x6121, 0x1040, 0x0000, 0x0000, 0x0000, 0x0000, 0x0000, 0x0000, 0x0000, 0x0000, 0x0000,
  0x0000, 0x0000, 0x0000, 0x0000, 0x0000, 0x0000, 0x0000, 0x0000, 0x0000, 0x0000, 0x0000, 0x0000, 0x0000, 0x0000, 0x0800, 0xAC6D,
  0xFED4, 0xEE94, 0xF6B5, 0xEE53, 0x7B09, 0x0000, 0x1040, 0x91A2, 0xBA22, 0x3080, 0x0000, 0x0000, 0x0000, 0x0000, 0x0000, 0x0000,
  0x0000, 0x0000, 0x0000, 0x0000, 0x0000, 0x0000, 0x0000, 0x0000, 0x0000, 0x0000, 0x0000, 0x0000, 0x0000, 0x0000, 0x0000, 0x0000,
  0x0000, 0x2060, 0x7961, 0x5184, 0xBD0F, 0xE5F1, 0xD550, 0x72E9, 0x0000, 0x0000, 0x0000, 0x40C1, 0xCA43, 0x7161, 0x0000, 0x0000,
  0x0000, 0x0000, 0x0000, 0x0000, 0x0000, 0x0000, 0x0000, 0x0000, 0x0000, 0x0000, 0x0000, 0x0000, 0x0000, 0x0000, 0x0000, 0x0000,
  0x0000, 0x0000, 0x0000, 0x2880, 0x38A1, 0x7982, 0xAA02, 0x91A2, 0x40E2, 0x41A5, 0x2903, 0x0000, 0x0000, 0x0000, 0x0000, 0x0000,
  0x2880, 0x0000, 0x0000, 0x0000, 0x0000, 0x0000, 0x0000, 0x0000, 0x0000, 0x0000, 0x0000, 0x0000, 0x0000, 0x0000, 0x0000, 0x0000,
  0x0000, 0x0000, 0x0000, 0x0000, 0x0000, 0x0000, 0x0820, 0x8982, 0x91C2, 0x99C2, 0xA1E2, 0x5901, 0x0000, 0x0000, 0x0000, 0x0000,
  0x0000, 0x0000, 0x0000, 0x0000, 0x0000, 0x0000, 0x0000, 0x0000, 0x0000, 0x0000, 0x0000, 0x0000, 0x0000, 0x0000, 0x0000, 0x0000,
  0x0000, 0x0000, 0x0000, 0x0000, 0x0000, 0x0000, 0x0000, 0x0000, 0x0000, 0x0000, 0x0000, 0x7962, 0xB202, 0xA9E2, 0x38A1, 0x0000,
  0x0000, 0x0000, 0x0000, 0x0000, 0x0000, 0x0000, 0x0000, 0x0000, 0x0000, 0x0000, 0x0000, 0x0000, 0x0000, 0x0000, 0x0000, 0x0000,
  0x0000, 0x0000, 0x0000, 0x0000, 0x0000, 0x0000, 0x0000, 0x0000, 0x0000, 0x0000, 0x0000, 0x0000, 0x0000, 0x0000, 0x0000, 0x7982,
  0xC242, 0x89A2, 0x0000, 0x0000, 0x0000, 0x0000, 0x0000, 0x0000, 0x0000, 0x0000, 0x0000, 0x0000, 0x0000, 0x0000, 0x0000, 0x0000,
  0x0000, 0x0000, 0x0000, 0x0000, 0x0000, 0x0000, 0x0000, 0x0000, 0x0000, 0x0000, 0x0000, 0x0000, 0x0000, 0x0000, 0x0000, 0x0000,
  0x0000, 0x0000, 0x0000, 0x6121, 0xD262, 0x99C2, 0x0000, 0x0000, 0x0000, 0x0000, 0x0000, 0x0000, 0x0000, 0x0000, 0x0000, 0x0000,
  0x0000, 0x0000, 0x0000, 0x0000, 0x0000, 0x0000, 0x0000, 0x0000, 0x0000, 0x0000, 0x0000, 0x0000, 0x0000, 0x0000, 0x0000, 0x0000,
  0x0000, 0x0000, 0x0000, 0x0000, 0x0000, 0x0000, 0x0000, 0x1020, 0x7962, 0x5901, 0x0000, 0x0000, 0x0000, 0x0000, 0x0000, 0x0000,
  0x0000, 0x0000, 0x0000, 0x0000, 0x0000, 0x0000, 0x0000, 0x0000, 0x0000, 0x0000, 0x0000, 0x0000, 0x0000, 0x0000, 0x0000, 0x0000,
  0x0000, 0x0000, 0x0000, 0x0000, 0x0000, 0x0000, 0x0000, 0x0000, 0x0000, 0x0000, 0x0000, 0x0000, 0x0000, 0x0000, 0x0000, 0x0000,
  0x0000, 0x0000, 0x0000, 0x0000, 0x0000, 0x0000, 0x0000, 0x0000, 0x0000, 0x0000, 0x0000, 0x0000, 0x0000, 0x0000, 0x0000, 0x0000,
  0x0000, 0x0000, 0x0000, 0x0000, 0x0000, 0x0000, 0x0000, 0x0000, 0x0000, 0x0000, 0x0000, 0x0000, 0x0000, 0x0000, 0x0000, 0x0000,
  0x0000, 0x0000, 0x0000, 0x0000, 0x0000, 0x0000, 0x0000, 0x0000, 0x0000, 0x0000, 0x0000, 0x0000, 0x0000, 0x0000, 0x0000, 0x0000,
  0x0000, 0x0000, 0x0000, 0x0000, 0x0000, 0x0000, 0x0000, 0x0000,
};

// Veera Jump Frame 2 (36x34 = 1224 pixels)
static const uint16_t PROGMEM veera_jump2_pixels[1224] = {
  0x0000, 0x0000, 0x0000, 0x0000, 0x0000, 0x0000, 0x0000, 0x0000, 0x0000, 0x0000, 0x0000, 0x0000, 0x0000, 0x0000, 0x0000, 0x0000,
  0x0000, 0x0000, 0x0000, 0x0000, 0x0000, 0x0000, 0x0000, 0x0000, 0x0000, 0x0000, 0x0000, 0x0000, 0x0000, 0x0000, 0x0000, 0x0000,
  0x0000, 0x0000, 0x0000, 0x0000, 0x0000, 0x0000, 0x0000, 0x0000, 0x0000, 0x0000, 0x0000, 0x0000, 0x0000, 0x0000, 0x0000, 0x0000,
  0x0000, 0x0000, 0x0000, 0x0000, 0x0000, 0x0000, 0x0000, 0x0000, 0x0000, 0x0000, 0x0000, 0x0000, 0x0000, 0x2861, 0x0000, 0x0000,
  0x0000, 0x0000, 0x0000, 0x0000, 0x0000, 0x0000, 0x0000, 0x0000, 0x0000, 0x0000, 0x0000, 0x0000, 0x0000, 0x0000, 0x0000, 0x0000,
  0x0000, 0x0000, 0x0000, 0x0000, 0x0000, 0x0000, 0x0000, 0x0000, 0x0000, 0x0000, 0x0000, 0x0000, 0x0000, 0x0000, 0x1041, 0x2061,
  0x0000, 0x1021, 0x5902, 0x0000, 0x0000, 0x0000, 0x0000, 0x0000, 0x0000, 0x0000, 0x0000, 0x0000, 0x0000, 0x0000, 0x0000, 0x0000,
  0x0000, 0x0000, 0x0000, 0x0000, 0x0000, 0x0000, 0x0000, 0x0000, 0x0000, 0x0000, 0x0000, 0x0000, 0x0000, 0x0000, 0x0000, 0x0021,
  0x0821, 0x1863, 0x3083, 0x48E3, 0x5902, 0x2881, 0x30A3, 0x50E1, 0x0800, 0x0820, 0x0000, 0x0000, 0x0000, 0x0000, 0x0000, 0x0000,
  0x0000, 0x0000, 0x0000, 0x0000, 0x0000, 0x0000, 0x0000, 0x0000, 0x0000, 0x0000, 0x0000, 0x0000, 0x0000, 0x0000, 0x0000, 0x0000,
  0x0000, 0x0001, 0x1043, 0x1043, 0x0822, 0x1042, 0x1863, 0x1863, 0x2063, 0x38A3, 0x2063, 0x30A2, 0x2081, 0x2060, 0x0000, 0x0000,
  0x0000, 0x0000, 0x0000, 0x0000, 0x0000, 0x0000, 0x0000, 0x0000, 0x0000, 0x0000, 0x0000, 0x0000, 0x0000, 0x0000, 0x0000, 0x0000,
  0x0000, 0x0000, 0x0000, 0x0000, 0x0020, 0x0843, 0x1043, 0x1043, 0x2883, 0x38A4, 0x40E3, 0x40E3, 0x48E3, 0x40C3, 0x30A3, 0x2082,
  0x2882, 0x2881, 0x1020, 0x0000, 0x0000, 0x0000, 0x0000, 0x0000, 0x0000, 0x0000, 0x0000, 0x0000, 0x0000, 0x0000, 0x0000, 0x0000,
  0x0000, 0x0000, 0x0000, 0x0000, 0x0000, 0x0000, 0x0000, 0x0000, 0x0822, 0x1064, 0x1043, 0x2083, 0x30A4, 0x38C4, 0x38C3, 0x48E3,
  0x6143, 0x38C3, 0x5923, 0x1062, 0x1063, 0x50E2, 0x1040, 0x0000, 0x0000, 0x0000, 0x0000, 0x0000, 0x0000, 0x0000, 0x0000, 0x0000,
  0x0000, 0x0000, 0x0000, 0x0000, 0x0000, 0x0000, 0x0000, 0x0000, 0x0000, 0x0000, 0x0000, 0x0020, 0x1043, 0x1044, 0x1043, 0x2063,
  0x30A4, 0x38A4, 0x2083, 0x28C3, 0x1063, 0x0042, 0x2062, 0x6801, 0x4001, 0x28A3, 0x38A1, 0x0000, 0x0000, 0x0000, 0x0000, 0x0000,
  0x0000, 0x0000, 0x0000, 0x0000, 0x0000, 0x0000, 0x0000, 0x0000, 0x0000, 0x0000, 0x0000, 0x0000, 0x0000, 0x0000, 0x0000, 0x0000,
  0x1043, 0x1022, 0x1022, 0x1063, 0x1063, 0x0822, 0x0822, 0x5822, 0x7001, 0x7021, 0xD021, 0xF840, 0x8801, 0x0842, 0x1842, 0x0000,
  0x0000, 0x0000, 0x0000, 0x0000, 0x0000, 0x0000, 0x0000, 0x0000, 0x0000, 0x0000, 0x0000, 0x0000, 0x0000, 0x0000, 0x0000, 0x0000,
  0x0000, 0x0000, 0x0000, 0x0021, 0x0822, 0x0822, 0x0022, 0x1021, 0x5802, 0x8002, 0xA001, 0xC800, 0xB000, 0x9020, 0x9880, 0x88E0,
  0x2020, 0x0821, 0x0000, 0x0000, 0x0000, 0x0000, 0x0000, 0x0000, 0x0000, 0x0000, 0x0000, 0x0000, 0x0000, 0x0000, 0x0000, 0x0000,
  0x0000, 0x0000, 0x0000, 0x0000, 0x0000, 0x0000, 0x0000, 0x0000, 0x0020, 0x0022, 0x4801, 0x9802, 0xB8C3, 0x6861, 0x2000, 0x8961,
  0x7246, 0x0021, 0x8202, 0x9223, 0x0020, 0x0000, 0x0000, 0x0000, 0x0000, 0x0000, 0x0000, 0x0000, 0x0000, 0x0000, 0x0000, 0x0000,
  0x0000, 0x0000, 0x0000, 0x0000, 0x0000, 0x0000, 0x0000, 0x0000, 0x0000, 0x0000, 0x7001, 0xC802, 0x7802, 0x2801, 0x4801, 0x2861,
  0xAAC3, 0x9A02, 0x81A2, 0xFBA5, 0xED4E, 0x82C7, 0xFCA9, 0x7245, 0x0000, 0x0000, 0x0000, 0x0000, 0x0000, 0x0000, 0x0000, 0x0000,
  0x0000, 0x0000, 0x0000, 0x0000, 0x0000, 0x0000, 0x0000, 0x0000, 0x0000, 0x0000, 0x0000, 0x4800, 0x4800, 0x0000, 0x3800, 0x8802,
  0x8002, 0x8001, 0x8000, 0x9000, 0x9880, 0x99A2, 0xEB04, 0xFC67, 0xFCA8, 0xFCC8, 0xFCE9, 0x79C3, 0x0000, 0x0000, 0x0000, 0x0000,
  0x0000, 0x0000, 0x0000, 0x0000, 0x0000, 0x0000, 0x0000, 0x0000, 0x0000, 0x0000, 0x0000, 0x0000, 0x7000, 0xC840, 0xE840, 0xF021,
  0xD802, 0xB802, 0xA002, 0xA821, 0xC000, 0x9841, 0x9A06, 0xB309, 0xA0A2, 0xC000, 0x90C1, 0xAA83, 0xEC27, 0xEC47, 0x79C2, 0x0000,
  0x0000, 0x0000, 0x0000, 0x40E1, 0x4121, 0x0000, 0x0000, 0x0000, 0x0000, 0x0000, 0x0000, 0x0000, 0x0000, 0x0000, 0x4000, 0xD040,
  0xF860, 0xF041, 0xD802, 0xC802, 0xD822, 0xE821, 0xE041, 0x9800, 0x60C2, 0xB530, 0xF716, 0xFF57, 0xCE53, 0x8123, 0xF000, 0x9000,
  0x5061, 0x68E2, 0x3984, 0x0000, 0x0000, 0x0000, 0x7182, 0xE345, 0xFC47, 0x5142, 0x0000, 0x0000, 0x0000, 0x0000, 0x0000, 0x0000,
  0x0000, 0x3800, 0xE040, 0xF841, 0xD802, 0xD002, 0xE021, 0xF840, 0xE021, 0x9001, 0x2800, 0x5142, 0xE3A5, 0xE42A, 0xFEF7, 0xFEF6,
  0xFED5, 0xB50F, 0x80A2, 0xF001, 0xC001, 0x7083, 0xD50E, 0x99C2, 0x6921, 0x7141, 0xC283, 0x91E2, 0xF365, 0x9A43, 0x0000, 0x0000,
  0x0000, 0x0000, 0x0000, 0x0000, 0x0000, 0xA821, 0xF821, 0xC802, 0xD002, 0xF040, 0xF860, 0xB821, 0x5801, 0x3801, 0x5101, 0xB202,
  0xDBC6, 0xE304, 0xBC4C, 0xAC6D, 0xAC2C, 0xFF56, 0xACAE, 0x7060, 0x8082, 0x5A27, 0xE346, 0xC222, 0x8982, 0x7962, 0x8162, 0x7101,
  0xB222, 0x3080, 0x0000, 0x0000, 0x0000, 0x0000, 0x0000, 0x0000, 0x0000, 0x8801, 0xD002, 0xC802, 0xF040, 0xF860, 0xB001, 0x5001,
  0x7002, 0x3861, 0xAA02, 0xC222, 0x8181, 0x50E1, 0x4185, 0x938C, 0xD5B1, 0xDDF2, 0xBAE6, 0xAA43, 0x6B29, 0x1881, 0x7121, 0x7961,
  0x40C1, 0x30A1, 0x0000, 0x0000, 0x0000, 0x0000, 0x0000, 0x0000, 0x0000, 0x0000, 0x0000, 0x0000, 0x0000, 0x0000, 0x8801, 0xF021,
  0xF860, 0xD021, 0x5801, 0x8802, 0x5001, 0x91E2, 0xC283, 0x91A2, 0x3881, 0x5001, 0x3061, 0x7246, 0x82C7, 0x6982, 0x7120, 0x6205,
  0x18A1, 0x0000, 0x0000, 0x0000, 0x0000, 0x0000, 0x0000, 0x0000, 0x0000, 0x0000, 0x0000, 0x0000, 0x0000, 0x0000, 0x0000, 0x0000,
  0x0000, 0x0000, 0xB801, 0xF860, 0xF041, 0x7801, 0x8802, 0x7801, 0x91E2, 0xFC87, 0xFD09, 0x9A84, 0x5801, 0x6802, 0x3944, 0x5921,
  0x7100, 0x7141, 0x59E4, 0x838A, 0xA46E, 0xCD92, 0xC571, 0x8BCB, 0x0000, 0x0000, 0x0000, 0x0000, 0x0000, 0x0000, 0x0000, 0x0000,
  0x0000, 0x0000, 0x0000, 0x0000, 0x0000, 0x0000, 0x7801, 0xF840, 0xD021, 0x2800, 0x0000, 0x3800, 0xC2A3, 0xFCE9, 0xF468, 0xBA83,
  0x5800, 0x61A6, 0xCDB1, 0xCD90, 0xBD0F, 0xC571, 0xEEB5, 0xFF58, 0xFF78, 0xFEF5, 0xFEF6, 0xFFB9, 0xBD0F, 0x0000, 0x0000, 0x0000,
  0x0000, 0x0000, 0x0000, 0x0000, 0x0000, 0x0000, 0x0000, 0x0000, 0x0000, 0x0000, 0x0000, 0x9001, 0x8801, 0x0000, 0x0000, 0x0000,
  0x2860, 0xBA63, 0xBA83, 0x3060, 0x1000, 0x72E9, 0xF673, 0xFEF6, 0xFF58, 0xFF57, 0xFEF6, 0xE633, 0xA44D, 0xAC6D, 0xEE53, 0xF6F6,
  0xE632, 0x0000, 0x0000, 0x0000, 0x0000, 0x0000, 0x0000, 0x0000, 0x0000, 0x0000, 0x0000, 0x0000, 0x0000, 0x0000, 0x0000, 0x0000,
  0x0000, 0x0000, 0x0000, 0x0000, 0x0000, 0x0000, 0x0000, 0x0000, 0x0000, 0x6AC9, 0xDDD1, 0xEE53, 0xE633, 0xD5B1, 0x93CC, 0x4964,
  0x4164, 0xC530, 0xEE32, 0xEE33, 0x834A, 0x0000, 0x0000, 0x0000, 0x0000, 0x0000, 0x0000, 0x0000, 0x0000, 0x0000, 0x0000, 0x0000,
  0x0000, 0x0000, 0x0000, 0x0000, 0x0000, 0x0000, 0x0000, 0x0000, 0x0000, 0x0000, 0x0000, 0x0000, 0x4184, 0xDDB1, 0xDDD1, 0xD590,
  0xBCAF, 0x49C6, 0x2840, 0x7941, 0x7962, 0x59A4, 0x7B09, 0x5A27, 0x0000, 0x0000, 0x0000, 0x0000, 0x0000, 0x0000, 0x0000, 0x0000,
  0x0000, 0x0000, 0x0000, 0x0000, 0x0000, 0x0000, 0x0000, 0x0000, 0x0000, 0x0000, 0x0000, 0x0000, 0x0000, 0x0000, 0x0000, 0x8B6A,
  0xC50F, 0xF6B5, 0xF6D6, 0xF694, 0xAC8E, 0x40E2, 0x7982, 0x91A2, 0x8182, 0x2840, 0x0000, 0x0000, 0x0000, 0x0000, 0x0000, 0x0000,
  0x0000, 0x0000, 0x0000, 0x0000, 0x0000, 0x0000, 0x0000, 0x0000, 0x0000, 0x0000, 0x0000, 0x0000, 0x0000, 0x0000, 0x0000, 0x0000,
  0x0000, 0x1840, 0x4984, 0xF673, 0xF673, 0xF6D6, 0xF6F6, 0xEE32, 0x3984, 0x58E1, 0xA1E2, 0x7962, 0x0800, 0x0000, 0x0000, 0x0000,
  0x0000, 0x0000, 0x0000, 0x0000, 0x0000, 0x0000, 0x0000, 0x0000, 0x0000, 0x0000, 0x0000, 0x0000, 0x0000, 0x0000, 0x0000, 0x0000,
  0x0000, 0x0000, 0x0000, 0x38A1, 0x30A1, 0x8982, 0x5921, 0x9C2D, 0xF693, 0xEE53, 0xE5F2, 0x6288, 0x0000, 0x2081, 0xA1E2, 0xB202,
  0x1840, 0x0000, 0x0000, 0x0000, 0x0000, 0x0000, 0x0000, 0x0000, 0x0000, 0x0000, 0x0000, 0x0000, 0x0000, 0x0000, 0x0000, 0x0000,
  0x0000, 0x0000, 0x0000, 0x0000, 0x0000, 0x0000, 0x48E1, 0x99C2, 0x89A2, 0x99E2, 0xA1C2, 0x4922, 0x6AC8, 0x7B2A, 0x3964, 0x0000,
  0x0000, 0x0000, 0x38A1, 0x7161, 0x0000, 0x0000, 0x0000, 0x0000, 0x0000, 0x0000, 0x0000, 0x0000, 0x0000, 0x0000, 0x0000, 0x0000,
  0x0000, 0x0000, 0x0000, 0x0000, 0x0000, 0x0000, 0x0000, 0x0000, 0x0000, 0x0000, 0x40C1, 0xA1E2, 0x99C2, 0x89A2, 0x6122, 0x2040,
  0x0000, 0x0000, 0x0000, 0x0000, 0x0000, 0x0000, 0x0000, 0x0000, 0x0000, 0x0000, 0x0000, 0x0000, 0x0000, 0x0000, 0x0000, 0x0000,
  0x0000, 0x0000, 0x0000, 0x0000, 0x0000, 0x0000, 0x0000, 0x0000, 0x0000, 0x0000, 0x0000, 0x0000, 0x0000, 0x0000, 0x3080, 0xB202,
  0xB202, 0x5101, 0x0000, 0x0000, 0x0000, 0x0000, 0x0000, 0x0000, 0x0000, 0x0000, 0x0000, 0x0000, 0x0000, 0x0000, 0x0000, 0x0000,
  0x0000, 0x0000, 0x0000, 0x0000, 0x0000, 0x0000, 0x0000, 0x0000, 0x0000, 0x0000, 0x0000, 0x0000, 0x0000, 0x0000, 0x0000, 0x0000,
  0x0000, 0x0000, 0x30A0, 0xC222, 0xBA22, 0x2060, 0x0000, 0x0000, 0x0000, 0x0000, 0x0000, 0x0000, 0x0000, 0x0000, 0x0000, 0x0000,
  0x0000, 0x0000, 0x0000, 0x0000, 0x0000, 0x0000, 0x0000, 0x0000, 0x0000, 0x0000, 0x0000, 0x0000, 0x0000, 0x0000, 0x0000, 0x0000,
  0x0000, 0x0000, 0x0000, 0x0000, 0x0000, 0x0000, 0x0000, 0x91A2, 0xB202, 0x1040, 0x0000, 0x0000, 0x0000, 0x0000, 0x0000, 0x0000,
  0x0000, 0x0000, 0x0000, 0x0000, 0x0000, 0x0000, 0x0000, 0x0000, 0x0000, 0x0000, 0x0000, 0x0000, 0x0000, 0x0000, 0x0000, 0x0000,
  0x0000, 0x0000, 0x0000, 0x0000, 0x0000, 0x0000, 0x0000, 0x0000, 0x0000, 0x0000, 0x0000, 0x0000, 0x1840, 0x0000, 0x0000, 0x0000,
  0x0000, 0x0000, 0x0000, 0x0000, 0x0000, 0x0000, 0x0000, 0x0000, 0x0000, 0x0000, 0x0000, 0x0000, 0x0000, 0x0000, 0x0000, 0x0000,
  0x0000, 0x0000, 0x0000, 0x0000, 0x0000, 0x0000, 0x0000, 0x0000, 0x0000, 0x0000, 0x0000, 0x0000, 0x0000, 0x0000, 0x0000, 0x0000,
  0x0000, 0x0000, 0x0000, 0x0000, 0x0000, 0x0000, 0x0000, 0x0000, 0x0000, 0x0000, 0x0000, 0x0000, 0x0000, 0x0000, 0x0000, 0x0000,
  0x0000, 0x0000, 0x0000, 0x0000, 0x0000, 0x0000, 0x0000, 0x0000,
};

// Veera Jump Frame 3 (36x34 = 1224 pixels)
static const uint16_t PROGMEM veera_jump3_pixels[1224] = {
  0x0000, 0x0000, 0x0000, 0x0000, 0x0000, 0x0000, 0x0000, 0x0000, 0x0000, 0x0000, 0x0000, 0x0000, 0x0000, 0x0000, 0x0000, 0x0000,
  0x0000, 0x0000, 0x0000, 0x0000, 0x0000, 0x0000, 0x0000, 0x0000, 0x0000, 0x0000, 0x0000, 0x0000, 0x0000, 0x0000, 0x0000, 0x0000,
  0x0000, 0x0000, 0x0000, 0x0000, 0x0000, 0x0000, 0x0000, 0x0000, 0x0000, 0x0000, 0x0000, 0x0000, 0x0000, 0x0000, 0x0000, 0x0000,
  0x0000, 0x0000, 0x0000, 0x0000, 0x0000, 0x0000, 0x0000, 0x0000, 0x0000, 0x0000, 0x0000, 0x0000, 0x0000, 0x0000, 0x0000, 0x0000,
  0x0000, 0x0000, 0x0000, 0x0000, 0x0000, 0x0000, 0x0000, 0x0000, 0x0000, 0x0000, 0x0000, 0x0000, 0x0000, 0x0000, 0x0000, 0x0000,
  0x0000, 0x0000, 0x0000, 0x0000, 0x0000, 0x0000, 0x0000, 0x0000, 0x0000, 0x0000, 0x0000, 0x0000, 0x0000, 0x0000, 0x0000, 0x0000,
  0x0000, 0x0000, 0x0000, 0x0000, 0x0000, 0x0000, 0x0000, 0x0000, 0x0000, 0x0000, 0x0000, 0x0000, 0x0000, 0x0000, 0x0000, 0x0000,
  0x0000, 0x0000, 0x0000, 0x0000, 0x0000, 0x0000, 0x0000, 0x0000, 0x0000, 0x0000, 0x0000, 0x0000, 0x0000, 0x0000, 0x0000, 0x0000,
  0x0000, 0x0000, 0x0000, 0x0000, 0x0000, 0x0000, 0x0000, 0x0000, 0x0000, 0x0000, 0x0000, 0x0000, 0x0000, 0x0000, 0x0000, 0x0000,
  0x0000, 0x0000, 0x0000, 0x0000, 0x0000, 0x0000, 0x0000, 0x0000, 0x0000, 0x0000, 0x0000, 0x0000, 0x0000, 0x0000, 0x0000, 0x0000,
  0x0000, 0x0000, 0x0000, 0x0000, 0x0000, 0x0000, 0x0000, 0x0000, 0x0000, 0x0000, 0x0000, 0x0000, 0x0000, 0x0000, 0x0000, 0x0000,
  0x0000, 0x0000, 0x0000, 0x0000, 0x0000, 0x0000, 0x0000, 0x0000, 0x0000, 0x0000, 0x0000, 0x0000, 0x0000, 0x0000, 0x0000, 0x0000,
  0x0000, 0x0000, 0x0000, 0x0000, 0x0000, 0x0000, 0x0000, 0x0000, 0x0000, 0x0000, 0x0000, 0x0000, 0x0000, 0x0000, 0x0000, 0x0820,
  0x0000, 0x0000, 0x0000, 0x0000, 0x0000, 0x0000, 0x0000, 0x0000, 0x0000, 0x0000, 0x0000, 0x0000, 0x0000, 0x0000, 0x0000, 0x0000,
  0x0000, 0x0000, 0x0000, 0x0000, 0x0000, 0x0000, 0x0000, 0x0000, 0x0000, 0x0000, 0x0000, 0x0000, 0x0000, 0x0000, 0x0000, 0x0000,
  0x0020, 0x0800, 0x0000, 0x0020, 0x38C2, 0x2081, 0x0000, 0x0000, 0x0000, 0x0000, 0x0000, 0x0000, 0x0000, 0x0000, 0x0000, 0x0000,
  0x0000, 0x0000, 0x0000, 0x0000, 0x0000, 0x0000, 0x0000, 0x0000, 0x0000, 0x0000, 0x0000, 0x0000, 0x0000, 0x0000, 0x0000, 0x0000,
  0x0000, 0x0801, 0x0001, 0x1041, 0x2083, 0x38C3, 0x40E2, 0x2060, 0x1862, 0x5923, 0x0820, 0x1020, 0x0000, 0x0000, 0x0000, 0x0000,
  0x0000, 0x0000, 0x0000, 0x0000, 0x0000, 0x0000, 0x0000, 0x0000, 0x0000, 0x0000, 0x0000, 0x0000, 0x0000, 0x0000, 0x0000, 0x0000,
  0x0000, 0x0000, 0x0000, 0x0001, 0x0842, 0x1042, 0x0821, 0x0821, 0x0842, 0x1042, 0x28A3, 0x4903, 0x2882, 0x38C3, 0x2061, 0x40E2,
  0x0000, 0x0000, 0x0000, 0x0000, 0x0000, 0x0000, 0x0000, 0x0000, 0x0000, 0x0000, 0x0000, 0x0000, 0x0000, 0x0000, 0x0000, 0x0000,
  0x0000, 0x0000, 0x0000, 0x0000, 0x0000, 0x0000, 0x0000, 0x0822, 0x0822, 0x0821, 0x1042, 0x2063, 0x2883, 0x28A2, 0x2882, 0x2882,
  0x2062, 0x1862, 0x2882, 0x2061, 0x0000, 0x0000, 0x0000, 0x0000, 0x0000, 0x0000, 0x0000, 0x0000, 0x0000, 0x0000, 0x4001, 0x4000,
  0x0000, 0x0000, 0x0000, 0x0000, 0x0000, 0x0000, 0x0000, 0x0000, 0x0000, 0x0020, 0x0822, 0x1043, 0x1043, 0x1863, 0x2083, 0x28A3,
  0x38C3, 0x38C3, 0x5923, 0x5123, 0x40E3, 0x40E2, 0x1042, 0x38C2, 0x1860, 0x0000, 0x0000, 0x0000, 0x0000, 0x0000, 0x0000, 0x0000,
  0x9841, 0xC841, 0xE061, 0xE061, 0xC041, 0x7800, 0x0000, 0x0000, 0x0000, 0x0000, 0x0000, 0x0000, 0x0000, 0x0000, 0x0822, 0x1064,
  0x1042, 0x1863, 0x2083, 0x30A3, 0x2883, 0x38C3, 0x38E3, 0x1862, 0x30C3, 0x1061, 0x0801, 0x28A3, 0x5922, 0x0000, 0x0000, 0x0000,
  0x0000, 0x0000, 0x0000, 0xD861, 0xE861, 0xD821, 0xD021, 0xD021, 0xE041, 0xE861, 0xA041, 0x0000, 0x0000, 0x0000, 0x0000, 0x0000,
  0x0000, 0x0821, 0x1064, 0x0822, 0x1042, 0x1863, 0x2083, 0x1062, 0x0842, 0x1062, 0x2001, 0x0821, 0x3021, 0x9000, 0xA821, 0x1021,
  0x38E3, 0x1840, 0x0000, 0x0000, 0x0000, 0x0000, 0xA021, 0xE042, 0xB802, 0xC002, 0xC802, 0xC802, 0xC802, 0xC802, 0xE022, 0xA021,
  0x0000, 0x0000, 0x5801, 0x0000, 0x0800, 0x1021, 0x0821, 0x0822, 0x0842, 0x0042, 0x1842, 0x2801, 0x3821, 0x9822, 0xB021, 0xA021,
  0xE8A0, 0xF120, 0xC060, 0x1801, 0x1882, 0x0000, 0x0000, 0x0000, 0x0000, 0x0000, 0x4801, 0x9802, 0xB021, 0xD861, 0xE080, 0xE080,
  0xE060, 0xD861, 0xD021, 0xD822, 0x9002, 0x8802, 0xD002, 0xB002, 0x7801, 0x3000, 0x0021, 0x1022, 0x3801, 0x6802, 0x9001, 0xB002,
  0xA801, 0xB840, 0x8020, 0x5020, 0x60A0, 0x7941, 0x3060, 0x0821, 0x0820, 0x0000, 0x0000, 0x0000, 0x0000, 0x0000, 0x0000, 0xA821,
  0xE880, 0xE060, 0xD861, 0xD861, 0xD861, 0xE081, 0xE881, 0xE061, 0xD841, 0xA801, 0x7802, 0x8802, 0x9002, 0x7002, 0x3801, 0x3001,
  0x7002, 0x70A2, 0x99A3, 0x3020, 0x1000, 0x81A2, 0x5A89, 0x0020, 0x71A3, 0x9A84, 0x0820, 0x0000, 0x0000, 0x0000, 0x0000, 0x0000,
  0x0000, 0x0000, 0x5801, 0xE861, 0xD841, 0xD001, 0xD821, 0xE021, 0xD822, 0xC822, 0xC822, 0xD041, 0xE061, 0xF061, 0xD841, 0xB001,
  0x8802, 0x7002, 0x7001, 0x7801, 0x4800, 0x6182, 0xC2C4, 0x89C2, 0x91E3, 0xFC07, 0xDDD4, 0x59C4, 0xF4CA, 0x6246, 0x0000, 0x0000,
  0x0000, 0x0000, 0x0000, 0x0000, 0x0000, 0x0000, 0xA021, 0xD821, 0xD022, 0xE041, 0xB821, 0x8001, 0x6801, 0x5001, 0x4801, 0x4801,
  0x5801, 0x7001, 0xA021, 0xC821, 0xD021, 0xC001, 0xA001, 0x8801, 0x8000, 0x8000, 0x98C1, 0xBA43, 0xFBA6, 0xF4A9, 0xF4C9, 0xFCEA,
  0xFD0A, 0xAB27, 0x0000, 0x0000, 0x0000, 0x0000, 0x0000, 0x0000, 0x0000, 0x0000, 0x7801, 0xE022, 0xD041, 0x7801, 0x5001, 0x6802,
  0x6802, 0x7002, 0x6802, 0x6002, 0x5002, 0x3801, 0x3001, 0x3801, 0x2000, 0x30A2, 0x5A27, 0x9C2C, 0xBD30, 0x9C0C, 0x70A2, 0x8020,
  0xA264, 0xFC88, 0xFD2A, 0xFCA9, 0xD3C7, 0x2081, 0x0000, 0x0000, 0x0000, 0x0000, 0x0000, 0x0000, 0x0000, 0x0000, 0x0000, 0xB822,
  0x5001, 0x0000, 0x0000, 0x8002, 0x7802, 0x7802, 0x7802, 0x7002, 0x6802, 0x6802, 0x6002, 0x2001, 0x49C6, 0x936C, 0xBC8E, 0xF653,
  0xFEF7, 0xFF79, 0xB571, 0x7820, 0x6000, 0x4942, 0xAB06, 0x92C5, 0x1861, 0x0000, 0x0000, 0x0000, 0x0000, 0x0000, 0x0000, 0x0000,
  0x0000, 0x0000, 0x0000, 0x0000, 0x0000, 0x0000, 0x0000, 0x0000, 0x0000, 0x0000, 0x8002, 0x7802, 0x6802, 0x5802, 0x3000, 0x28C2,
  0xAC0D, 0xCCEF, 0x72C9, 0xD550, 0xF674, 0xF6B6, 0xF675, 0x6A26, 0xA800, 0x6801, 0x0800, 0x0000, 0x0000, 0x0000, 0x0000, 0x0000,
  0x0000, 0x0000, 0x0000, 0x0000, 0x0000, 0x0000, 0x0000, 0x0000, 0x0000, 0x0000, 0x0000, 0x0000, 0x0000, 0x0000, 0x3801, 0x4801,
  0x0000, 0x0000, 0x2061, 0x6122, 0x6A05, 0xA42C, 0x6A89, 0x834A, 0xC4AD, 0xBB47, 0xD367, 0x61C4, 0x4800, 0x4800, 0x3102, 0x3143,
  0x0000, 0x0000, 0x0000, 0x0000, 0x0000, 0x0000, 0x0000, 0x0000, 0x0000, 0x0000, 0x0000, 0x0000, 0x0000, 0x0000, 0x0000, 0x0000,
  0x0000, 0x0000, 0x0000, 0x0000, 0x0000, 0x3124, 0x7ACA, 0x4102, 0x68E0, 0x6101, 0x5184, 0x3923, 0xA1E3, 0xEB65, 0xFD0A, 0xAA84,
  0x3964, 0xBCEE, 0xEE54, 0xFED5, 0xB4AE, 0x0840, 0x0000, 0x0000, 0x0000, 0x0000, 0x0000, 0x0000, 0x0000, 0x0000, 0x0000, 0x0000,
  0x0000, 0x0000, 0x0000, 0x0000, 0x0000, 0x0000, 0x0000, 0x0000, 0x0841, 0x938C, 0xCCEF, 0xAC2C, 0x6247, 0x5122, 0x40C1, 0x30E2,
  0x6142, 0xF386, 0xFCCA, 0xEC68, 0x7266, 0xF653, 0xF695, 0xF6B6, 0xFF16, 0x6287, 0x0000, 0x0000, 0x0000, 0x0000, 0x0000, 0x0000,
  0x0000, 0x0000, 0x0000, 0x0000, 0x0000, 0x0000, 0x0000, 0x0000, 0x0000, 0x0000, 0x0000, 0x1882, 0x72A9, 0xD550, 0xDDD1, 0xEE32,
  0xEE33, 0xD570, 0xB4AD, 0xBCAE, 0x5A27, 0xAA23, 0xF3E7, 0xCB86, 0x6941, 0x7309, 0xEDF1, 0xEE33, 0xFE73, 0x6A87, 0x0000, 0x0000,
  0x0000, 0x0000, 0x0000, 0x0000, 0x0000, 0x0000, 0x0000, 0x0000, 0x0000, 0x0000, 0x1020, 0x0820, 0x1040, 0x2040, 0x4185, 0xAC0D,
  0xC50F, 0xEE12, 0xF695, 0xF696, 0xF674, 0xF653, 0xD550, 0x7AE9, 0x72C9, 0x5983, 0x8182, 0x91A1, 0x99C1, 0x3902, 0xC50F, 0xE5B0,
  0xA42C, 0x1081, 0x0000, 0x0000, 0x0000, 0x0000, 0x0000, 0x0000, 0x0000, 0x0000, 0x0000, 0x0000, 0x0000, 0x1020, 0x6122, 0x5902,
  0x7142, 0x48A1, 0x72C9, 0xDD70, 0xE5F2, 0xF674, 0xF695, 0xEE53, 0xE5D1, 0xA40D, 0x20C2, 0x0820, 0x6227, 0x3965, 0x48C1, 0x91A2,
  0xA1C2, 0x58E0, 0x49E6, 0x6246, 0x40E1, 0x2060, 0x0000, 0x0000, 0x0000, 0x0000, 0x0000, 0x0000, 0x0000, 0x0000, 0x0000, 0x0000,
  0x0000, 0x2040, 0x7142, 0x7142, 0x8162, 0x50C1, 0x5A27, 0xDD70, 0xDDB1, 0xEE12, 0xEE12, 0xDD91, 0x834A, 0x0841, 0x0000, 0x0000,
  0x0000, 0x0000, 0x1040, 0x6942, 0xB264, 0xD346, 0x69A3, 0x3060, 0x99C2, 0x6101, 0x0000, 0x0000, 0x0000, 0x0000, 0x0000, 0x0000,
  0x0000, 0x0000, 0x0000, 0x0000, 0x0000, 0x3081, 0x8162, 0x7142, 0x6922, 0x5902, 0x2881, 0x7B0A, 0xC4AE, 0xBC8E, 0x938B, 0x4185,
  0x0000, 0x0000, 0x0000, 0x0000, 0x0000, 0x0000, 0x0000, 0x8A03, 0xFCC9, 0xFD6B, 0xFCC9, 0x6162, 0x7141, 0x7961, 0x0020, 0x0000,
  0x0000, 0x0000, 0x0000, 0x0000, 0x0000, 0x0000, 0x0000, 0x0000, 0x0000, 0x50E1, 0x8982, 0x6922, 0x1840, 0x0000, 0x0000, 0x0000,
  0x20C3, 0x18C2, 0x0000, 0x0000, 0x0000, 0x0000, 0x0000, 0x0000, 0x0000, 0x0000, 0x0000, 0x71A2, 0xFC07, 0xE3C7, 0xD326, 0x40C1,
  0x6922, 0x8181, 0x7141, 0x7961, 0x5101, 0x0000, 0x0000, 0x0000, 0x0000, 0x0000, 0x0000, 0x0000, 0x0000, 0x6122, 0x91A2, 0x7942,
  0x2060, 0x0000, 0x0000, 0x0000, 0x0000, 0x0000, 0x0000, 0x0000, 0x0000, 0x0000, 0x0000, 0x0000, 0x0000, 0x0000, 0x0000, 0x0000,
  0x40C1, 0x38A0, 0x2860, 0x48C1, 0x8182, 0x8982, 0x91A2, 0x91A2, 0x5901, 0x0020, 0x0000, 0x0000, 0x0000, 0x0000, 0x0000, 0x0000,
  0x0000, 0x2040, 0x5901, 0x6921, 0x2880, 0x0000, 0x0000, 0x0000, 0x0000, 0x0000, 0x0000, 0x0000, 0x0000, 0x0000, 0x0000, 0x0000,
  0x0000, 0x0000, 0x0000, 0x0000, 0x0000, 0x0000, 0x0000, 0x40C1, 0x48C1, 0x3081, 0x2860, 0x0820, 0x0000, 0x0000, 0x0000, 0x0000,
  0x0000, 0x0000, 0x0000, 0x0000, 0x0000, 0x0000, 0x0000, 0x0000, 0x0000, 0x0000, 0x0000, 0x0000, 0x0000, 0x0000, 0x0000, 0x0000,
  0x0000, 0x0000, 0x0000, 0x0000, 0x0000, 0x0000, 0x0000, 0x0000, 0x0000, 0x0000, 0x0000, 0x0000, 0x0000, 0x0000, 0x0000, 0x0000,
  0x0000, 0x0000, 0x0000, 0x0000, 0x0000, 0x0000, 0x0000, 0x0000, 0x0000, 0x0000, 0x0000, 0x0000, 0x0000, 0x0000, 0x0000, 0x0000,
  0x0000, 0x0000, 0x0000, 0x0000, 0x0000, 0x0000, 0x0000, 0x0000, 0x0000, 0x0000, 0x0000, 0x0000, 0x0000, 0x0000, 0x0000, 0x0000,
  0x0000, 0x0000, 0x0000, 0x0000, 0x0000, 0x0000, 0x0000, 0x0000,
};

// Array of pointers to the 3 jump frames in sequential order (jump1 -> jump2 -> jump3)
static const uint16_t* const veera_jump_frames[3] = {
  veera_jump1_pixels,
  veera_jump2_pixels,
  veera_jump3_pixels
};

// Veera Attack Frame (58x46 = 2668 pixels)
static const uint16_t PROGMEM veera_attack1_pixels[2668] = {
  0x0000, 0x0000, 0x0000, 0x0000, 0x0000, 0x0000, 0x0000, 0x0000, 0x0000, 0x0000, 0x0000, 0x0000, 0x0000, 0x0000, 0x0000, 0x0000,
  0x0000, 0x0000, 0x0000, 0x0000, 0x0000, 0x0000, 0x0000, 0x0000, 0x0000, 0x0000, 0x0000, 0x0000, 0x0000, 0x0000, 0x0000, 0x0000,
  0x0000, 0x0000, 0x0000, 0x0000, 0x0000, 0x0000, 0x0000, 0x0000, 0x0000, 0x0000, 0x0000, 0x0000, 0x0000, 0x0000, 0x0000, 0x0000,
  0x0000, 0x0000, 0x0000, 0x0000, 0x0000, 0x0000, 0x0000, 0x0000, 0x0000, 0x0000, 0x0000, 0x0000, 0x0000, 0x0000, 0x0000, 0x0000,
  0x0000, 0x0000, 0x0000, 0x0000, 0x0000, 0x0000, 0x0000, 0x0000, 0x0000, 0x0000, 0x0000, 0x0000, 0x0000, 0x0000, 0x0000, 0x0000,
  0x0000, 0x0000, 0x0000, 0x0000, 0x0000, 0x0000, 0x0000, 0x0000, 0x0000, 0x0000, 0x0000, 0x0000, 0x0000, 0x0000, 0x0000, 0x0000,
  0x0000, 0x0000, 0x0000, 0x0000, 0x0000, 0x0000, 0x0000, 0x0000, 0x0000, 0x0000, 0x0000, 0x0000, 0x0000, 0x0000, 0x0000, 0x0000,
  0x0000, 0x0000, 0x0000, 0x0000, 0x0000, 0x0000, 0x0000, 0x0000, 0x0000, 0x0000, 0x0000, 0x0000, 0x0000, 0x0000, 0x0000, 0x0000,
  0x0000, 0x0000, 0x0000, 0x0000, 0x0000, 0x0000, 0x0000, 0x0000, 0x0000, 0x0000, 0x0000, 0x0000, 0x0000, 0x0000, 0x0000, 0x0000,
  0x0000, 0x0000, 0x0000, 0x0000, 0x0000, 0x0000, 0x0000, 0x0000, 0x0000, 0x0000, 0x0000, 0x0000, 0x0000, 0x0000, 0x0000, 0x0000,
  0x0000, 0x0000, 0x0000, 0x0000, 0x0000, 0x0000, 0x0000, 0x0000, 0x0000, 0x0000, 0x0000, 0x0000, 0x0000, 0x0000, 0x0000, 0x0000,
  0x0000, 0x0000, 0x0000, 0x0000, 0x0000, 0x0000, 0x0000, 0x0000, 0x0000, 0x0000, 0x0000, 0x0000, 0x0000, 0x0000, 0x0000, 0x0000,
  0x0000, 0x0000, 0x0000, 0x0000, 0x0000, 0x0000, 0x0000, 0x0000, 0x0000, 0x0000, 0x0000, 0x0000, 0x0000, 0x0000, 0x0000, 0x0000,
  0x0000, 0x0000, 0x0000, 0x0000, 0x0000, 0x0000, 0x0000, 0x0000, 0x0000, 0x0000, 0x0000, 0x0000, 0x0000, 0x0000, 0x0000, 0x0000,
  0x0000, 0x0000, 0x0000, 0x0000, 0x0000, 0x0000, 0x0000, 0x0000, 0x0000, 0x0000, 0x0000, 0x0000, 0x0000, 0x0000, 0x0000, 0x0000,
  0x0000, 0x0000, 0x0000, 0x0000, 0x0000, 0x0000, 0x0000, 0x0000, 0x0000, 0x0000, 0x0000, 0x0000, 0x0000, 0x0000, 0x0000, 0x0000,
  0x0000, 0x0000, 0x0000, 0x0000, 0x0000, 0x0000, 0x0000, 0x0000, 0x0000, 0x0000, 0x0000, 0x0000, 0x0000, 0x0000, 0x0000, 0x0000,
  0x0000, 0x0000, 0x0000, 0x0000, 0x0000, 0x0000, 0x0000, 0x0000, 0x0000, 0x0000, 0x0000, 0x0000, 0x0000, 0x0000, 0x0000, 0x0000,
  0x0000, 0x0000, 0x0000, 0x0000, 0x0000, 0x0000, 0x0000, 0x0000, 0x0000, 0x0000, 0x0000, 0x0000, 0x0000, 0x0000, 0x0000, 0x0000,
  0x0000, 0x0000, 0x0000, 0x0000, 0x0000, 0x0000, 0x0000, 0x0000, 0x0000, 0x0000, 0x0000, 0x0000, 0x0000, 0x0000, 0x0000, 0x0000,
  0x0000, 0x0000, 0x0000, 0x0000, 0x0000, 0x0000, 0x0000, 0x0000, 0x0000, 0x0000, 0x0000, 0x0000, 0x0000, 0x0000, 0x0000, 0x0000,
  0x0000, 0x0000, 0x0000, 0x0000, 0x0000, 0x0000, 0x0000, 0x0000, 0x0000, 0x0000, 0x0000, 0x0000, 0x0000, 0x0000, 0x0000, 0x0000,
  0x0000, 0x0000, 0x0000, 0x0000, 0x0000, 0x0000, 0x0000, 0x0000, 0x0000, 0x0000, 0x0000, 0x0000, 0x0000, 0x0000, 0x0000, 0x0000,
  0x0000, 0x0000, 0x0000, 0x0000, 0x0000, 0x0000, 0x0000, 0x0000, 0x0000, 0x0000, 0x0000, 0x0000, 0x0000, 0x0000, 0x0000, 0x0000,
  0x0000, 0x0000, 0x0000, 0x0000, 0x0000, 0x0000, 0x0000, 0x0000, 0x0000, 0x0000, 0x0000, 0x0000, 0x0000, 0x0000, 0x0000, 0x0000,
  0x0000, 0x0000, 0x0000, 0x0000, 0x0000, 0x0000, 0x0000, 0x0000, 0x0000, 0x0000, 0x0000, 0x0000, 0x0000, 0x0000, 0x0000, 0x0000,
  0x0000, 0x0000, 0x0000, 0x0000, 0x0000, 0x0000, 0x0000, 0x0000, 0x0000, 0x0000, 0x0000, 0x0000, 0x0000, 0x0000, 0x0000, 0x0000,
  0x0000, 0x0000, 0x0000, 0x0000, 0x0000, 0x0000, 0x0000, 0x0000, 0x0000, 0x0000, 0x0000, 0x0000, 0x0000, 0x0000, 0x0000, 0x0000,
  0x0000, 0x0000, 0x0000, 0x0000, 0x0000, 0x0000, 0x0000, 0x0000, 0x0000, 0x0000, 0x0000, 0x0000, 0x0000, 0x0000, 0x0000, 0x0000,
  0x0000, 0x0000, 0x0000, 0x0000, 0x0000, 0x0000, 0x0000, 0x0000, 0x0000, 0x0000, 0x0000, 0x0000, 0x0000, 0x0000, 0x0000, 0x0000,
  0x0000, 0x0000, 0x0000, 0x0000, 0x0000, 0x0000, 0x0000, 0x0000, 0x0000, 0x0000, 0x0000, 0x0000, 0x0000, 0x0000, 0x0000, 0x0000,
  0x0000, 0x0000, 0x0000, 0x0000, 0x0000, 0x0000, 0x0000, 0x0000, 0x0000, 0x0000, 0x0000, 0x0000, 0x0000, 0x0000, 0x0000, 0x0000,
  0x0000, 0x0000, 0x0000, 0x0000, 0x0000, 0x0000, 0x0000, 0x0000, 0x0000, 0x0000, 0x0000, 0x0000, 0x0000, 0x0000, 0x0000, 0x0000,
  0x0000, 0x0000, 0x0000, 0x0000, 0x0000, 0x0000, 0x0000, 0x0000, 0x0000, 0x0000, 0x0000, 0x0000, 0x0000, 0x0000, 0x0000, 0x0000,
  0x0000, 0x0000, 0x0000, 0x0000, 0x0000, 0x0000, 0x0000, 0x0000, 0x0000, 0x0000, 0x0000, 0x0000, 0x0000, 0x0000, 0x0000, 0x0000,
  0x0000, 0x0000, 0x0000, 0x0000, 0x0000, 0x0000, 0x0000, 0x0000, 0x0000, 0x0000, 0x0000, 0x0000, 0x0000, 0x0000, 0x0000, 0x0000,
  0x0000, 0x0000, 0x0000, 0x0000, 0x0000, 0x0000, 0x0000, 0x0000, 0x0000, 0x0000, 0x0000, 0x0000, 0x0000, 0x0000, 0x0000, 0x0000,
  0x0000, 0x0000, 0x0000, 0x0000, 0x0000, 0x0000, 0x0000, 0x0000, 0x0000, 0x0000, 0x0000, 0x0000, 0x0000, 0x0000, 0x0000, 0x0000,
  0x0000, 0x0000, 0x0000, 0x0000, 0x0000, 0x0000, 0x0000, 0x0000, 0x0000, 0x0000, 0x0000, 0x0000, 0x0000, 0x0000, 0x0000, 0x0000,
  0x0000, 0x0000, 0x0000, 0x0000, 0x0000, 0x0000, 0x0000, 0x0000, 0x0000, 0x0000, 0x0000, 0x0000, 0x0000, 0x0000, 0x0000, 0x0000,
  0x0000, 0x0000, 0x0000, 0x0000, 0x0000, 0x0000, 0x0000, 0x0000, 0x0000, 0x0000, 0x0000, 0x0000, 0x0000, 0x0000, 0x0000, 0x0000,
  0x0000, 0x0000, 0x0000, 0x0000, 0x0000, 0x0000, 0x0000, 0x0000, 0x0000, 0x0000, 0x0000, 0x0000, 0x0000, 0x0000, 0x0000, 0x0000,
  0x0000, 0x0000, 0x0000, 0x0000, 0x0000, 0x0000, 0x0000, 0x0000, 0x0000, 0x0000, 0x0000, 0x0000, 0x0000, 0x0000, 0x0000, 0x0000,
  0x0000, 0x0000, 0x0000, 0x0000, 0x0000, 0x0000, 0x0000, 0x0000, 0x0000, 0x0000, 0x0000, 0x0000, 0x0000, 0x0000, 0x0000, 0x0000,
  0x0000, 0x0000, 0x0000, 0x0000, 0x0000, 0x0000, 0x0000, 0x0000, 0x0000, 0x0000, 0x0000, 0x0000, 0x0000, 0x0000, 0x0000, 0x0000,
  0x0000, 0x0000, 0x0000, 0x0000, 0x0000, 0x0000, 0x0000, 0x0000, 0x0000, 0x0000, 0x0000, 0x0000, 0x0000, 0x0000, 0x0000, 0x1861,
  0x2061, 0x0000, 0x0000, 0x0000, 0x0000, 0x0000, 0x0000, 0x0000, 0x0000, 0x0000, 0x0000, 0x0000, 0x0000, 0x0000, 0x0000, 0x0000,
  0x0000, 0x0000, 0x0000, 0x0000, 0x0000, 0x0000, 0x0000, 0x0000, 0x0000, 0x0000, 0x0000, 0x0000, 0x0000, 0x0000, 0x0000, 0x0000,
  0x0000, 0x0000, 0x0000, 0x0000, 0x0000, 0x0000, 0x0000, 0x0000, 0x0000, 0x0000, 0x0000, 0x0000, 0x0000, 0x0000, 0x0000, 0x0000,
  0x0000, 0x0000, 0x0000, 0x0821, 0x0821, 0x1862, 0x38C3, 0x40E2, 0x2860, 0x0001, 0x48E3, 0x2040, 0x0000, 0x0000, 0x0000, 0x0000,
  0x0000, 0x0000, 0x0000, 0x0000, 0x0000, 0x0000, 0x0000, 0x0000, 0x0000, 0x0000, 0x0000, 0x0000, 0x0000, 0x0000, 0x0000, 0x0000,
  0x0000, 0x0000, 0x0000, 0x0000, 0x0000, 0x0000, 0x0000, 0x0000, 0x0000, 0x0000, 0x0000, 0x0000, 0x0000, 0x0000, 0x0000, 0x0000,
  0x0000, 0x0000, 0x0000, 0x0000, 0x0000, 0x0000, 0x0000, 0x0000, 0x0000, 0x0000, 0x0000, 0x0000, 0x0821, 0x0821, 0x0821, 0x1842,
  0x2083, 0x38C3, 0x5923, 0x38C1, 0x28A3, 0x4902, 0x0800, 0x0000, 0x0000, 0x0000, 0x0000, 0x0000, 0x0000, 0x0000, 0x0000, 0x0000,
  0x0000, 0x0000, 0x0000, 0x0000, 0x0000, 0x0000, 0x0000, 0x0000, 0x0000, 0x0000, 0x0000, 0x0000, 0x0000, 0x0000, 0x0000, 0x0000,
  0x0000, 0x0000, 0x0000, 0x0000, 0x0000, 0x0000, 0x0000, 0x0000, 0x0000, 0x0000, 0x0000, 0x0000, 0x0000, 0x0000, 0x0000, 0x0000,
  0x0000, 0x0000, 0x0000, 0x0000, 0x0821, 0x0822, 0x1042, 0x1042, 0x2063, 0x2883, 0x30A3, 0x2083, 0x2083, 0x38C3, 0x2883, 0x30C3,
  0x2882, 0x2061, 0x0000, 0x0000, 0x0000, 0x0000, 0x0000, 0x0000, 0x0000, 0x0000, 0x0000, 0x0000, 0x0000, 0x0000, 0x0000, 0x0000,
  0x0000, 0x0000, 0x0000, 0x0000, 0x0000, 0x0000, 0x0000, 0x0000, 0x0000, 0x0000, 0x0000, 0x0000, 0x0000, 0x0000, 0x0000, 0x0000,
  0x0000, 0x0000, 0x0000, 0x0000, 0x0000, 0x0000, 0x0000, 0x0000, 0x0000, 0x0000, 0x0000, 0x0000, 0x0000, 0x0000, 0x0821, 0x1043,
  0x1863, 0x3083, 0x38A3, 0x40E3, 0x48E3, 0x4903, 0x6123, 0x40E3, 0x38C3, 0x2083, 0x2882, 0x2061, 0x0820, 0x0000, 0x0000, 0x0000,
  0x0000, 0x0000, 0x0000, 0x0000, 0x0000, 0x0000, 0x0000, 0x0000, 0x0000, 0x0000, 0x0000, 0x0000, 0x0000, 0x0000, 0x0000, 0x0000,
  0x0000, 0x0000, 0x0000, 0x0000, 0x0000, 0x0000, 0x0000, 0x0000, 0x0000, 0x0000, 0x0000, 0x0000, 0x0000, 0x0000, 0x0000, 0x0000,
  0x0000, 0x0000, 0x0000, 0x0000, 0x0000, 0x0000, 0x0000, 0x0001, 0x1043, 0x1863, 0x2063, 0x30A3, 0x38C3, 0x40E3, 0x38C3, 0x6143,
  0x5123, 0x40E3, 0x6963, 0x1062, 0x2083, 0x5102, 0x1020, 0x0000, 0x0000, 0x0000, 0x0000, 0x0000, 0x0000, 0x0000, 0x0000, 0x0000,
  0x0000, 0x0000, 0x0000, 0x0000, 0x0000, 0x0000, 0x0000, 0x0000, 0x0000, 0x0000, 0x0000, 0x0000, 0x0000, 0x0000, 0x0000, 0x0000,
  0x0000, 0x0000, 0x0000, 0x0000, 0x0000, 0x0000, 0x0000, 0x0000, 0x0000, 0x0000, 0x0000, 0x0000, 0x0000, 0x0000, 0x0000, 0x0000,
  0x0000, 0x0822, 0x1863, 0x1042, 0x1863, 0x3083, 0x38C3, 0x2883, 0x30A3, 0x30C3, 0x1042, 0x1883, 0x2082, 0x3001, 0x1822, 0x4904,
  0x38A1, 0x0000, 0x0000, 0x0000, 0x0000, 0x0000, 0x0000, 0x0000, 0x0000, 0x0000, 0x0000, 0x0000, 0x0000, 0x0000, 0x0000, 0x0000,
  0x0000, 0x0000, 0x0000, 0x0000, 0x0000, 0x0000, 0x0000, 0x0000, 0x0000, 0x0000, 0x0000, 0x0000, 0x0000, 0x0000, 0x0000, 0x0000,
  0x0000, 0x0000, 0x0000, 0x0000, 0x0000, 0x0000, 0x0000, 0x0000, 0x0000, 0x0000, 0x0821, 0x1042, 0x0821, 0x1043, 0x1043, 0x1063,
  0x1042, 0x0021, 0x1842, 0x4802, 0x3001, 0x5022, 0xB841, 0xF041, 0x5001, 0x1883, 0x2882, 0x0000, 0x0000, 0x0000, 0x0000, 0x0000,
  0x0000, 0x0000, 0x0000, 0x0000, 0x0000, 0x0000, 0x0000, 0x0000, 0x0000, 0x0000, 0x0000, 0x0000, 0x0000, 0x0000, 0x0000, 0x0000,
  0x0000, 0x0000, 0x0000, 0x0000, 0x0000, 0x0000, 0x0000, 0x0000, 0x0000, 0x0000, 0x0000, 0x0000, 0x0000, 0x0000, 0x0000, 0x0000,
  0x0000, 0x0000, 0x0000, 0x0000, 0x0000, 0x0001, 0x1043, 0x0022, 0x1021, 0x4002, 0x7801, 0x9021, 0xC841, 0xE061, 0xB861, 0xD880,
  0xC080, 0xA860, 0x3000, 0x1042, 0x0820, 0x0000, 0x0000, 0x0000, 0x0000, 0x0000, 0x0000, 0x0000, 0x0000, 0x0000, 0x0000, 0x0000,
  0x0000, 0x0000, 0x0000, 0x0000, 0x0000, 0x0000, 0x0000, 0x0000, 0x0000, 0x0000, 0x0000, 0x0000, 0x0000, 0x0000, 0x0000, 0x0000,
  0x0000, 0x0000, 0x0000, 0x0000, 0x0000, 0x0000, 0x0000, 0x0000, 0x0000, 0x0000, 0x0000, 0x6801, 0xB002, 0xA002, 0x5801, 0x1801,
  0x0801, 0x4801, 0x8802, 0xA022, 0x9821, 0x7000, 0x6840, 0x6880, 0x2840, 0x1820, 0x89A2, 0x5901, 0x0821, 0x0821, 0x0000, 0x0000,
  0x0000, 0x0000, 0x0000, 0x0000, 0x0000, 0x0000, 0x0000, 0x0000, 0x0000, 0x0000, 0x0000, 0x0000, 0x0000, 0x0000, 0x0000, 0x0000,
  0x0000, 0x0000, 0x0000, 0x0000, 0x0000, 0x0000, 0x0000, 0x0000, 0x0000, 0x0000, 0x0000, 0x0000, 0x0000, 0x5801, 0x6000, 0x6801,
  0x4801, 0x0000, 0x0000, 0x0000, 0x0000, 0x0000, 0xA002, 0xA802, 0x8823, 0x6002, 0x4021, 0x4801, 0x2861, 0xBAA4, 0x79C2, 0x0040,
  0x99C1, 0xBC2C, 0x3A08, 0x4921, 0xDBE8, 0x1040, 0x0000, 0x0000, 0x0000, 0x0000, 0x0000, 0x0000, 0x0000, 0x0000, 0x0000, 0x0000,
  0x0000, 0x0000, 0x0000, 0x0000, 0x0000, 0x0000, 0x0000, 0x0000, 0x0000, 0x0000, 0x0000, 0x0000, 0x0000, 0x0000, 0x0000, 0x0000,
  0x0000, 0x0000, 0x0000, 0x0000, 0x6001, 0xB041, 0xD861, 0xF080, 0xF080, 0xF061, 0xD821, 0xB802, 0x8802, 0x5801, 0x3801, 0x5001,
  0x7802, 0x9802, 0x9801, 0x9000, 0x9000, 0xA000, 0x8060, 0x9A03, 0xC283, 0xD2A3, 0xFBE6, 0xFD4C, 0xCC6B, 0xE447, 0xECCA, 0x0000,
  0x0000, 0x0000, 0x0000, 0x0000, 0x0000, 0x0000, 0x0000, 0x0000, 0x0000, 0x0000, 0x0000, 0x0000, 0x0000, 0x0000, 0x0000, 0x0000,
  0x0000, 0x0000, 0x0000, 0x0000, 0x0000, 0x0000, 0x0000, 0x0000, 0x0000, 0x0000, 0x0000, 0x0000, 0x5001, 0xB841, 0xF080, 0xF080,
  0xE060, 0xD841, 0xD022, 0xD022, 0xD022, 0xD822, 0xD822, 0xD842, 0xD022, 0xC022, 0xA002, 0x7801, 0x6124, 0x7AE9, 0x93CC, 0x7A06,
  0xB000, 0xC840, 0x78E1, 0xD2C3, 0xFC68, 0xF4C9, 0xFC88, 0xFD0A, 0xDBC7, 0x0000, 0x0000, 0x0000, 0x0000, 0x0000, 0x0000, 0x0000,
  0x0000, 0x0000, 0x0000, 0x0000, 0x0000, 0x0000, 0x0000, 0x0000, 0x0000, 0x0000, 0x0000, 0x0000, 0x0000, 0x0000, 0x0000, 0x0000,
  0x0000, 0x0000, 0x0000, 0x0000, 0x0000, 0x8001, 0xE861, 0xF080, 0xD841, 0xD022, 0xD022, 0xD841, 0xE061, 0xF081, 0xE861, 0xD061,
  0xA841, 0x8801, 0x6001, 0x3801, 0x2820, 0x7309, 0xE675, 0xFEF7, 0xFF17, 0xF717, 0x62E9, 0xA820, 0xE060, 0x7080, 0xAA63, 0xEC68,
  0xF4A9, 0xC366, 0x0000, 0x0000, 0x0000, 0x0000, 0x0000, 0x0000, 0x0000, 0x0000, 0x0000, 0x0000, 0x0000, 0x0000, 0x0000, 0x0000,
  0x0000, 0x0000, 0x0000, 0x0000, 0x0000, 0x0000, 0x0000, 0x0000, 0x0000, 0x0000, 0x0000, 0x0000, 0x0000, 0x0000, 0x5801, 0xE041,
  0xE041, 0xD022, 0xD822, 0xE060, 0xE880, 0xF060, 0xD841, 0xA822, 0x8022, 0x5802, 0x5002, 0x3001, 0x40C1, 0xA264, 0xE3A6, 0xD326,
  0xEE34, 0xFEF7, 0xF6B6, 0xF695, 0xDDF2, 0x5965, 0xE020, 0xE041, 0x6800, 0x6881, 0x5922, 0x0000, 0x0000, 0x0000, 0x0000, 0x0000,
  0x0000, 0x0000, 0x0000, 0x0000, 0x0000, 0x0000, 0x0000, 0x0000, 0x0000, 0x0000, 0x0000, 0x0000, 0x0000, 0x0000, 0x0000, 0x0000,
  0x0000, 0x0000, 0x0000, 0x0000, 0x0000, 0x0000, 0x0000, 0x0000, 0x0000, 0x6801, 0xB802, 0xD841, 0xE880, 0xF080, 0xD841, 0x9042,
  0x4862, 0x4802, 0x4801, 0x5081, 0x4081, 0x81A1, 0xBA22, 0xE3E7, 0xFD0A, 0xE2E3, 0xBB89, 0xCD91, 0xAC4D, 0xC50F, 0xF674, 0xACEF,
  0x7041, 0xF020, 0xD822, 0x9002, 0x0000, 0x0000, 0x0000, 0x0000, 0x0000, 0x0000, 0x0000, 0x0000, 0x0000, 0x0000, 0x0000, 0x0000,
  0x0000, 0x0000, 0x0000, 0x0000, 0x0000, 0x0000, 0x0000, 0x0000, 0x0000, 0x0000, 0x0000, 0x0000, 0x0000, 0x0000, 0x0000, 0x0000,
  0x0000, 0x0000, 0x0000, 0x0000, 0xB821, 0xF080, 0xE861, 0xB822, 0x6002, 0x4901, 0xBBA4, 0x38A0, 0xA223, 0xF427, 0xD325, 0xA9E2,
  0xA9E2, 0x91E3, 0xBA83, 0x6101, 0x4985, 0x830A, 0xA42D, 0xE613, 0xFF38, 0xDDF3, 0x5142, 0x7020, 0x8002, 0x2000, 0x38E1, 0xA2A4,
  0x5162, 0x0000, 0x0000, 0x0000, 0x0000, 0x0000, 0x0000, 0x0000, 0x0000, 0x0000, 0x0000, 0x0000, 0x0000, 0x0000, 0x0000, 0x0000,
  0x0000, 0x0000, 0x0000, 0x0000, 0x0000, 0x0000, 0x0000, 0x0000, 0x0000, 0x0000, 0x0000, 0x0000, 0x0000, 0x0000, 0xC022, 0xF041,
  0xA823, 0x5801, 0x6001, 0x2821, 0x9B03, 0xAB24, 0x91E2, 0xF448, 0xFC88, 0x91A2, 0x38C1, 0x3861, 0x4801, 0x1000, 0x3965, 0x8B8C,
  0xBCEF, 0xCD0F, 0xBC2B, 0xAA23, 0xA223, 0x41A5, 0x30A0, 0x50E1, 0xC2A4, 0xEBC6, 0xFC68, 0x5142, 0x0000, 0x0000, 0x0000, 0x0000,
  0x0000, 0x0000, 0x0000, 0x0000, 0x0000, 0x0000, 0x0000, 0x0000, 0x0000, 0x0000, 0x0000, 0x0000, 0x0000, 0x0000, 0x0000, 0x0000,
  0x0000, 0x0000, 0x0000, 0x0000, 0x0000, 0x0000, 0x0000, 0x0000, 0x6822, 0xB002, 0x3000, 0x1841, 0x626A, 0x7B4A, 0xCA25, 0xEA26,
  0x6980, 0xDB25, 0xC2A4, 0x38C0, 0x4021, 0x8003, 0x3801, 0x3060, 0x7121, 0x5921, 0x4902, 0x5101, 0x6941, 0x8204, 0x5A06, 0x40E1,
  0x7121, 0x6901, 0xB202, 0xBA43, 0xFC27, 0x81E3, 0x0000, 0x0000, 0x0000, 0x0000, 0x0000, 0x0000, 0x0000, 0x0000, 0x0000, 0x0000,
  0x0000, 0x0000, 0x0000, 0x0000, 0x0000, 0x0000, 0x0000, 0x0000, 0x0000, 0x0000, 0x0000, 0x0000, 0x0000, 0x0000, 0x0000, 0x0000,
  0x0000, 0x0000, 0x0000, 0x2001, 0x5269, 0xBD73, 0xC575, 0x6226, 0x9900, 0xB122, 0x71A1, 0x58E0, 0x0000, 0x3001, 0x7802, 0x4042,
  0x6AA9, 0x72C9, 0x5122, 0x7940, 0x8960, 0x6141, 0x7225, 0x4102, 0x0800, 0x0000, 0x1840, 0x28A1, 0x4080, 0x7941, 0xA202, 0x0000,
  0x0000, 0x0000, 0x0000, 0x0000, 0x0000, 0x0000, 0x0000, 0x0000, 0x0000, 0x0000, 0x0000, 0x0000, 0x0000, 0x0000, 0x0000, 0x0000,
  0x0000, 0x0000, 0x0000, 0x0000, 0x0000, 0x0000, 0x0000, 0x0000, 0x0000, 0x0000, 0x0000, 0x0000, 0x4A28, 0xBD93, 0xE657, 0xAC92,
  0x6AAD, 0x628D, 0x3986, 0x4941, 0xAAC2, 0x0000, 0x0000, 0x0000, 0x0000, 0x72E9, 0xE5D1, 0xEE33, 0xCD92, 0x9C2D, 0x8329, 0x8308,
  0x8B49, 0xA42D, 0xC530, 0x83AB, 0x2923, 0x0000, 0x0000, 0x0000, 0x0000, 0x0000, 0x0000, 0x0000, 0x0000, 0x0000, 0x0000, 0x0000,
  0x0000, 0x0000, 0x0000, 0x0000, 0x0000, 0x0000, 0x0000, 0x0000, 0x0000, 0x0000, 0x0000, 0x0000, 0x0000, 0x0000, 0x0000, 0x0000,
  0x0000, 0x0000, 0x0000, 0x0000, 0x39C6, 0xB533, 0xF6D8, 0xC533, 0x836F, 0x7B0E, 0x6ACD, 0x3146, 0x0000, 0x0000, 0x71C1, 0x0000,
  0x0000, 0x0000, 0x0000, 0xC4F0, 0xEE54, 0xF6B6, 0xFEF7, 0xFF17, 0xFF17, 0xFF37, 0xFF37, 0xFED6, 0xFED6, 0xFF38, 0xF695, 0x93CC,
  0x0000, 0x0000, 0x0000, 0x0000, 0x0000, 0x0000, 0x0000, 0x0000, 0x0000, 0x0000, 0x0000, 0x0000, 0x0000, 0x0000, 0x0000, 0x0000,
  0x0000, 0x0000, 0x0000, 0x0000, 0x0000, 0x0000, 0x0000, 0x0000, 0x0000, 0x0000, 0x0000, 0x0000, 0x2965, 0xAD12, 0xF6F9, 0xD5D5,
  0x93F0, 0x8B90, 0x7B4E, 0x3986, 0x0000, 0x0000, 0x0000, 0x0000, 0x0000, 0x0000, 0x0000, 0x3124, 0x9BAC, 0xE5F2, 0xEE75, 0xF6B6,
  0xF6B6, 0xEE74, 0xEE54, 0xCD51, 0xA42D, 0xC4EF, 0xEE33, 0xF6B6, 0xF6D7, 0xFF78, 0x93EC, 0x0000, 0x0000, 0x0000, 0x0000, 0x0000,
  0x0000, 0x0000, 0x0000, 0x0000, 0x0000, 0x0000, 0x0000, 0x0000, 0x0000, 0x0000, 0x0000, 0x0000, 0x0000, 0x0000, 0x0000, 0x0000,
  0x0000, 0x0000, 0x0000, 0x0000, 0x0000, 0x7BAD, 0xF73A, 0xE657, 0xAC92, 0x93F1, 0x836E, 0x41C8, 0x0000, 0x0000, 0x0000, 0x0000,
  0x0000, 0x0000, 0x0000, 0x0000, 0x7AEA, 0xD551, 0xE5F2, 0xF695, 0xF696, 0xEE74, 0xE5F2, 0xD591, 0x7B0A, 0x49C6, 0x9B8D, 0xCD10,
  0xD591, 0xE612, 0xF695, 0xF6B6, 0xDDB1, 0x0000, 0x0000, 0x0000, 0x0000, 0x0000, 0x0000, 0x0000, 0x0000, 0x0000, 0x0000, 0x0000,
  0x0000, 0x0000, 0x0000, 0x0000, 0x0000, 0x0000, 0x0000, 0x0000, 0x0000, 0x0000, 0x0000, 0x0000, 0x0000, 0x0000, 0x7B8C, 0xFF3A,
  0xC533, 0xA451, 0x838F, 0x4A08, 0x0000, 0x0000, 0x0000, 0x0000, 0x0000, 0x0000, 0x0000, 0x0000, 0x0000, 0x0840, 0xB46F, 0xEE12,
  0xEE74, 0xF6D7, 0xF6B6, 0xEE53, 0xDDB2, 0x72C9, 0x0000, 0x0000, 0x3985, 0x72EA, 0xBCAE, 0xDDD1, 0xEE33, 0xF653, 0xB48E, 0x0000,
  0x0000, 0x0000, 0x0000, 0x0000, 0x0000, 0x0000, 0x0000, 0x0000, 0x0000, 0x0000, 0x0000, 0x0000, 0x0000, 0x0000, 0x0000, 0x0000,
  0x0000, 0x0000, 0x0000, 0x0000, 0x0000, 0x0000, 0x0000, 0x4A27, 0xD5D5, 0x9C30, 0x7B4E, 0x41E8, 0x0000, 0x0000, 0x0000, 0x0000,
  0x0000, 0x0000, 0x0000, 0x0000, 0x0000, 0x0000, 0x3081, 0x40A0, 0x6AC9, 0xEDF2, 0xE5F2, 0xE633, 0xE613, 0xDD92, 0x6A88, 0x0000,
  0x0000, 0x0000, 0x0000, 0x1061, 0x9BAD, 0xC4F0, 0xBCEF, 0x93AC, 0x2903, 0x0000, 0x0000, 0x0000, 0x0000, 0x0000, 0x0000, 0x0000,
  0x0000, 0x0000, 0x0000, 0x0000, 0x0000, 0x0000, 0x0000, 0x0000, 0x0000, 0x0000, 0x0000, 0x0000, 0x0000, 0x0000, 0x0000, 0x0000,
  0x0000, 0x2945, 0x0000, 0x0000, 0x0000, 0x0000, 0x0000, 0x0000, 0x0000, 0x0000, 0x0000, 0x0000, 0x0000, 0x0000, 0x0000, 0x0820,
  0x6942, 0x8182, 0x38E2, 0x832A, 0xC4CF, 0xCD0F, 0xB44E, 0x51E6, 0x0000, 0x0000, 0x0000, 0x0000, 0x0000, 0x0000, 0x1061, 0x4164,
  0x3903, 0x48C1, 0x50C1, 0x0000, 0x0000, 0x0000, 0x0000, 0x0000, 0x0000, 0x0000, 0x0000, 0x0000, 0x0000, 0x0000, 0x0000, 0x0000,
  0x0000, 0x0000, 0x0000, 0x0000, 0x0000, 0x0000, 0x0000, 0x0000, 0x0000, 0x0000, 0x0000, 0x0000, 0x0000, 0x0000, 0x0000, 0x0000,
  0x0000, 0x0000, 0x0000, 0x0000, 0x0000, 0x0000, 0x0000, 0x0000, 0x0000, 0x5901, 0x8162, 0x8982, 0x7942, 0x2040, 0x28E3, 0x3965,
  0x0000, 0x0000, 0x0000, 0x0000, 0x0000, 0x0000, 0x0000, 0x0000, 0x0000, 0x48A1, 0x7121, 0x99C2, 0x50E1, 0x0000, 0x0000, 0x0000,
  0x0000, 0x0000, 0x0000, 0x0000, 0x0000, 0x0000, 0x0000, 0x0000, 0x0000, 0x0000, 0x0000, 0x0000, 0x0000, 0x0000, 0x0000, 0x0000,
  0x0000, 0x0000, 0x0000, 0x0000, 0x0000, 0x0000, 0x0000, 0x0000, 0x0000, 0x0000, 0x0000, 0x0000, 0x0000, 0x0000, 0x0000, 0x0000,
  0x0000, 0x0000, 0x6101, 0x8982, 0x8161, 0x6121, 0x2880, 0x0000, 0x0000, 0x0000, 0x0000, 0x0000, 0x0000, 0x0000, 0x0000, 0x0000,
  0x0000, 0x0000, 0x0000, 0x30A1, 0x6942, 0x8161, 0x5901, 0x0000, 0x0000, 0x0000, 0x0000, 0x0000, 0x0000, 0x0000, 0x0000, 0x0000,
  0x0000, 0x0000, 0x0000, 0x0000, 0x0000, 0x0000, 0x0000, 0x0000, 0x0000, 0x0000, 0x0000, 0x0000, 0x0000, 0x0000, 0x0000, 0x0000,
  0x0000, 0x0000, 0x0000, 0x0000, 0x0000, 0x0000, 0x0000, 0x0000, 0x0000, 0x0000, 0x0000, 0x6121, 0xA9E2, 0xA9E2, 0x91A2, 0x2860,
  0x0000, 0x0000, 0x0000, 0x0000, 0x0000, 0x0000, 0x0000, 0x0000, 0x0000, 0x0000, 0x0000, 0x0000, 0x0000, 0x40C1, 0x7961, 0x91A1,
  0xA9E2, 0xA1E2, 0x7141, 0x0000, 0x0000, 0x0000, 0x0000, 0x0000, 0x0000, 0x0000, 0x0000, 0x0000, 0x0000, 0x0000, 0x0000, 0x0000,
  0x0000, 0x0000, 0x0000, 0x0000, 0x0000, 0x0000, 0x0000, 0x0000, 0x0000, 0x0000, 0x0000, 0x0000, 0x0000, 0x0000, 0x0000, 0x0000,
  0x0000, 0x0000, 0x0000, 0x0000, 0x2040, 0x99C2, 0xB202, 0xC222, 0x99C2, 0x0820, 0x0000, 0x0000, 0x0000, 0x0000, 0x0000, 0x0000,
  0x0000, 0x0000, 0x0000, 0x0000, 0x0000, 0x0000, 0x0820, 0x6122, 0x7962, 0x89A2, 0xA9E2, 0xC222, 0xD282, 0x6121, 0x0000, 0x0000,
  0x0000, 0x0000, 0x0000, 0x0000, 0x0000, 0x0000, 0x0000, 0x0000, 0x0000, 0x0000, 0x0000, 0x0000, 0x0000, 0x0000, 0x0000, 0x0000,
  0x0000, 0x0000, 0x0000, 0x0000, 0x0000, 0x0000, 0x0000, 0x0000, 0x0000, 0x0000, 0x0000, 0x0000, 0x0000, 0x0000, 0x0820, 0x3080,
  0x3880, 0x38A0, 0x2060, 0x0000, 0x0000, 0x0000, 0x0000, 0x0000, 0x0000, 0x0000, 0x0000, 0x0000, 0x0000, 0x0000, 0x0000, 0x0000,
  0x0000, 0x2060, 0x2060, 0x1840, 0x3080, 0x38A0, 0x38A0, 0x1840, 0x0000, 0x0000, 0x0000, 0x0000, 0x0000, 0x0000, 0x0000, 0x0000,
  0x0000, 0x0000, 0x0000, 0x0000, 0x0000, 0x0000, 0x0000, 0x0000, 0x0000, 0x0000, 0x0000, 0x0000, 0x0000, 0x0000, 0x0000, 0x0000,
  0x0000, 0x0000, 0x0000, 0x0000, 0x0000, 0x0000, 0x0000, 0x0000, 0x0000, 0x0000, 0x0000, 0x0000, 0x0000, 0x0000, 0x0000, 0x0000,
  0x0000, 0x0000, 0x0000, 0x0000, 0x0000, 0x0000, 0x0000, 0x0000, 0x0000, 0x0000, 0x0000, 0x0000, 0x0000, 0x0000, 0x0000, 0x0000,
  0x0000, 0x0000, 0x0000, 0x0000, 0x0000, 0x0000, 0x0000, 0x0000, 0x0000, 0x0000, 0x0000, 0x0000, 0x0000, 0x0000, 0x0000, 0x0000,
  0x0000, 0x0000, 0x0000, 0x0000, 0x0000, 0x0000, 0x0000, 0x0000, 0x0000, 0x0000, 0x0000, 0x0000, 0x0000, 0x0000, 0x0000, 0x0000,
  0x0000, 0x0000, 0x0000, 0x0000, 0x0000, 0x0000, 0x0000, 0x0000, 0x0000, 0x0000, 0x0000, 0x0000, 0x0000, 0x0000, 0x0000, 0x0000,
  0x0000, 0x0000, 0x0000, 0x0000, 0x0000, 0x0000, 0x0000, 0x0000, 0x0000, 0x0000, 0x0000, 0x0000, 0x0000, 0x0000, 0x0000, 0x0000,
  0x0000, 0x0000, 0x0000, 0x0000, 0x0000, 0x0000, 0x0000, 0x0000, 0x0000, 0x0000, 0x0000, 0x0000,
};

// Veera Attack Frame (58x46 = 2668 pixels)
static const uint16_t PROGMEM veera_attack2_pixels[2668] = {
  0x0000, 0x0000, 0x0000, 0x0000, 0x0000, 0x0000, 0x0000, 0x0000, 0x0000, 0x0000, 0x41C7, 0x41E7, 0x0000, 0x0000, 0x0000, 0x0000,
  0x0000, 0x0000, 0x0000, 0x0000, 0x0000, 0x0000, 0x0000, 0x0000, 0x0000, 0x0000, 0x0000, 0x0000, 0x0000, 0x0000, 0x0000, 0x0000,
  0x0000, 0x0000, 0x0000, 0x0000, 0x0000, 0x0000, 0x0000, 0x0000, 0x0000, 0x0000, 0x0000, 0x0000, 0x0000, 0x0000, 0x0000, 0x0000,
  0x0000, 0x0000, 0x0000, 0x0000, 0x0000, 0x0000, 0x0000, 0x0000, 0x0000, 0x0000, 0x0000, 0x0000, 0x0000, 0x0000, 0x0000, 0x0000,
  0x0000, 0x0000, 0x0000, 0x0000, 0x3165, 0xC575, 0xCDD5, 0x83EE, 0x0000, 0x0000, 0x0000, 0x0000, 0x0000, 0x0000, 0x0000, 0x0000,
  0x0000, 0x0000, 0x0000, 0x0000, 0x0000, 0x0000, 0x0000, 0x0000, 0x0000, 0x0000, 0x0000, 0x0000, 0x0000, 0x0000, 0x0000, 0x0000,
  0x0000, 0x0000, 0x0000, 0x0000, 0x0000, 0x0000, 0x0000, 0x0000, 0x0000, 0x0000, 0x0000, 0x0000, 0x0000, 0x0000, 0x0000, 0x0000,
  0x0000, 0x0000, 0x0000, 0x0000, 0x0000, 0x0000, 0x0000, 0x0000, 0x0000, 0x0000, 0x0000, 0x0000, 0x0000, 0x0000, 0x0000, 0x524A,
  0xB4F3, 0xE697, 0xDE98, 0x4228, 0x0000, 0x0000, 0x0000, 0x0000, 0x0000, 0x0000, 0x0000, 0x0000, 0x0000, 0x0000, 0x0000, 0x0000,
  0x0000, 0x0000, 0x0000, 0x0000, 0x0000, 0x0000, 0x0000, 0x0000, 0x0000, 0x0000, 0x0000, 0x0000, 0x0000, 0x0000, 0x0000, 0x0000,
  0x0000, 0x0000, 0x0000, 0x0000, 0x0000, 0x0000, 0x0000, 0x0000, 0x0000, 0x0000, 0x0000, 0x0000, 0x0000, 0x0000, 0x0000, 0x0000,
  0x0000, 0x0000, 0x0000, 0x0000, 0x0000, 0x0000, 0x0000, 0x0000, 0x0000, 0x0000, 0x7B8F, 0x9C11, 0xB533, 0xF739, 0x83EE, 0x0000,
  0x0000, 0x0000, 0x0000, 0x0000, 0x0000, 0x0000, 0x0000, 0x0000, 0x0000, 0x0000, 0x0000, 0x0000, 0x0000, 0x0000, 0x0000, 0x0000,
  0x0000, 0x0000, 0x0000, 0x0000, 0x0000, 0x0000, 0x0000, 0x0000, 0x0000, 0x0000, 0x0000, 0x0000, 0x0000, 0x0000, 0x0000, 0x0000,
  0x0000, 0x0000, 0x0000, 0x0000, 0x0000, 0x0000, 0x0000, 0x0000, 0x0000, 0x0000, 0x0000, 0x0000, 0x0000, 0x0000, 0x0000, 0x0000,
  0x0000, 0x0000, 0x0000, 0x0000, 0x0000, 0x6AEC, 0x8BB0, 0x8BD0, 0xEEB8, 0xBD73, 0x0000, 0x0000, 0x0000, 0x0000, 0x0000, 0x0000,
  0x0000, 0x0000, 0x0000, 0x0000, 0x0000, 0x0000, 0x0000, 0x0000, 0x0000, 0x0000, 0x0000, 0x0000, 0x0000, 0x0000, 0x0000, 0x0000,
  0x0000, 0x0000, 0x0000, 0x0000, 0x0000, 0x0000, 0x0000, 0x0000, 0x0000, 0x0000, 0x0000, 0x0000, 0x0000, 0x0000, 0x0000, 0x0000,
  0x0000, 0x0000, 0x0000, 0x0000, 0x0000, 0x0000, 0x0000, 0x0000, 0x0000, 0x0000, 0x0000, 0x0000, 0x0000, 0x0000, 0x0000, 0x0000,
  0x4A29, 0x8390, 0x730E, 0xCD94, 0xE677, 0x39A6, 0x0000, 0x0000, 0x0000, 0x0000, 0x0000, 0x0000, 0x0000, 0x0000, 0x0000, 0x0000,
  0x0000, 0x0000, 0x0000, 0x0000, 0x0000, 0x0000, 0x0000, 0x0000, 0x0000, 0x0000, 0x0000, 0x0000, 0x0000, 0x0000, 0x0000, 0x0000,
  0x0000, 0x0000, 0x0000, 0x0000, 0x0000, 0x0000, 0x0000, 0x0000, 0x0000, 0x0000, 0x0000, 0x0000, 0x0000, 0x0000, 0x0000, 0x0000,
  0x0000, 0x0000, 0x0000, 0x0000, 0x0000, 0x0000, 0x0000, 0x0000, 0x0000, 0x0000, 0x0000, 0x2945, 0x7B4F, 0x6ACD, 0xA471, 0xE677,
  0x5269, 0x0000, 0x0000, 0x0000, 0x0000, 0x0000, 0x0000, 0x0000, 0x0000, 0x0000, 0x0000, 0x0000, 0x0000, 0x0000, 0x0000, 0x0000,
  0x0000, 0x0000, 0x0000, 0x0000, 0x0000, 0x0000, 0x0000, 0x0000, 0x0000, 0x0000, 0x0000, 0x0000, 0x0000, 0x0000, 0x0000, 0x0000,
  0x0000, 0x0000, 0x0000, 0x0000, 0x0000, 0x0000, 0x0000, 0x0000, 0x0000, 0x0000, 0x0000, 0x0000, 0x0000, 0x0000, 0x0000, 0x0000,
  0x0000, 0x0000, 0x0000, 0x0000, 0x0000, 0x0000, 0x0000, 0x6AED, 0x6AEE, 0x836E, 0xCDB5, 0x6B2C, 0x0000, 0x0000, 0x0000, 0x0000,
  0x0000, 0x0000, 0x0000, 0x0000, 0x0000, 0x0000, 0x0000, 0x0000, 0x0000, 0x0000, 0x0000, 0x0000, 0x0000, 0x0000, 0x0000, 0x0000,
  0x0000, 0x0000, 0x0000, 0x0000, 0x0000, 0x0000, 0x0000, 0x0000, 0x0000, 0x0000, 0x0000, 0x0000, 0x0000, 0x0000, 0x0000, 0x0000,
  0x0000, 0x0000, 0x0000, 0x0000, 0x0000, 0x0000, 0x0000, 0x0000, 0x0000, 0x0000, 0x0000, 0x0000, 0x0000, 0x0000, 0x0000, 0x0000,
  0x0000, 0x0000, 0x524A, 0x6ACE, 0x6269, 0x93CC, 0x5A67, 0x51A1, 0xC3A4, 0x0000, 0x0000, 0x0000, 0x0000, 0x0000, 0x0000, 0x0000,
  0x0000, 0x0000, 0x0000, 0x0000, 0x0000, 0x0000, 0x0000, 0x0000, 0x0000, 0x0000, 0x0000, 0x0000, 0x0000, 0x0000, 0x0000, 0x0000,
  0x0000, 0x0000, 0x0000, 0x0000, 0x0000, 0x0000, 0x0000, 0x0000, 0x0000, 0x0000, 0x0000, 0x0000, 0x0000, 0x0000, 0x0000, 0x0000,
  0x0000, 0x0000, 0x0000, 0x0000, 0x0000, 0x0000, 0x0000, 0x0000, 0x0000, 0x0000, 0x0000, 0x0000, 0x0000, 0x39A8, 0x5249, 0x9100,
  0xEA27, 0xE3E4, 0x6161, 0x0000, 0x0000, 0x0000, 0x0000, 0x0000, 0x0000, 0x0000, 0x0000, 0x0000, 0x0000, 0x0000, 0x0000, 0x0000,
  0x0000, 0x0000, 0x0000, 0x0000, 0x0000, 0x0000, 0x0000, 0x0000, 0x0000, 0x0000, 0x0000, 0x0000, 0x0000, 0x0000, 0x0000, 0x0000,
  0x0000, 0x0000, 0x0000, 0x0000, 0x0000, 0x0000, 0x0000, 0x0000, 0x0000, 0x0000, 0x0000, 0x0000, 0x0000, 0x0000, 0x0000, 0x0000,
  0x0000, 0x0000, 0x0000, 0x0000, 0x0000, 0x0000, 0x0000, 0x0000, 0x1082, 0x91A2, 0xB962, 0x6961, 0x2880, 0x0000, 0x0000, 0x0000,
  0x0000, 0x0000, 0x0000, 0x0000, 0x0000, 0x0820, 0x1841, 0x0000, 0x0000, 0x0000, 0x0000, 0x0000, 0x0000, 0x0000, 0x0000, 0x0000,
  0x0000, 0x0000, 0x0000, 0x0000, 0x0000, 0x0000, 0x0000, 0x0000, 0x0000, 0x0000, 0x0000, 0x0000, 0x0000, 0x0000, 0x0000, 0x0000,
  0x0000, 0x0000, 0x0000, 0x0000, 0x0000, 0x0000, 0x0000, 0x0000, 0x0000, 0x0000, 0x0000, 0x0000, 0x0000, 0x0000, 0x0000, 0x0000,
  0x0000, 0x0000, 0x8A42, 0xA282, 0x38E0, 0xAAC4, 0xFC68, 0x9A43, 0x0000, 0x0000, 0x0000, 0x0000, 0x1041, 0x2081, 0x1860, 0x0821,
  0x2882, 0x40C2, 0x0000, 0x0000, 0x0000, 0x0000, 0x0000, 0x0000, 0x0000, 0x0000, 0x0000, 0x0000, 0x0000, 0x0000, 0x0000, 0x0000,
  0x0000, 0x0000, 0x0000, 0x0000, 0x0000, 0x0000, 0x0000, 0x0000, 0x0000, 0x0000, 0x0000, 0x0000, 0x0000, 0x0000, 0x0000, 0x0000,
  0x0000, 0x0000, 0x0000, 0x0000, 0x0000, 0x0000, 0x0000, 0x0000, 0x0000, 0x0000, 0x0000, 0x0000, 0x5981, 0x1840, 0x91E3, 0xFCC9,
  0xFCC9, 0xFBC6, 0x2880, 0x0000, 0x0821, 0x1042, 0x2083, 0x38C4, 0x5103, 0x5922, 0x2081, 0x4904, 0x3081, 0x0821, 0x0000, 0x0000,
  0x0000, 0x0000, 0x0000, 0x0000, 0x0000, 0x0000, 0x0000, 0x0000, 0x0000, 0x0000, 0x0000, 0x0000, 0x0000, 0x0000, 0x0000, 0x0000,
  0x0000, 0x0000, 0x0000, 0x0000, 0x0000, 0x0000, 0x0000, 0x0000, 0x0000, 0x0000, 0x0000, 0x0000, 0x0000, 0x0000, 0x0000, 0x0000,
  0x0000, 0x0000, 0x0000, 0x0000, 0x0000, 0x0000, 0x0000, 0x5901, 0xA1E2, 0xBAA4, 0xEB65, 0x91E2, 0x6982, 0x1042, 0x0822, 0x0822,
  0x1842, 0x1862, 0x1862, 0x30A3, 0x38C3, 0x28A3, 0x30A2, 0x2882, 0x1860, 0x0000, 0x0000, 0x0000, 0x0000, 0x0000, 0x0000, 0x0000,
  0x0000, 0x0000, 0x0000, 0x0000, 0x0000, 0x0000, 0x0000, 0x0000, 0x0000, 0x0000, 0x0000, 0x0000, 0x0000, 0x0000, 0x0000, 0x0000,
  0x0000, 0x0000, 0x0000, 0x0000, 0x0000, 0x0000, 0x0000, 0x0000, 0x0000, 0x0000, 0x0000, 0x0000, 0x0000, 0x0000, 0x0000, 0x0000,
  0x40C1, 0x99A1, 0xBA02, 0x89A1, 0x3880, 0x48C1, 0x91C3, 0x1042, 0x1843, 0x30A3, 0x38C3, 0x40E3, 0x40E3, 0x4903, 0x38E3, 0x28A3,
  0x2063, 0x30A2, 0x1841, 0x0000, 0x0000, 0x0000, 0x0000, 0x0000, 0x0000, 0x0000, 0x0000, 0x0000, 0x0000, 0x0000, 0x0000, 0x0000,
  0x0000, 0x0000, 0x0000, 0x0000, 0x0000, 0x0000, 0x0000, 0x0000, 0x0000, 0x0000, 0x0000, 0x0000, 0x0000, 0x0000, 0x0000, 0x0000,
  0x0000, 0x0000, 0x0000, 0x0000, 0x0000, 0x0000, 0x0000, 0x0000, 0x0000, 0x0800, 0x7141, 0x9203, 0x8161, 0x50E1, 0x0821, 0x0821,
  0x1022, 0x1863, 0x2883, 0x30A3, 0x38C3, 0x38C3, 0x5923, 0x6143, 0x48E3, 0x5943, 0x0842, 0x30A3, 0x40C1, 0x0000, 0x0000, 0x0000,
  0x0000, 0x0000, 0x0000, 0x0000, 0x0000, 0x0000, 0x0000, 0x0000, 0x0000, 0x0000, 0x0000, 0x0000, 0x0000, 0x0000, 0x0000, 0x0000,
  0x0000, 0x0000, 0x0000, 0x0000, 0x0000, 0x0000, 0x0000, 0x0000, 0x0000, 0x0000, 0x0000, 0x0000, 0x0000, 0x0000, 0x0000, 0x0000,
  0x0000, 0x0000, 0x0000, 0x3080, 0xEBA6, 0xFCA9, 0xCB66, 0x2060, 0x0000, 0x0821, 0x1043, 0x1843, 0x2883, 0x38A4, 0x38A4, 0x2883,
  0x40E3, 0x1863, 0x1883, 0x2062, 0x3001, 0x2022, 0x4903, 0x2060, 0x0000, 0x0000, 0x0000, 0x0000, 0x0000, 0x0000, 0x0000, 0x0000,
  0x0000, 0x0000, 0x0000, 0x0000, 0x0000, 0x0000, 0x0000, 0x0000, 0x0000, 0x0000, 0x0000, 0x0000, 0x0000, 0x0000, 0x0000, 0x0000,
  0x0000, 0x0000, 0x0000, 0x0000, 0x0000, 0x0000, 0x0000, 0x0000, 0x0000, 0x0000, 0x0000, 0x0000, 0x0000, 0x6141, 0xFC27, 0xF4A9,
  0xF407, 0x2060, 0x0000, 0x1043, 0x1022, 0x1042, 0x2083, 0x2083, 0x0842, 0x0842, 0x2822, 0x3001, 0x3821, 0xB841, 0xF062, 0x4801,
  0x1883, 0x1841, 0x0000, 0x0000, 0x0000, 0x0000, 0x0000, 0x0000, 0x0000, 0x0000, 0x0000, 0x0000, 0x0000, 0x0000, 0x0000, 0x0000,
  0x0000, 0x0000, 0x0000, 0x0000, 0x0000, 0x0000, 0x0000, 0x0000, 0x0000, 0x0000, 0x0000, 0x0000, 0x0000, 0x0000, 0x0000, 0x0000,
  0x0000, 0x0000, 0x0000, 0x0000, 0x0000, 0x0000, 0x0000, 0x3080, 0xEB45, 0xF427, 0xFC07, 0x89E2, 0x0821, 0x1022, 0x0821, 0x0822,
  0x0822, 0x3022, 0x4821, 0x8822, 0xD041, 0xC041, 0xD860, 0xD080, 0xB060, 0x3001, 0x0842, 0x0000, 0x0000, 0x0000, 0x0000, 0x0000,
  0x0000, 0x0000, 0x0000, 0x0000, 0x0000, 0x0000, 0x0000, 0x0000, 0x0000, 0x0000, 0x0000, 0x0000, 0x0000, 0x0000, 0x0000, 0x0000,
  0x0000, 0x0000, 0x0000, 0x0000, 0x0000, 0x0000, 0x0000, 0x0000, 0x0000, 0x0000, 0x0000, 0x0000, 0x0000, 0x0000, 0x0000, 0x0000,
  0x0000, 0x0000, 0x99C2, 0xFB85, 0xF448, 0xFC47, 0x6101, 0x0821, 0x0042, 0x2001, 0x7002, 0x9802, 0xA002, 0x8821, 0x8880, 0x5060,
  0x1820, 0x7101, 0x7961, 0x0821, 0x0000, 0x0000, 0x0000, 0x0000, 0x0000, 0x0000, 0x0000, 0x0000, 0x0000, 0x0000, 0x0000, 0x0000,
  0x0000, 0x0000, 0x0000, 0x0000, 0x0000, 0x0000, 0x0000, 0x0000, 0x0000, 0x0000, 0x0000, 0x0000, 0x0000, 0x0000, 0x0000, 0x0000,
  0x0000, 0x0000, 0x0000, 0x0000, 0x0000, 0x0000, 0x0000, 0x0000, 0x0000, 0x0000, 0x0000, 0x0000, 0x0000, 0xCA83, 0xF365, 0xF3A6,
  0xBAE6, 0x732A, 0x2800, 0x5801, 0x7882, 0xB244, 0x28A1, 0x20A0, 0xBAE4, 0x8C2F, 0x1061, 0xD3A7, 0x4143, 0x0000, 0x0000, 0x0000,
  0x0000, 0x0000, 0x0000, 0x0000, 0x0000, 0x0000, 0x0000, 0x0000, 0x0000, 0x0000, 0x0000, 0x0000, 0x0000, 0x0000, 0x0000, 0x0000,
  0x0000, 0x0000, 0x0000, 0x0000, 0x0000, 0x0000, 0x0000, 0x0000, 0x0000, 0x0000, 0x0000, 0x0000, 0x0000, 0x0000, 0x0000, 0x0000,
  0x0000, 0x0000, 0x0000, 0x0000, 0x0000, 0x0000, 0x0000, 0x58C1, 0xD262, 0xB1E2, 0xD50F, 0xFF17, 0x79E6, 0x7000, 0x4942, 0xD304,
  0xB223, 0xCAC4, 0xFCA8, 0xED6E, 0xC3C8, 0xFD2A, 0x6204, 0x0000, 0x0000, 0x0000, 0x0000, 0x0000, 0x0000, 0x0000, 0x0000, 0x0000,
  0x0000, 0x0000, 0x0000, 0x0000, 0x0000, 0x0000, 0x0000, 0x0000, 0x0000, 0x0000, 0x0000, 0x0000, 0x0000, 0x0000, 0x0000, 0x0000,
  0x0000, 0x0000, 0x0000, 0x0000, 0x0000, 0x0000, 0x0000, 0x0000, 0x0000, 0x0000, 0x0000, 0x0000, 0x0000, 0x0000, 0x0000, 0x0000,
  0x7002, 0x5001, 0x4102, 0xB40B, 0xEE54, 0xFF17, 0xA48E, 0xA000, 0xB021, 0x40A1, 0xBA42, 0xFB85, 0xFCA9, 0xF4A8, 0xFCE9, 0xFC89,
  0x4922, 0x0000, 0x0000, 0x0000, 0x0000, 0x0000, 0x0000, 0x0000, 0x0000, 0x0000, 0x0000, 0x0000, 0x0000, 0x0000, 0x0000, 0x0000,
  0x0000, 0x0000, 0x0000, 0x0000, 0x0000, 0x0000, 0x0000, 0x0000, 0x0000, 0x0000, 0x0000, 0x0000, 0x0000, 0x0000, 0x0000, 0x0000,
  0x0000, 0x0000, 0x0000, 0x0000, 0x0000, 0x0000, 0x0000, 0x0000, 0x0000, 0x4801, 0xA002, 0x5802, 0x30A3, 0xA44E, 0xDD91, 0xEE12,
  0xD5D2, 0x6144, 0xE820, 0xC021, 0x70E0, 0x99E1, 0xCB25, 0xF4A9, 0xEC28, 0x61A3, 0x0000, 0x0000, 0x0000, 0x0000, 0x0000, 0x0000,
  0x0000, 0x0000, 0x0000, 0x0000, 0x0000, 0x0000, 0x0000, 0x0000, 0x0000, 0x0000, 0x0000, 0x0000, 0x0000, 0x0000, 0x0000, 0x0000,
  0x0000, 0x0000, 0x0000, 0x0000, 0x0000, 0x0000, 0x0000, 0x0000, 0x0000, 0x0000, 0x0000, 0x0000, 0x0000, 0x0000, 0x0000, 0x0000,
  0x5801, 0x5001, 0x7802, 0xB802, 0x7002, 0x5002, 0x5801, 0x38A3, 0x93AC, 0xC4EF, 0xDD91, 0x9C0C, 0x8800, 0xF880, 0xD040, 0x6020,
  0x5020, 0x60A1, 0x1860, 0x0000, 0x0000, 0x0000, 0x0000, 0x0000, 0x0000, 0x0000, 0x0000, 0x0000, 0x0000, 0x0000, 0x0000, 0x0000,
  0x0000, 0x0000, 0x0000, 0x0000, 0x0000, 0x0000, 0x0000, 0x0000, 0x0000, 0x0000, 0x0000, 0x0000, 0x0000, 0x0000, 0x0000, 0x0000,
  0x0000, 0x0000, 0x0000, 0x0000, 0x0000, 0x0000, 0x0000, 0x7801, 0xB002, 0xC002, 0xC822, 0xD822, 0xB802, 0x6802, 0x5802, 0x6802,
  0x6822, 0x4801, 0x28C3, 0xA3ED, 0xD571, 0xEE74, 0x7288, 0xB800, 0xF061, 0xD821, 0xB801, 0x6104, 0x83AB, 0x0000, 0x0000, 0x0000,
  0x0000, 0x0000, 0x0000, 0x0000, 0x0000, 0x0000, 0x0000, 0x0000, 0x0000, 0x0000, 0x0000, 0x0000, 0x0000, 0x0000, 0x0000, 0x0000,
  0x0000, 0x0000, 0x0000, 0x0000, 0x0000, 0x0000, 0x0000, 0x0000, 0x0000, 0x0000, 0x0000, 0x0000, 0x0000, 0x0000, 0x0000, 0x0000,
  0xA022, 0xD022, 0xD022, 0xD841, 0xE021, 0x9801, 0x5802, 0x6802, 0x7802, 0x7002, 0x6822, 0x4801, 0x4965, 0xC4F0, 0xE612, 0xFF38,
  0xD614, 0x5943, 0x9000, 0xA801, 0x5000, 0x8BAB, 0xFF58, 0x61E5, 0x0000, 0x0000, 0x0000, 0x0000, 0x0000, 0x3901, 0x0000, 0x0000,
  0x0000, 0x0000, 0x0000, 0x0000, 0x0000, 0x0000, 0x0000, 0x0000, 0x0000, 0x0000, 0x0000, 0x0000, 0x0000, 0x0000, 0x0000, 0x0000,
  0x0000, 0x0000, 0x0000, 0x0000, 0x0000, 0x0000, 0x0000, 0x0000, 0x0000, 0x7001, 0xB822, 0xD021, 0xE060, 0xE041, 0x7802, 0x5802,
  0x7802, 0x8802, 0x8002, 0x7802, 0x6002, 0x5802, 0x4985, 0xB46E, 0xCD0F, 0xBC8D, 0xB2E6, 0xB1E1, 0x6182, 0x834A, 0x41A5, 0xBCAF,
  0xC348, 0xEB85, 0x8203, 0x2040, 0x1840, 0x4901, 0xDB45, 0xFC48, 0x9264, 0x0000, 0x0000, 0x0000, 0x0000, 0x0000, 0x0000, 0x0000,
  0x0000, 0x0000, 0x0000, 0x0000, 0x0000, 0x0000, 0x0000, 0x0000, 0x0000, 0x0000, 0x0000, 0x0000, 0x0000, 0x0000, 0x0000, 0x0000,
  0x0000, 0x4801, 0xC021, 0xE861, 0xE041, 0xE860, 0xE861, 0x7802, 0x6002, 0x8822, 0x9022, 0x8802, 0x8002, 0x7002, 0x5002, 0x4001,
  0x1820, 0x30C2, 0x5942, 0x7941, 0x99A1, 0x9A85, 0xDD91, 0x93CC, 0x20C3, 0x8246, 0xDA62, 0xFC07, 0xBA84, 0x99A1, 0x8161, 0xBA63,
  0xCAE4, 0xD305, 0xEBC7, 0x0000, 0x0000, 0x0000, 0x0000, 0x0000, 0x0000, 0x0000, 0x0000, 0x0000, 0x0000, 0x0000, 0x0000, 0x0000,
  0x0000, 0x0000, 0x0000, 0x0000, 0x0000, 0x0000, 0x0000, 0x0000, 0x0000, 0x0000, 0x0000, 0xB822, 0xF060, 0xD841, 0xD841, 0xF080,
  0x9822, 0x6002, 0x8802, 0x9802, 0x9802, 0x8802, 0x7802, 0x4001, 0x0000, 0x0000, 0x48C1, 0x7941, 0x7161, 0x6141, 0x59E5, 0x93AB,
  0x72A7, 0x0821, 0x0000, 0x0000, 0x7982, 0xD283, 0x8981, 0x8161, 0x6921, 0x91A2, 0x9161, 0xCA63, 0x9A23, 0x0000, 0x0000, 0x0000,
  0x0000, 0x0000, 0x0000, 0x0000, 0x0000, 0x0000, 0x0000, 0x0000, 0x0000, 0x0000, 0x0000, 0x0000, 0x0000, 0x0000, 0x0000, 0x0000,
  0x0000, 0x0000, 0x0000, 0x0000, 0x0000, 0x9021, 0xE821, 0xD002, 0xE860, 0xD041, 0x6802, 0x8802, 0x9802, 0xA002, 0x9802, 0x8002,
  0x3801, 0x0000, 0x0000, 0x28E3, 0x59E6, 0x5942, 0x8181, 0x9180, 0x71C3, 0x69A3, 0x40C0, 0x3103, 0x0000, 0x0000, 0x0000, 0x0000,
  0x2881, 0x3081, 0x2860, 0x0000, 0x0000, 0x2860, 0x0000, 0x0000, 0x0000, 0x0000, 0x0000, 0x0000, 0x0000, 0x0000, 0x0000, 0x0000,
  0x0000, 0x0000, 0x0000, 0x0000, 0x0000, 0x0000, 0x0000, 0x0000, 0x0000, 0x0000, 0x0000, 0x0000, 0x0000, 0x0000, 0x0000, 0x0000,
  0x8002, 0xB801, 0xF040, 0xA022, 0x3801, 0x0000, 0x5801, 0x8002, 0x6802, 0x0000, 0x0000, 0x0000, 0x20C3, 0xB44E, 0xD571, 0xBD10,
  0xA44D, 0x8BAB, 0x93CB, 0xA44D, 0xC571, 0xEE33, 0xDDF3, 0xA46E, 0x5226, 0x0000, 0x0000, 0x0000, 0x0000, 0x0000, 0x0000, 0x0000,
  0x0000, 0x0000, 0x0000, 0x0000, 0x0000, 0x0000, 0x0000, 0x0000, 0x0000, 0x0000, 0x0000, 0x0000, 0x0000, 0x0000, 0x0000, 0x0000,
  0x0000, 0x0000, 0x0000, 0x0000, 0x0000, 0x0000, 0x0000, 0x0000, 0x0000, 0x0000, 0x0000, 0x6001, 0xD822, 0x7001, 0x0000, 0x0000,
  0x0000, 0x0000, 0x0000, 0x0000, 0x0000, 0x41A5, 0xBCAE, 0xE5F2, 0xEE54, 0xFEB6, 0xFEF7, 0xFF17, 0xFF37, 0xFF37, 0xF695, 0xEE74,
  0xF6D6, 0xFF17, 0xFEF7, 0xBD0F, 0x0000, 0x0000, 0x0000, 0x0000, 0x0000, 0x0000, 0x0000, 0x0000, 0x0000, 0x0000, 0x0000, 0x0000,
  0x0000, 0x0000, 0x0000, 0x0000, 0x0000, 0x0000, 0x0000, 0x0000, 0x0000, 0x0000, 0x0000, 0x0000, 0x0000, 0x0000, 0x0000, 0x0000,
  0x0000, 0x0000, 0x0000, 0x0000, 0x0000, 0x0000, 0x5001, 0x4801, 0x0000, 0x0000, 0x0000, 0x0000, 0x0000, 0x3965, 0x72E9, 0xDDB1,
  0xEE53, 0xF695, 0xF6B6, 0xF6B6, 0xF695, 0xF694, 0xD591, 0xAC4D, 0xBCAE, 0xDDD1, 0xF674, 0xF696, 0xEEB6, 0xF758, 0xBD30, 0x0000,
  0x0000, 0x0000, 0x0000, 0x0000, 0x0000, 0x0000, 0x0000, 0x0000, 0x0000, 0x0000, 0x0000, 0x0000, 0x0000, 0x0000, 0x0000, 0x0000,
  0x0000, 0x0000, 0x0000, 0x0000, 0x0000, 0x0000, 0x0000, 0x0000, 0x0000, 0x0000, 0x0000, 0x0000, 0x0000, 0x0000, 0x0000, 0x0000,
  0x0000, 0x0000, 0x0000, 0x0000, 0x0000, 0x0000, 0x936B, 0xD551, 0xDDB1, 0xEE74, 0xF6B6, 0xF6B6, 0xEE75, 0xEE53, 0xD571, 0x72E9,
  0x3965, 0x830B, 0xC4AF, 0xD570, 0xD591, 0xE5F2, 0xF695, 0xF6B6, 0xEE53, 0x3984, 0x0000, 0x0000, 0x0000, 0x0000, 0x0000, 0x0000,
  0x0000, 0x0000, 0x0000, 0x0000, 0x0000, 0x0000, 0x0000, 0x0000, 0x0000, 0x0000, 0x0000, 0x0000, 0x0000, 0x0000, 0x0000, 0x0000,
  0x0000, 0x0000, 0x0000, 0x0000, 0x0000, 0x0000, 0x0000, 0x0000, 0x0000, 0x0000, 0x0000, 0x0000, 0x0000, 0x0000, 0x0000, 0x28E3,
  0xCD10, 0xE5D1, 0xEE53, 0xF6B6, 0xF6B6, 0xEE95, 0xF654, 0xB46E, 0x3144, 0x0000, 0x0000, 0x0000, 0x41A5, 0x832B, 0xC4CF, 0xDDD1,
  0xEE53, 0xF673, 0xDD91, 0x3123, 0x0000, 0x0000, 0x0000, 0x0000, 0x0000, 0x0000, 0x0000, 0x0000, 0x0000, 0x0000, 0x0000, 0x0000,
  0x0000, 0x0000, 0x0000, 0x0000, 0x0000, 0x0000, 0x0000, 0x0000, 0x0000, 0x0000, 0x0000, 0x0000, 0x0000, 0x0000, 0x0000, 0x0000,
  0x0000, 0x0000, 0x0000, 0x0000, 0x0000, 0x0000, 0x0000, 0x0000, 0x50E1, 0x30C1, 0xA42D, 0xE5D1, 0xE5F2, 0xE633, 0xEE33, 0xE5D2,
  0x8B6B, 0x0000, 0x0000, 0x0000, 0x0000, 0x0000, 0x0000, 0x1061, 0xAC2E, 0xD550, 0xCD2F, 0xA42D, 0x41A5, 0x0000, 0x0000, 0x0000,
  0x0000, 0x0000, 0x0000, 0x0000, 0x0000, 0x0000, 0x0000, 0x0000, 0x0000, 0x0000, 0x0000, 0x0000, 0x0000, 0x0000, 0x0000, 0x0000,
  0x0000, 0x0000, 0x0000, 0x0000, 0x0000, 0x0000, 0x0000, 0x0000, 0x0000, 0x0000, 0x0000, 0x0000, 0x0000, 0x0000, 0x0000, 0x0000,
  0x0000, 0x40C1, 0x8982, 0x6901, 0x4164, 0xB46E, 0xCD30, 0xCD30, 0xB46E, 0x5A27, 0x0000, 0x0000, 0x0000, 0x0000, 0x0000, 0x0000,
  0x0000, 0x0000, 0x18A2, 0x49A5, 0x4143, 0x40C1, 0x6920, 0x1840, 0x0000, 0x0000, 0x0000, 0x0000, 0x0000, 0x0000, 0x0000, 0x0000,
  0x0000, 0x0000, 0x0000, 0x0000, 0x0000, 0x0000, 0x0000, 0x0000, 0x0000, 0x0000, 0x0000, 0x0000, 0x0000, 0x0000, 0x0000, 0x0000,
  0x0000, 0x0000, 0x0000, 0x0000, 0x0000, 0x0000, 0x0000, 0x0000, 0x0000, 0x1020, 0x5901, 0x7962, 0x8161, 0x89A2, 0x40A0, 0x1082,
  0x49C6, 0x41A6, 0x0000, 0x0000, 0x0000, 0x0000, 0x0000, 0x0000, 0x0000, 0x0000, 0x0000, 0x0000, 0x0000, 0x3060, 0x7121, 0xA1E2,
  0x99C2, 0x1840, 0x0000, 0x0000, 0x0000, 0x0000, 0x0000, 0x0000, 0x0000, 0x0000, 0x0000, 0x0000, 0x0000, 0x0000, 0x0000, 0x0000,
  0x0000, 0x0000, 0x0000, 0x0000, 0x0000, 0x0000, 0x0000, 0x0000, 0x0000, 0x0000, 0x0000, 0x0000, 0x0000, 0x0000, 0x0000, 0x0000,
  0x0000, 0x0000, 0x1040, 0x7141, 0x9181, 0x8161, 0x6921, 0x3081, 0x0000, 0x0000, 0x0000, 0x0000, 0x0000, 0x0000, 0x0000, 0x0000,
  0x0000, 0x0000, 0x0000, 0x0000, 0x0000, 0x0000, 0x0000, 0x2060, 0x6942, 0x8181, 0x89A1, 0x1840, 0x0000, 0x0000, 0x0000, 0x0000,
  0x0000, 0x0000, 0x0000, 0x0000, 0x0000, 0x0000, 0x0000, 0x0000, 0x0000, 0x0000, 0x0000, 0x0000, 0x0000, 0x0000, 0x0000, 0x0000,
  0x0000, 0x0000, 0x0000, 0x0000, 0x0000, 0x0000, 0x0000, 0x0000, 0x0000, 0x0000, 0x0000, 0x0000, 0x6941, 0x9181, 0x99A2, 0x8162,
  0x2040, 0x0000, 0x0000, 0x0000, 0x0000, 0x0000, 0x0000, 0x0000, 0x0000, 0x0000, 0x0000, 0x0000, 0x0000, 0x0000, 0x0000, 0x0000,
  0x0000, 0x0000, 0x50E1, 0x8982, 0x91A1, 0x7161, 0x2860, 0x0000, 0x0000, 0x0000, 0x0000, 0x0000, 0x0000, 0x0000, 0x0000, 0x0000,
  0x0000, 0x0000, 0x0000, 0x0000, 0x0000, 0x0000, 0x0000, 0x0000, 0x0000, 0x0000, 0x0000, 0x0000, 0x0000, 0x0000, 0x0000, 0x0000,
  0x0000, 0x0000, 0x0000, 0x0000, 0x0000, 0x5901, 0xB202, 0xBA02, 0xB202, 0x6121, 0x0000, 0x0000, 0x0000, 0x0000, 0x0000, 0x0000,
  0x0000, 0x0000, 0x0000, 0x0000, 0x0000, 0x0000, 0x0000, 0x0000, 0x0000, 0x0000, 0x0000, 0x1840, 0x6121, 0x8982, 0xA1E2, 0xC242,
  0xC262, 0xA202, 0x2880, 0x0000, 0x0000, 0x0000, 0x0000, 0x0000, 0x0000, 0x0000, 0x0000, 0x0000, 0x0000, 0x0000, 0x0000, 0x0000,
  0x0000, 0x0000, 0x0000, 0x0000, 0x0000, 0x0000, 0x0000, 0x0000, 0x0000, 0x0000, 0x0000, 0x0000, 0x0000, 0x0000, 0x0820, 0x7142,
  0x99C2, 0x99C1, 0x91A1, 0x3080, 0x0000, 0x0000, 0x0000, 0x0000, 0x0000, 0x0000, 0x0000, 0x0000, 0x0000, 0x0000, 0x0000, 0x0000,
  0x0000, 0x0000, 0x0000, 0x0000, 0x0000, 0x2861, 0x6922, 0x6121, 0x7141, 0x99C2, 0xAA02, 0xBA42, 0x50E1, 0x0000, 0x0000, 0x0000,
  0x0000, 0x0000, 0x0000, 0x0000, 0x0000, 0x0000, 0x0000, 0x0000, 0x0000, 0x0000, 0x0000, 0x0000, 0x0000, 0x0000, 0x0000, 0x0000,
  0x0000, 0x0000, 0x0000, 0x0000, 0x0000, 0x0000, 0x0000, 0x0000, 0x0000, 0x0000, 0x0000, 0x0000, 0x0000, 0x0000, 0x0000, 0x0000,
  0x0000, 0x0000, 0x0000, 0x0000, 0x0000, 0x0000, 0x0000, 0x0000, 0x0000, 0x0000, 0x0000, 0x0000, 0x0000, 0x0000, 0x0000, 0x0000,
  0x0000, 0x0000, 0x0000, 0x0000, 0x0000, 0x0000, 0x0000, 0x0000, 0x0000, 0x0000, 0x0000, 0x0000, 0x0000, 0x0000, 0x0000, 0x0000,
  0x0000, 0x0000, 0x0000, 0x0000, 0x0000, 0x0000, 0x0000, 0x0000, 0x0000, 0x0000, 0x0000, 0x0000, 0x0000, 0x0000, 0x0000, 0x0000,
  0x0000, 0x0000, 0x0000, 0x0000, 0x0000, 0x0000, 0x0000, 0x0000, 0x0000, 0x0000, 0x0000, 0x0000, 0x0000, 0x0000, 0x0000, 0x0000,
  0x0000, 0x0000, 0x0000, 0x0000, 0x0000, 0x0000, 0x0000, 0x0000, 0x0000, 0x0000, 0x0000, 0x0000, 0x0000, 0x0000, 0x0000, 0x0000,
  0x0000, 0x0000, 0x0000, 0x0000, 0x0000, 0x0000, 0x0000, 0x0000, 0x0000, 0x0000, 0x0000, 0x0000, 0x0000, 0x0000, 0x0000, 0x0000,
  0x0000, 0x0000, 0x0000, 0x0000, 0x0000, 0x0000, 0x0000, 0x0000, 0x0000, 0x0000, 0x0000, 0x0000, 0x0000, 0x0000, 0x0000, 0x0000,
  0x0000, 0x0000, 0x0000, 0x0000, 0x0000, 0x0000, 0x0000, 0x0000, 0x0000, 0x0000, 0x0000, 0x0000, 0x0000, 0x0000, 0x0000, 0x0000,
  0x0000, 0x0000, 0x0000, 0x0000, 0x0000, 0x0000, 0x0000, 0x0000, 0x0000, 0x0000, 0x0000, 0x0000, 0x0000, 0x0000, 0x0000, 0x0000,
  0x0000, 0x0000, 0x0000, 0x0000, 0x0000, 0x0000, 0x0000, 0x0000, 0x0000, 0x0000, 0x0000, 0x0000,
};

// Veera Attack Frame (58x46 = 2668 pixels)
static const uint16_t PROGMEM veera_attack3_pixels[2668] = {
  0x0000, 0x0000, 0x0000, 0x0000, 0x0000, 0x0000, 0x0000, 0x0000, 0x0000, 0x0000, 0x0000, 0x0000, 0x0000, 0x0000, 0x0000, 0x0000,
  0x0000, 0x0000, 0x0000, 0x0000, 0x0000, 0x0000, 0x0000, 0x0000, 0x0000, 0x0000, 0x0000, 0x0000, 0x0000, 0x0000, 0x0000, 0x0000,
  0x0000, 0x0000, 0x0000, 0x0000, 0x0000, 0x0000, 0x0000, 0x0000, 0x0000, 0x0000, 0x0000, 0x0000, 0x0000, 0x0000, 0x0000, 0x0000,
  0x0000, 0x0000, 0x0000, 0x0000, 0x0000, 0x0000, 0x0000, 0x0000, 0x0000, 0x0000, 0x0000, 0x0000, 0x0000, 0x0000, 0x0000, 0x0000,
  0x0000, 0x0000, 0x0000, 0x0000, 0x0000, 0x0000, 0x0000, 0x0000, 0x0000, 0x0000, 0x0000, 0x0000, 0x0000, 0x0000, 0x0000, 0x0000,
  0x0000, 0x0000, 0x0000, 0x0000, 0x0000, 0x0000, 0x0000, 0x0000, 0x0000, 0x0000, 0x0000, 0x0000, 0x0000, 0x0000, 0x0000, 0x0000,
  0x0000, 0x0000, 0x0000, 0x0000, 0x0000, 0x0000, 0x0000, 0x0000, 0x0000, 0x0000, 0x0000, 0x0000, 0x0000, 0x0000, 0x0000, 0x0000,
  0x0000, 0x0000, 0x0000, 0x0000, 0x0000, 0x0000, 0x0000, 0x0000, 0x0000, 0x0000, 0x0000, 0x0000, 0x0000, 0x0000, 0x0000, 0x0000,
  0x0000, 0x0000, 0x0000, 0x0000, 0x0000, 0x0000, 0x0000, 0x0000, 0x0000, 0x0000, 0x0000, 0x0000, 0x0000, 0x0000, 0x0000, 0x0000,
  0x0000, 0x0000, 0x0000, 0x0000, 0x0000, 0x0000, 0x0000, 0x0000, 0x0000, 0x0000, 0x0000, 0x0000, 0x0000, 0x0000, 0x0000, 0x0000,
  0x0000, 0x0000, 0x0000, 0x0000, 0x0000, 0x0000, 0x0000, 0x0000, 0x0000, 0x0000, 0x0000, 0x0000, 0x0000, 0x0000, 0x0000, 0x0000,
  0x0000, 0x0000, 0x0000, 0x0000, 0x0000, 0x0000, 0x0000, 0x0000, 0x0000, 0x0000, 0x0000, 0x0000, 0x0000, 0x0000, 0x0000, 0x0000,
  0x0000, 0x0000, 0x0000, 0x0000, 0x0000, 0x0000, 0x0000, 0x0000, 0x0000, 0x0000, 0x0000, 0x0000, 0x0000, 0x0000, 0x0000, 0x0000,
  0x0000, 0x0000, 0x0000, 0x0000, 0x0000, 0x0000, 0x0000, 0x0000, 0x0000, 0x0000, 0x0000, 0x0000, 0x0000, 0x0000, 0x0000, 0x0000,
  0x0000, 0x0000, 0x0000, 0x0000, 0x0000, 0x0000, 0x0000, 0x0000, 0x0000, 0x0000, 0x0000, 0x0000, 0x0000, 0x0000, 0x0000, 0x0000,
  0x0000, 0x0000, 0x0000, 0x0000, 0x0000, 0x0000, 0x0000, 0x0000, 0x0000, 0x0000, 0x0000, 0x0000, 0x0000, 0x0000, 0x0000, 0x0000,
  0x0000, 0x0000, 0x0000, 0x0000, 0x0000, 0x0000, 0x0000, 0x0000, 0x0000, 0x0000, 0x0000, 0x0000, 0x0000, 0x0000, 0x0000, 0x0000,
  0x0000, 0x0000, 0x0000, 0x0000, 0x0000, 0x0000, 0x0000, 0x0000, 0x0000, 0x0000, 0x0000, 0x0000, 0x0000, 0x0000, 0x0000, 0x0000,
  0x0000, 0x0000, 0x0000, 0x0000, 0x0000, 0x0000, 0x0000, 0x0000, 0x0000, 0x0000, 0x0000, 0x0000, 0x0000, 0x0000, 0x0000, 0x0000,
  0x0000, 0x0000, 0x0000, 0x0000, 0x0000, 0x0000, 0x0000, 0x0000, 0x0000, 0x0000, 0x0000, 0x0000, 0x0000, 0x0000, 0x0000, 0x0000,
  0x0000, 0x0000, 0x0000, 0x0000, 0x0000, 0x0000, 0x0000, 0x0000, 0x0000, 0x0000, 0x0000, 0x0000, 0x0000, 0x0000, 0x0000, 0x0000,
  0x0000, 0x0000, 0x0000, 0x0000, 0x0000, 0x0000, 0x0000, 0x0000, 0x0000, 0x0000, 0x0000, 0x0000, 0x0000, 0x0000, 0x0000, 0x0000,
  0x0000, 0x0000, 0x0000, 0x0000, 0x0000, 0x0000, 0x0000, 0x0000, 0x0000, 0x0000, 0x0000, 0x0000, 0x0000, 0x0000, 0x0000, 0x0000,
  0x0000, 0x0000, 0x0000, 0x0000, 0x0000, 0x0000, 0x0000, 0x0000, 0x0000, 0x0000, 0x0000, 0x0000, 0x0000, 0x0000, 0x0000, 0x0000,
  0x0000, 0x0000, 0x0000, 0x0000, 0x0000, 0x0000, 0x0000, 0x0000, 0x0000, 0x0000, 0x0000, 0x0000, 0x0000, 0x0000, 0x0000, 0x0000,
  0x0000, 0x0000, 0x0000, 0x0000, 0x0000, 0x0000, 0x0000, 0x0000, 0x0000, 0x0000, 0x0000, 0x0000, 0x0000, 0x0000, 0x0000, 0x0000,
  0x0000, 0x0000, 0x0000, 0x0000, 0x0000, 0x0000, 0x0000, 0x0000, 0x0000, 0x0000, 0x0000, 0x0000, 0x0000, 0x0000, 0x0000, 0x0000,
  0x0000, 0x0000, 0x0000, 0x0000, 0x0000, 0x0000, 0x0000, 0x0000, 0x0000, 0x0000, 0x0000, 0x0000, 0x0000, 0x0000, 0x0000, 0x0000,
  0x0000, 0x0000, 0x0000, 0x0000, 0x0000, 0x0000, 0x0000, 0x0000, 0x0000, 0x0000, 0x0000, 0x0000, 0x0000, 0x0000, 0x0000, 0x0000,
  0x0000, 0x0000, 0x0000, 0x0000, 0x0000, 0x0000, 0x0000, 0x0000, 0x0000, 0x0000, 0x0000, 0x0000, 0x0000, 0x0000, 0x0000, 0x0000,
  0x0000, 0x0000, 0x0000, 0x0000, 0x0000, 0x0000, 0x0000, 0x0000, 0x0000, 0x0000, 0x0000, 0x0000, 0x0000, 0x0000, 0x0000, 0x0000,
  0x0000, 0x0000, 0x0000, 0x0000, 0x0000, 0x0000, 0x0000, 0x0000, 0x0000, 0x0000, 0x0000, 0x0000, 0x0000, 0x0000, 0x0000, 0x0000,
  0x0000, 0x0000, 0x0000, 0x0000, 0x0000, 0x0000, 0x0000, 0x0000, 0x0000, 0x0000, 0x0000, 0x0000, 0x0000, 0x0000, 0x0000, 0x0000,
  0x0000, 0x0000, 0x0000, 0x0000, 0x0000, 0x0000, 0x0000, 0x0000, 0x0000, 0x0000, 0x0000, 0x0000, 0x0000, 0x0000, 0x0000, 0x0000,
  0x0000, 0x0000, 0x0000, 0x0000, 0x0000, 0x0000, 0x0000, 0x0000, 0x0000, 0x0000, 0x0000, 0x0000, 0x0000, 0x0000, 0x0000, 0x0000,
  0x0000, 0x0000, 0x0000, 0x0000, 0x0000, 0x0000, 0x0000, 0x0000, 0x0000, 0x0000, 0x0000, 0x0000, 0x0000, 0x0000, 0x0000, 0x0000,
  0x0000, 0x0000, 0x0000, 0x0000, 0x0000, 0x0000, 0x0000, 0x0000, 0x0000, 0x0000, 0x0000, 0x0000, 0x0000, 0x0000, 0x0000, 0x0000,
  0x0000, 0x0000, 0x0000, 0x0000, 0x0000, 0x0000, 0x0000, 0x0000, 0x0000, 0x0000, 0x0000, 0x0000, 0x0000, 0x0000, 0x0000, 0x0000,
  0x0000, 0x0000, 0x0000, 0x0000, 0x0000, 0x0000, 0x0000, 0x0000, 0x0000, 0x0000, 0x0000, 0x0000, 0x0000, 0x0000, 0x0000, 0x0000,
  0x0000, 0x0000, 0x0000, 0x0000, 0x0000, 0x0000, 0x0000, 0x0000, 0x0000, 0x0000, 0x0000, 0x0000, 0x0000, 0x0000, 0x0000, 0x0000,
  0x0000, 0x0000, 0x0000, 0x0000, 0x0000, 0x0000, 0x0000, 0x0000, 0x0000, 0x0000, 0x0000, 0x0000, 0x0000, 0x0000, 0x0000, 0x0000,
  0x0000, 0x0000, 0x0000, 0x0000, 0x0000, 0x0000, 0x0000, 0x0000, 0x0000, 0x0000, 0x0000, 0x0000, 0x0000, 0x0000, 0x0000, 0x0000,
  0x0000, 0x0000, 0x0000, 0x0000, 0x0000, 0x0000, 0x0000, 0x0000, 0x0000, 0x0000, 0x0000, 0x0000, 0x0000, 0x0000, 0x0000, 0x0000,
  0x0000, 0x0000, 0x0000, 0x0000, 0x0000, 0x0000, 0x0000, 0x0000, 0x0000, 0x0000, 0x0000, 0x0000, 0x0000, 0x0000, 0x0000, 0x0000,
  0x0000, 0x0000, 0x0000, 0x0000, 0x0000, 0x0000, 0x0000, 0x0000, 0x0000, 0x0000, 0x0000, 0x0000, 0x0000, 0x0000, 0x0000, 0x0000,
  0x0000, 0x0000, 0x0000, 0x0000, 0x0000, 0x0000, 0x0000, 0x2062, 0x2881, 0x0000, 0x0000, 0x0000, 0x0000, 0x0000, 0x0000, 0x0000,
  0x0000, 0x0000, 0x0000, 0x0000, 0x0000, 0x0000, 0x0000, 0x0000, 0x0000, 0x0000, 0x0000, 0x0000, 0x0000, 0x0000, 0x0000, 0x0000,
  0x0000, 0x0000, 0x0000, 0x0000, 0x0000, 0x0000, 0x0000, 0x0000, 0x0000, 0x0000, 0x0000, 0x0000, 0x0000, 0x0000, 0x0000, 0x0000,
  0x0000, 0x0000, 0x0000, 0x0000, 0x0000, 0x0000, 0x0000, 0x0000, 0x0000, 0x0000, 0x0821, 0x0801, 0x1042, 0x2883, 0x40E3, 0x5102,
  0x38A1, 0x0821, 0x5103, 0x2880, 0x0000, 0x0000, 0x0000, 0x0000, 0x0000, 0x0000, 0x0000, 0x0000, 0x0000, 0x0000, 0x0000, 0x0000,
  0x0000, 0x0000, 0x0000, 0x0000, 0x0000, 0x0000, 0x0000, 0x0000, 0x0000, 0x0000, 0x0000, 0x0000, 0x0000, 0x0000, 0x0000, 0x0000,
  0x0000, 0x0000, 0x0000, 0x0000, 0x0000, 0x0000, 0x0000, 0x0000, 0x0000, 0x0000, 0x0000, 0x0000, 0x0000, 0x0000, 0x0000, 0x0000,
  0x0000, 0x0000, 0x0000, 0x0821, 0x0822, 0x0821, 0x0821, 0x1042, 0x1863, 0x30A3, 0x5923, 0x48E2, 0x30A3, 0x4902, 0x0820, 0x0000,
  0x0000, 0x0000, 0x0000, 0x0000, 0x0000, 0x0000, 0x0000, 0x0000, 0x0000, 0x0000, 0x0000, 0x0000, 0x0000, 0x0000, 0x0000, 0x0000,
  0x0000, 0x0000, 0x0000, 0x0000, 0x0000, 0x0000, 0x0000, 0x0000, 0x0000, 0x0000, 0x0000, 0x0000, 0x0000, 0x0000, 0x0000, 0x0000,
  0x0000, 0x0000, 0x0000, 0x0000, 0x0000, 0x0000, 0x0000, 0x0000, 0x0000, 0x0000, 0x0000, 0x0821, 0x0822, 0x1043, 0x0822, 0x1843,
  0x2883, 0x30A3, 0x38A3, 0x2882, 0x2883, 0x30A3, 0x2083, 0x28A2, 0x28A2, 0x1841, 0x0000, 0x0000, 0x0000, 0x0000, 0x0000, 0x0000,
  0x0000, 0x0000, 0x0000, 0x0000, 0x0000, 0x0000, 0x0000, 0x0000, 0x0000, 0x0000, 0x0000, 0x0000, 0x0000, 0x0000, 0x0000, 0x0000,
  0x0000, 0x0000, 0x0000, 0x0000, 0x0000, 0x0000, 0x0000, 0x0000, 0x0000, 0x0000, 0x0000, 0x0000, 0x0000, 0x0000, 0x0000, 0x0000,
  0x0000, 0x0000, 0x0000, 0x0000, 0x0000, 0x0801, 0x1043, 0x1043, 0x2063, 0x30A3, 0x38A3, 0x40C3, 0x40E3, 0x5923, 0x6963, 0x40E3,
  0x38C3, 0x2063, 0x30A2, 0x1840, 0x0000, 0x0000, 0x0000, 0x0000, 0x0000, 0x0000, 0x0000, 0x0000, 0x0000, 0x0000, 0x0000, 0x0000,
  0x0000, 0x0000, 0x0000, 0x0000, 0x0000, 0x0000, 0x0000, 0x0000, 0x0000, 0x0000, 0x0000, 0x0000, 0x0000, 0x0000, 0x0000, 0x0000,
  0x0000, 0x0000, 0x0000, 0x0000, 0x0000, 0x0000, 0x0000, 0x0000, 0x0000, 0x0000, 0x0000, 0x0000, 0x0000, 0x0000, 0x0821, 0x1042,
  0x1063, 0x1843, 0x2083, 0x2883, 0x38A3, 0x38C3, 0x40E3, 0x6123, 0x38C3, 0x5103, 0x5123, 0x0021, 0x28A3, 0x40C1, 0x0000, 0x0000,
  0x0000, 0x0000, 0x0000, 0x0000, 0x0000, 0x0000, 0x0000, 0x0000, 0xBB25, 0xD3C6, 0x0000, 0x0000, 0xC409, 0xF4E9, 0xCC26, 0x0000,
  0x0000, 0x0000, 0x0000, 0x0000, 0x0000, 0x0000, 0x0000, 0x0000, 0x0000, 0x0000, 0x0000, 0x0000, 0x0000, 0x0000, 0x0000, 0x0000,
  0x0000, 0x0000, 0x0000, 0x0000, 0x0000, 0x0000, 0x0000, 0x0000, 0x0821, 0x1063, 0x1042, 0x1042, 0x2063, 0x30A3, 0x2883, 0x2083,
  0x28A3, 0x1863, 0x0822, 0x1883, 0x2021, 0x4001, 0x1822, 0x4903, 0x2060, 0x0000, 0x0000, 0x0000, 0x0000, 0x0000, 0x0000, 0x0000,
  0x0000, 0x0000, 0x0000, 0x0000, 0xEC47, 0xFCE8, 0xE54D, 0xEEB5, 0xFF34, 0xFE8E, 0xCC07, 0x0000, 0x0000, 0x0000, 0x0000, 0x0000,
  0x0000, 0x0000, 0x0000, 0x0000, 0x0000, 0x0000, 0x5801, 0x6001, 0x0000, 0x0000, 0x0000, 0x0000, 0x0000, 0x0000, 0x0000, 0x0000,
  0x0000, 0x1001, 0x1022, 0x0821, 0x0822, 0x1042, 0x0842, 0x1063, 0x0821, 0x0822, 0x4022, 0x6801, 0x4021, 0x9021, 0xE860, 0xE822,
  0x3001, 0x2083, 0x1841, 0x0000, 0x0000, 0x0000, 0x0000, 0x0000, 0x0000, 0x0000, 0x0000, 0x0000, 0x0000, 0x0000, 0x0000, 0xC386,
  0xFD08, 0xF58B, 0xF758, 0xF79A, 0xFF33, 0xF56A, 0x0000, 0x0000, 0x0000, 0x0000, 0x0000, 0x0000, 0x0000, 0x7001, 0xB821, 0xD840,
  0xF060, 0xF080, 0xE061, 0xC041, 0x7001, 0x0000, 0x0000, 0x0000, 0x0000, 0x9802, 0xC002, 0x8001, 0x1000, 0x0021, 0x0822, 0x0801,
  0x3801, 0x7002, 0x9801, 0xB021, 0xD861, 0xC860, 0xC040, 0xC880, 0xA0A0, 0x7840, 0x1001, 0x1042, 0x0000, 0x0000, 0x0000, 0x0000,
  0x0000, 0x0000, 0x0000, 0x0000, 0x0000, 0x0000, 0x0000, 0x0000, 0x0000, 0x0000, 0xD3C7, 0xFD49, 0xF58B, 0xFF58, 0xF77B, 0xFF36,
  0x0000, 0x0000, 0x0000, 0x0000, 0x0000, 0x4001, 0xB821, 0xF060, 0xF080, 0xE880, 0xE860, 0xE060, 0xE861, 0xE861, 0xE041, 0xA822,
  0x5001, 0x0000, 0x0000, 0x5001, 0xB002, 0xA802, 0x6002, 0x1801, 0x2801, 0x8002, 0x9802, 0xA0A2, 0x7041, 0x3000, 0x58A0, 0x5102,
  0x1041, 0x2880, 0xAA22, 0x1860, 0x0821, 0x0000, 0x0000, 0x0000, 0x0000, 0x0000, 0x0000, 0x0000, 0x0000, 0x0000, 0x0000, 0x0000,
  0x0000, 0x0000, 0x0000, 0x0000, 0x0000, 0xF4C9, 0xF58A, 0xFE91, 0xFFBB, 0xFF7A, 0x0000, 0x0000, 0x0000, 0x0000, 0x0000, 0xC021,
  0xF060, 0xE860, 0xE041, 0xD822, 0xC802, 0xC802, 0xC002, 0xC002, 0xC002, 0xC802, 0xB802, 0x9002, 0x6801, 0x6801, 0x7802, 0x7002,
  0x7802, 0x6001, 0x4821, 0x3001, 0x28E1, 0xD324, 0x81E2, 0x38C1, 0xDAC3, 0xD531, 0x3186, 0xB2E4, 0x92E7, 0x0000, 0x0000, 0x0000,
  0x0000, 0x0000, 0x0000, 0x0000, 0x0000, 0x0000, 0x0000, 0x0000, 0x0000, 0x0000, 0x0000, 0x0000, 0x0000, 0x0000, 0x0000, 0xDBC7,
  0xFDEA, 0xF66D, 0xF739, 0xF77A, 0x0000, 0x0000, 0x0000, 0x0000, 0x6001, 0xE041, 0xE040, 0xD821, 0xC822, 0xC002, 0xC022, 0xD022,
  0xD841, 0xE061, 0xE060, 0xE860, 0xE861, 0xF041, 0xE841, 0xE021, 0xD021, 0xC800, 0xC801, 0xC800, 0xB800, 0xA000, 0x7820, 0x8901,
  0xBA01, 0xF304, 0xFC68, 0xFD2B, 0xE4AA, 0xFD2A, 0xCBC7, 0x0000, 0x0000, 0x0000, 0x0000, 0x0000, 0x0000, 0x0000, 0x0000, 0x0000,
  0x0000, 0x0000, 0x0000, 0x0000, 0x0000, 0x0000, 0x0000, 0x0000, 0x0000, 0xBC0B, 0xC52F, 0xD5F3, 0xAD14, 0xE6B8, 0x0000, 0x0000,
  0x0000, 0x0000, 0x0000, 0x7001, 0xD002, 0xC002, 0xB802, 0xD021, 0xE060, 0xE880, 0xF0A0, 0xF0A0, 0xE881, 0xD041, 0xA821, 0x8821,
  0x8002, 0x6002, 0x3800, 0x40C3, 0x38A3, 0x4925, 0x5965, 0x6165, 0x8964, 0x89E6, 0x59C4, 0x81A2, 0xBB05, 0xE469, 0xF489, 0xE428,
  0x5142, 0x0000, 0x0000, 0x0000, 0x0000, 0x0000, 0x0000, 0x0000, 0x0000, 0x0000, 0x0000, 0x0000, 0x0000, 0x0000, 0x0000, 0x0000,
  0x0000, 0x8BEF, 0xC5D5, 0xD637, 0xEED8, 0xC5D6, 0xB533, 0xFEF4, 0x0000, 0x0000, 0x0000, 0x0000, 0x0000, 0x0000, 0x8002, 0xB002,
  0xE041, 0xE880, 0xE880, 0xF080, 0xE861, 0xB021, 0x7802, 0x6002, 0x5002, 0x5802, 0x4002, 0x3840, 0x72C8, 0x93AC, 0x5A28, 0xB46F,
  0xC510, 0xDDD2, 0xDE54, 0xF717, 0xEEB6, 0xC592, 0x8B8B, 0x61A3, 0x8A24, 0x5962, 0x2060, 0x38A0, 0x0000, 0x0000, 0x0000, 0x0000,
  0x0000, 0x9B44, 0x6A64, 0x0000, 0x0000, 0x0000, 0x0000, 0x730B, 0x9C4F, 0xC573, 0xCDB5, 0xD5D5, 0xDE15, 0xEE97, 0xBD74, 0x9C4F,
  0xF6F5, 0xFF58, 0x0000, 0x0000, 0x0000, 0x0000, 0x0000, 0x0000, 0x6001, 0xE041, 0xE880, 0xE880, 0xF061, 0xC821, 0x7002, 0x5802,
  0x6802, 0x7802, 0x8002, 0x5002, 0x7141, 0xCA21, 0xBB07, 0x72A8, 0x72C9, 0xD550, 0xE5D1, 0xEE53, 0xF695, 0xF6B6, 0xF6B6, 0xFF58,
  0xDCEE, 0xE386, 0xF4C9, 0xCB46, 0xB202, 0xC242, 0x91C2, 0xCB87, 0xEC89, 0xD3C7, 0x40E1, 0xDBA5, 0x9284, 0x4A08, 0x732D, 0x93F0,
  0xA472, 0xA492, 0xAC92, 0xB4D3, 0xC554, 0xCDB5, 0xBD95, 0x9C91, 0xA4D1, 0xF737, 0xFF9A, 0xF79B, 0x0000, 0x0000, 0x0000, 0x0000,
  0x0000, 0x0000, 0xB021, 0xF080, 0xE880, 0xE861, 0xB022, 0x6001, 0x8002, 0x9802, 0x9002, 0x8802, 0x8003, 0x3821, 0xB202, 0xDA83,
  0x99A1, 0x30C2, 0x9BCC, 0xDDB1, 0xEE54, 0xE5F2, 0xD591, 0xD591, 0xDDD1, 0xE613, 0xB2C6, 0xEB23, 0xFC27, 0xAA43, 0x99A1, 0x99A1,
  0xAA22, 0xF4A8, 0xF50A, 0xDBA7, 0x6960, 0xC104, 0xD9C3, 0x6225, 0x6AAE, 0x8390, 0x93F1, 0xA472, 0xACD2, 0x9C71, 0x9C71, 0xA40E,
  0xAC4B, 0xDDEF, 0xFFB9, 0xFF7A, 0xF77B, 0xFF35, 0x0000, 0x0000, 0x0000, 0x0000, 0x0000, 0x0000, 0xD041, 0xE880, 0xE861, 0xB822,
  0x5001, 0x4001, 0x6802, 0xA802, 0x9802, 0x8802, 0x6002, 0x2000, 0x50E1, 0x8982, 0x58E1, 0x28C2, 0xBCAF, 0xEE12, 0xF674, 0xF674,
  0xBCEF, 0x61E6, 0x59E5, 0x5A48, 0x4102, 0x5900, 0x8981, 0x6921, 0x48E1, 0x38A1, 0x50E1, 0xC243, 0xDB04, 0x91C2, 0x6161, 0x9A01,
  0x6142, 0x49E9, 0x5A4A, 0x5A69, 0x4A07, 0x0000, 0x0000, 0x0000, 0xD3E7, 0xFDAA, 0xFF12, 0xFFBA, 0xF75A, 0xF79B, 0xFF34, 0xCC27,
  0x0000, 0x0000, 0x0000, 0x0000, 0x0000, 0x0000, 0xB821, 0xF060, 0xD042, 0x5001, 0x0000, 0x0000, 0x0000, 0x4801, 0x8002, 0x4801,
  0x0000, 0x0000, 0x1820, 0x6922, 0x50E1, 0x2061, 0x51E6, 0x8BAC, 0xA42C, 0xA3CA, 0x9A65, 0x91E3, 0x4943, 0x0000, 0x0000, 0x0000,
  0x0000, 0x0000, 0x0000, 0x0000, 0x0000, 0x0000, 0x0000, 0x2040, 0xC343, 0x69E1, 0x0000, 0x0000, 0x0000, 0x0000, 0x0000, 0x0000,
  0x0000, 0xECE8, 0xFE6D, 0xFF36, 0xF77A, 0xF77A, 0xFF9A, 0xFEF2, 0xAB66, 0x0000, 0x0000, 0x0000, 0x0000, 0x0000, 0x0000, 0x0000,
  0x7001, 0xE822, 0x8002, 0x0000, 0x0000, 0x0000, 0x0000, 0x0000, 0x0000, 0x0000, 0x0000, 0x0000, 0x0000, 0x2860, 0x2840, 0x58E1,
  0x7141, 0x48E0, 0x40C1, 0x48C0, 0x5942, 0x59C5, 0x0000, 0x0000, 0x0000, 0x0000, 0x0000, 0x0000, 0x0000, 0x0000, 0x0000, 0x0000,
  0x0000, 0x0000, 0x61A1, 0x0000, 0x0000, 0x0000, 0x0000, 0x0000, 0x0000, 0xDC47, 0xFE0C, 0xFEF3, 0xF759, 0xF79B, 0xFF9B, 0xFF77,
  0xF5AC, 0x0000, 0x0000, 0x0000, 0x0000, 0x0000, 0x0000, 0x0000, 0x0000, 0x0000, 0x0000, 0x9002, 0x4801, 0x0000, 0x0000, 0x0000,
  0x0000, 0x0000, 0x0000, 0x0000, 0x0000, 0x0000, 0x0000, 0x20C3, 0x6268, 0x4964, 0x6941, 0x99A1, 0x9160, 0x6162, 0x7204, 0x30A1,
  0x0000, 0x0000, 0x0000, 0x0000, 0x0000, 0x0000, 0x0000, 0x0000, 0x0000, 0x0000, 0x0000, 0x0000, 0x0000, 0x0000, 0x0000, 0x0000,
  0x0000, 0xE468, 0xFDED, 0xFEF4, 0xF79A, 0xFFBC, 0xFFBA, 0xFF77, 0xF630, 0xB386, 0x0000, 0x0000, 0x0000, 0x0000, 0x0000, 0x0000,
  0x0000, 0x0000, 0x0000, 0x0000, 0x0000, 0x0000, 0x0000, 0x0000, 0x0000, 0x0000, 0x0000, 0x0000, 0x0000, 0x0000, 0x0000, 0x0000,
  0x3964, 0xC4AF, 0xE5D1, 0xDDB2, 0xAC8E, 0x7B29, 0x7AC8, 0x7AE8, 0x8B28, 0xBCCF, 0xC50F, 0x8BAB, 0x5206, 0x0000, 0x0000, 0x0000,
  0x0000, 0x0000, 0x0000, 0x0000, 0x0000, 0x0000, 0x0000, 0xC3C7, 0xED09, 0xFE2E, 0xFF12, 0xFF97, 0xFFDA, 0xFFB9, 0xFF16, 0xF610,
  0xD4AA, 0x0000, 0x0000, 0x0000, 0x0000, 0x0000, 0x0000, 0x0000, 0x0000, 0x0000, 0x0000, 0x0000, 0x0000, 0x0000, 0x0000, 0x0000,
  0x0000, 0x0000, 0x0000, 0x0000, 0x0000, 0x0000, 0x0000, 0x0000, 0x0000, 0x0000, 0xAC2D, 0xEE32, 0xEE75, 0xF6D6, 0xFF17, 0xFF17,
  0xFEF7, 0xFEF6, 0xFEB5, 0xEE54, 0xF694, 0xFEF6, 0xFED6, 0xD5B1, 0x5A47, 0x0000, 0x0000, 0x0000, 0x0000, 0x0000, 0xAAE4, 0xD3E6,
  0xFD28, 0xFD6A, 0xF58B, 0xED8C, 0xCCEC, 0xBC2A, 0x0000, 0x0000, 0x0000, 0x0000, 0x0000, 0x0000, 0x0000, 0x0000, 0x0000, 0x0000,
  0x0000, 0x0000, 0x0000, 0x0000, 0x0000, 0x0000, 0x0000, 0x0000, 0x0000, 0x0000, 0x0000, 0x0000, 0x0000, 0x0000, 0x0000, 0x0000,
  0x0000, 0x0000, 0x0000, 0x72C9, 0xDD70, 0xEE94, 0xF6B6, 0xF6B6, 0xF696, 0xF695, 0xEE54, 0xC510, 0xB48E, 0xD570, 0xEE53, 0xEE95,
  0xF6B6, 0xFEF7, 0xFEF6, 0x4A05, 0x0000, 0x0000, 0x0000, 0x0000, 0x0000, 0x0000, 0x0000, 0x0000, 0x0000, 0x0000, 0x0000, 0x0000,
  0x0000, 0x0000, 0x0000, 0x0000, 0x0000, 0x0000, 0x0000, 0x0000, 0x0000, 0x0000, 0x0000, 0x0000, 0x0000, 0x0000, 0x0000, 0x0000,
  0x0000, 0x0000, 0x0000, 0x0000, 0x0000, 0x0000, 0x0000, 0x0000, 0x0000, 0x0000, 0x3144, 0x8B6B, 0x9BCC, 0xE5F2, 0xEE94, 0xF6B6,
  0xF6B6, 0xEE74, 0xEE33, 0xCD30, 0x6268, 0x6A89, 0xB44F, 0xCD0F, 0xCD50, 0xDDD1, 0xEE54, 0xEE96, 0xFED5, 0xB4AE, 0x0000, 0x0000,
  0x0000, 0x0000, 0x0000, 0x0000, 0x0000, 0x0000, 0x0000, 0x0000, 0x0000, 0x0000, 0x0000, 0x0000, 0x0000, 0x0000, 0x0000, 0x0000,
  0x0000, 0x0000, 0x0000, 0x0000, 0x0000, 0x0000, 0x0000, 0x0000, 0x0000, 0x0000, 0x0000, 0x0000, 0x0000, 0x0000, 0x0000, 0x0000,
  0x0000, 0x0000, 0x0000, 0x0820, 0x9BAC, 0xEDF2, 0xE612, 0xEE75, 0xF6D7, 0xF6D7, 0xEE94, 0xEE33, 0xA42D, 0x20C2, 0x0000, 0x0000,
  0x4185, 0x830B, 0xBC8E, 0xDD91, 0xEE33, 0xEE53, 0xF653, 0x7B09, 0x0000, 0x0000, 0x0000, 0x0000, 0x0000, 0x0000, 0x0000, 0x0000,
  0x0000, 0x0000, 0x0000, 0x0000, 0x0000, 0x0000, 0x0000, 0x0000, 0x0000, 0x0000, 0x0000, 0x0000, 0x0000, 0x0000, 0x0000, 0x0000,
  0x0000, 0x0000, 0x0000, 0x0000, 0x0000, 0x0000, 0x0000, 0x0000, 0x0000, 0x0000, 0x0000, 0x0820, 0x5901, 0x38A1, 0x8B6B, 0xE5F2,
  0xE612, 0xEE33, 0xEE74, 0xEE53, 0xDDB1, 0x832A, 0x0000, 0x0000, 0x0000, 0x0000, 0x0000, 0x0000, 0x6A68, 0xD530, 0xD550, 0xC50F,
  0x72E9, 0x38A1, 0x1860, 0x0000, 0x0000, 0x0000, 0x0000, 0x0000, 0x0000, 0x0000, 0x0000, 0x0000, 0x0000, 0x0000, 0x0000, 0x0000,
  0x0000, 0x0000, 0x0000, 0x0000, 0x0000, 0x0000, 0x0000, 0x0000, 0x0000, 0x0000, 0x0000, 0x0000, 0x0000, 0x0000, 0x0000, 0x0000,
  0x0000, 0x0000, 0x1840, 0x2860, 0x2880, 0x6101, 0x91A2, 0x7121, 0x49C6, 0xCD30, 0xDD90, 0xDD90, 0xDD91, 0xB48E, 0x49C6, 0x0000,
  0x0000, 0x0000, 0x0000, 0x0000, 0x0000, 0x0000, 0x0000, 0x49A6, 0x5A07, 0x3903, 0x48C0, 0xA1E2, 0x48E1, 0x0000, 0x0000, 0x0000,
  0x0000, 0x0000, 0x0000, 0x0000, 0x0000, 0x0000, 0x0000, 0x0000, 0x0000, 0x0000, 0x0000, 0x0000, 0x0000, 0x0000, 0x0000, 0x0000,
  0x0000, 0x0000, 0x0000, 0x0000, 0x0000, 0x0000, 0x0000, 0x0000, 0x0000, 0x0000, 0x0000, 0x1840, 0x7962, 0x8162, 0x8182, 0x8982,
  0x8182, 0x8982, 0x38A1, 0x41A5, 0x938C, 0x8B6B, 0x5A47, 0x0000, 0x0000, 0x0000, 0x0000, 0x0000, 0x0000, 0x0000, 0x0000, 0x0000,
  0x0000, 0x0000, 0x0821, 0x58E1, 0x8982, 0x91C2, 0x7141, 0x0000, 0x0000, 0x0000, 0x0000, 0x0000, 0x0000, 0x0000, 0x0000, 0x0000,
  0x0000, 0x0000, 0x0000, 0x0000, 0x0000, 0x0000, 0x0000, 0x0000, 0x0000, 0x0000, 0x0000, 0x0000, 0x0000, 0x0000, 0x0000, 0x0000,
  0x0000, 0x0000, 0x0000, 0x0000, 0x0000, 0x48C1, 0x99A2, 0x91A1, 0x8182, 0x6921, 0x38C1, 0x2060, 0x0000, 0x0000, 0x0000, 0x0000,
  0x0000, 0x0000, 0x0000, 0x0000, 0x0000, 0x0000, 0x0000, 0x0000, 0x0000, 0x0000, 0x0000, 0x0000, 0x0000, 0x2060, 0x6942, 0x8981,
  0x99C2, 0x58E1, 0x0000, 0x0000, 0x0000, 0x0000, 0x0000, 0x0000, 0x0000, 0x0000, 0x0000, 0x0000, 0x0000, 0x0000, 0x0000, 0x0000,
  0x0000, 0x0000, 0x0000, 0x0000, 0x0000, 0x0000, 0x0000, 0x0000, 0x0000, 0x0000, 0x0000, 0x0000, 0x0000, 0x0000, 0x0000, 0x7961,
  0xA1E2, 0xA1C2, 0x6121, 0x0800, 0x0000, 0x0000, 0x0000, 0x0000, 0x0000, 0x0000, 0x0000, 0x0000, 0x0000, 0x0000, 0x0000, 0x0000,
  0x0000, 0x0000, 0x0000, 0x0000, 0x0000, 0x0000, 0x0000, 0x1840, 0x7121, 0x8981, 0x99C2, 0xBA02, 0xB202, 0x91C1, 0x40C0, 0x0000,
  0x0000, 0x0000, 0x0000, 0x0000, 0x0000, 0x0000, 0x0000, 0x0000, 0x0000, 0x0000, 0x0000, 0x0000, 0x0000, 0x0000, 0x0000, 0x0000,
  0x0000, 0x0000, 0x0000, 0x0000, 0x0000, 0x0000, 0x0000, 0x0000, 0x1840, 0x91C2, 0xBA02, 0xD262, 0x7941, 0x0000, 0x0000, 0x0000,
  0x0000, 0x0000, 0x0000, 0x0000, 0x0000, 0x0000, 0x0000, 0x0000, 0x0000, 0x0000, 0x0000, 0x0000, 0x0000, 0x0000, 0x0000, 0x0000,
  0x0000, 0x40C1, 0x7962, 0x8161, 0x91A2, 0xA1E2, 0xBA22, 0xCA62, 0xA1E2, 0x0820, 0x0000, 0x0000, 0x0000, 0x0000, 0x0000, 0x0000,
  0x0000, 0x0000, 0x0000, 0x0000, 0x0000, 0x0000, 0x0000, 0x0000, 0x0000, 0x0000, 0x0000, 0x0000, 0x0000, 0x0000, 0x0000, 0x0000,
  0x0000, 0x0000, 0x0000, 0x40C1, 0x6121, 0x6921, 0x30A0, 0x0000, 0x0000, 0x0000, 0x0000, 0x0000, 0x0000, 0x0000, 0x0000, 0x0000,
  0x0000, 0x0000, 0x0000, 0x0000, 0x0000, 0x0000, 0x0000, 0x0000, 0x0000, 0x0000, 0x0000, 0x1040, 0x2880, 0x2060, 0x2060, 0x38A0,
  0x38A0, 0x38A0, 0x2860, 0x0000, 0x0000, 0x0000, 0x0000, 0x0000, 0x0000, 0x0000, 0x0000, 0x0000, 0x0000, 0x0000, 0x0000, 0x0000,
  0x0000, 0x0000, 0x0000, 0x0000, 0x0000, 0x0000, 0x0000, 0x0000, 0x0000, 0x0000, 0x0000, 0x0000, 0x0000, 0x0000, 0x0000, 0x0000,
  0x0000, 0x0000, 0x0000, 0x0000, 0x0000, 0x0000, 0x0000, 0x0000, 0x0000, 0x0000, 0x0000, 0x0000, 0x0000, 0x0000, 0x0000, 0x0000,
  0x0000, 0x0000, 0x0000, 0x0000, 0x0000, 0x0000, 0x0000, 0x0000, 0x0000, 0x0000, 0x0000, 0x0000, 0x0000, 0x0000, 0x0000, 0x0000,
  0x0000, 0x0000, 0x0000, 0x0000, 0x0000, 0x0000, 0x0000, 0x0000, 0x0000, 0x0000, 0x0000, 0x0000, 0x0000, 0x0000, 0x0000, 0x0000,
  0x0000, 0x0000, 0x0000, 0x0000, 0x0000, 0x0000, 0x0000, 0x0000, 0x0000, 0x0000, 0x0000, 0x0000, 0x0000, 0x0000, 0x0000, 0x0000,
  0x0000, 0x0000, 0x0000, 0x0000, 0x0000, 0x0000, 0x0000, 0x0000, 0x0000, 0x0000, 0x0000, 0x0000, 0x0000, 0x0000, 0x0000, 0x0000,
  0x0000, 0x0000, 0x0000, 0x0000, 0x0000, 0x0000, 0x0000, 0x0000, 0x0000, 0x0000, 0x0000, 0x0000, 0x0000, 0x0000, 0x0000, 0x0000,
  0x0000, 0x0000, 0x0000, 0x0000, 0x0000, 0x0000, 0x0000, 0x0000, 0x0000, 0x0000, 0x0000, 0x0000,
};

// Veera Attack Frame (58x46 = 2668 pixels)
static const uint16_t PROGMEM veera_attack4_pixels[2668] = {
  0x0000, 0x0000, 0x0000, 0x0000, 0x0000, 0x0000, 0x0000, 0x0000, 0x0000, 0x0000, 0x0000, 0x0000, 0x0000, 0x0000, 0x0000, 0x0000,
  0x0000, 0x0000, 0x0000, 0x0000, 0x0000, 0x0000, 0x0000, 0x0000, 0x0000, 0x0000, 0x0000, 0x0000, 0x0000, 0x0000, 0x0000, 0x0000,
  0x0000, 0x0000, 0x0000, 0x0000, 0x0000, 0x0000, 0x0000, 0x0000, 0x0000, 0x0000, 0x0000, 0x0000, 0x0000, 0x0000, 0x0000, 0x0000,
  0x0000, 0x0000, 0x0000, 0x0000, 0x0000, 0x0000, 0x0000, 0x0000, 0x0000, 0x0000, 0x0000, 0x0000, 0x0000, 0x0000, 0x0000, 0x0000,
  0x0000, 0x0000, 0x0000, 0x0000, 0x0000, 0x0000, 0x0000, 0x0000, 0x0000, 0x0000, 0x0000, 0x0000, 0x0000, 0x0000, 0x0000, 0x0000,
  0x0000, 0x0000, 0x0000, 0x0000, 0x0000, 0x0000, 0x0000, 0x0000, 0x0000, 0x0000, 0x0000, 0x0000, 0x0000, 0x0000, 0x0000, 0x0000,
  0x0000, 0x0000, 0x0000, 0x0000, 0x0000, 0x0000, 0x0000, 0x0000, 0x0000, 0x0000, 0x0000, 0x0000, 0x0000, 0x0000, 0x0000, 0x0000,
  0x0000, 0x0000, 0x0000, 0x0000, 0x0000, 0x0000, 0x0000, 0x0000, 0x0000, 0x0000, 0x0000, 0x0000, 0x0000, 0x0000, 0x0000, 0x0000,
  0x0000, 0x0000, 0x0000, 0x0000, 0x0000, 0x0000, 0x0000, 0x0000, 0x0000, 0x0000, 0x0000, 0x0000, 0x0000, 0x0000, 0x0000, 0x0000,
  0x0000, 0x0000, 0x0000, 0x0000, 0x0000, 0x0000, 0x0000, 0x0000, 0x0000, 0x0000, 0x0000, 0x0000, 0x0000, 0x0000, 0x0000, 0x0000,
  0x0000, 0x0000, 0x0000, 0x0000, 0x0000, 0x0000, 0x0000, 0x0000, 0x0000, 0x0000, 0x0000, 0x0000, 0x0000, 0x0000, 0x0000, 0x0000,
  0x0000, 0x0000, 0x0000, 0x0000, 0x0000, 0x0000, 0x0000, 0x0000, 0x0000, 0x0000, 0x0000, 0x0000, 0x0000, 0x0000, 0x0000, 0x0000,
  0x0000, 0x0000, 0x0000, 0x0000, 0x0000, 0x0000, 0x0000, 0x0000, 0x0000, 0x0000, 0x0000, 0x0000, 0x0000, 0x0000, 0x0000, 0x0000,
  0x0000, 0x0000, 0x0000, 0x0000, 0x0000, 0x0000, 0x0000, 0x0000, 0x0000, 0x0000, 0x0000, 0x0000, 0x0000, 0x0000, 0x0000, 0x0000,
  0x0000, 0x0000, 0x0000, 0x0000, 0x0000, 0x0000, 0x0000, 0x0000, 0x0000, 0x0000, 0x0000, 0x0000, 0x0000, 0x0000, 0x0000, 0x0000,
  0x0000, 0x0000, 0x0000, 0x0000, 0x0000, 0x0000, 0x0000, 0x0000, 0x0000, 0x0000, 0x0000, 0x0000, 0x0000, 0x0000, 0x0000, 0x0000,
  0x0000, 0x0000, 0x0000, 0x0000, 0x0000, 0x0000, 0x0000, 0x0000, 0x0000, 0x0000, 0x0000, 0x0000, 0x0000, 0x0000, 0x0000, 0x0000,
  0x0000, 0x0000, 0x0000, 0x0000, 0x0000, 0x0000, 0x0000, 0x0000, 0x0000, 0x0000, 0x0000, 0x0000, 0x0000, 0x0000, 0x0000, 0x0000,
  0x0000, 0x0000, 0x0000, 0x0000, 0x0000, 0x0000, 0x0000, 0x0000, 0x0000, 0x0000, 0x0000, 0x0000, 0x0000, 0x0000, 0x0000, 0x0000,
  0x0000, 0x0000, 0x0000, 0x0000, 0x0000, 0x0000, 0x0000, 0x0000, 0x0000, 0x0000, 0x0000, 0x0000, 0x0000, 0x0000, 0x0000, 0x0000,
  0x0000, 0x0000, 0x0000, 0x0000, 0x0000, 0x0000, 0x0000, 0x0000, 0x0000, 0x0000, 0x0000, 0x0000, 0x0000, 0x0000, 0x0000, 0x0000,
  0x0000, 0x0000, 0x0000, 0x0000, 0x0000, 0x0000, 0x0000, 0x0000, 0x0000, 0x0000, 0x0000, 0x0000, 0x0000, 0x0000, 0x0000, 0x0000,
  0x0000, 0x0000, 0x0000, 0x0000, 0x0000, 0x0000, 0x0000, 0x0000, 0x0000, 0x0000, 0x0000, 0x0000, 0x0000, 0x0000, 0x0000, 0x0000,
  0x0000, 0x0000, 0x0000, 0x0000, 0x0000, 0x0000, 0x0000, 0x0000, 0x0000, 0x0000, 0x0000, 0x0000, 0x0000, 0x0000, 0x0000, 0x0000,
  0x0000, 0x0000, 0x0000, 0x0000, 0x0000, 0x0000, 0x0000, 0x0000, 0x0000, 0x0000, 0x0000, 0x0000, 0x0000, 0x0000, 0x0000, 0x0000,
  0x0000, 0x0000, 0x0000, 0x0000, 0x0000, 0x0000, 0x0000, 0x0000, 0x0000, 0x0000, 0x0000, 0x0000, 0x0000, 0x0000, 0x0000, 0x0000,
  0x0000, 0x0000, 0x0000, 0x0000, 0x0000, 0x0000, 0x0000, 0x0000, 0x0000, 0x0000, 0x0000, 0x0000, 0x0000, 0x0000, 0x0000, 0x0000,
  0x0000, 0x0000, 0x0000, 0x0000, 0x0000, 0x0000, 0x0000, 0x0000, 0x0000, 0x0000, 0x0000, 0x0000, 0x0000, 0x0000, 0x0000, 0x0000,
  0x0000, 0x0000, 0x0000, 0x0000, 0x0000, 0x0000, 0x0000, 0x0000, 0x0000, 0x0000, 0x0000, 0x0000, 0x0000, 0x0000, 0x0000, 0x0000,
  0x0000, 0x0000, 0x0000, 0x0000, 0x0000, 0x0000, 0x0000, 0x0000, 0x0000, 0x0000, 0x0000, 0x0000, 0x0000, 0x0000, 0x0000, 0x0000,
  0x0000, 0x0000, 0x0000, 0x0000, 0x0000, 0x0000, 0x0000, 0x0000, 0x0000, 0x0000, 0x0000, 0x0000, 0x0000, 0x0000, 0x0000, 0x0000,
  0x0000, 0x0000, 0x0000, 0x0000, 0x0000, 0x0000, 0x0000, 0x0000, 0x0000, 0x0000, 0x0000, 0x0000, 0x0000, 0x0000, 0x0000, 0x0000,
  0x0000, 0x0000, 0x0000, 0x0000, 0x0000, 0x0000, 0x0000, 0x0000, 0x0000, 0x0000, 0x0000, 0x0000, 0x0000, 0x0000, 0x0000, 0x0000,
  0x0000, 0x0000, 0x0000, 0x0000, 0x0000, 0x0000, 0x0000, 0x0000, 0x0000, 0x0000, 0x0000, 0x0000, 0x0000, 0x0000, 0x0000, 0x0000,
  0x0000, 0x0000, 0x0000, 0x0000, 0x0000, 0x0000, 0x0000, 0x0000, 0x0000, 0x0000, 0x0000, 0x0000, 0x0000, 0x0000, 0x0000, 0x0000,
  0x0000, 0x0000, 0x0000, 0x0000, 0x0000, 0x0000, 0x0000, 0x0000, 0x0000, 0x0000, 0x0000, 0x0000, 0x0000, 0x0000, 0x0000, 0x0000,
  0x0000, 0x0000, 0x0000, 0x0000, 0x0000, 0x0000, 0x0000, 0x0000, 0x0000, 0x0000, 0x0000, 0x0000, 0x0000, 0x0000, 0x0000, 0x0000,
  0x0000, 0x0000, 0x0000, 0x0000, 0x0000, 0x0000, 0x0000, 0x0000, 0x0000, 0x0000, 0x0000, 0x0000, 0x0000, 0x0000, 0x0000, 0x0000,
  0x0000, 0x0000, 0x0000, 0x0000, 0x0000, 0x0000, 0x0000, 0x0000, 0x0000, 0x0000, 0x0000, 0x0000, 0x0000, 0x0000, 0x0000, 0x0000,
  0x0000, 0x0000, 0x0000, 0x0000, 0x0000, 0x0000, 0x0000, 0x0000, 0x0000, 0x0000, 0x0000, 0x0000, 0x0000, 0x0000, 0x0000, 0x0000,
  0x0000, 0x0000, 0x0000, 0x0000, 0x0000, 0x0000, 0x0000, 0x0000, 0x0000, 0x0000, 0x0000, 0x0000, 0x0000, 0x0000, 0x0000, 0x0000,
  0x0000, 0x0000, 0x0000, 0x0000, 0x0000, 0x0000, 0x0000, 0x0000, 0x0000, 0x0000, 0x0000, 0x0000, 0x0000, 0x0000, 0x0000, 0x0000,
  0x0000, 0x0000, 0x0000, 0x0000, 0x0000, 0x0000, 0x0000, 0x0000, 0x0000, 0x0000, 0x0000, 0x0000, 0x0000, 0x0000, 0x0000, 0x0000,
  0x0000, 0x0000, 0x0000, 0x0000, 0x0000, 0x0000, 0x0000, 0x0000, 0x0000, 0x0000, 0x0000, 0x0000, 0x0000, 0x0000, 0x0000, 0x0000,
  0x0000, 0x0000, 0x0000, 0x0000, 0x0000, 0x0000, 0x0000, 0x0000, 0x0000, 0x0000, 0x0000, 0x0000, 0x0000, 0x0000, 0x0000, 0x0000,
  0x0000, 0x0000, 0x0000, 0x0000, 0x0000, 0x0000, 0x0000, 0x0000, 0x0000, 0x0000, 0x0820, 0x2061, 0x0000, 0x0000, 0x0000, 0x0000,
  0x0000, 0x0000, 0x0000, 0x0000, 0x0000, 0x0000, 0x0000, 0x0000, 0x0000, 0x0000, 0x0000, 0x0000, 0x0000, 0x0000, 0x0000, 0x0000,
  0x0000, 0x0000, 0x0000, 0x0000, 0x0000, 0x0000, 0x0000, 0x0000, 0x0000, 0x0000, 0x0000, 0x0000, 0x0000, 0x0000, 0x0000, 0x0000,
  0x0000, 0x0000, 0x0000, 0x0000, 0x0000, 0x0000, 0x0000, 0x0000, 0x0000, 0x0000, 0x0000, 0x0000, 0x0000, 0x0000, 0x0821, 0x0821,
  0x1041, 0x2882, 0x38A2, 0x2060, 0x0821, 0x40E3, 0x38A1, 0x0000, 0x0000, 0x0000, 0x0000, 0x0000, 0x0000, 0x0000, 0x0000, 0x0000,
  0x0000, 0x0000, 0x0000, 0x0000, 0x0000, 0x0000, 0x0000, 0x0000, 0x0000, 0x0000, 0x0000, 0x0000, 0x0000, 0x0000, 0x0000, 0x0000,
  0x0000, 0x0000, 0x0000, 0x0000, 0x0000, 0x0000, 0x0000, 0x0000, 0x0000, 0x0000, 0x0000, 0x0000, 0x0000, 0x0000, 0x0000, 0x0000,
  0x0000, 0x0000, 0x0000, 0x0000, 0x0000, 0x0000, 0x0000, 0x0821, 0x0822, 0x0821, 0x1042, 0x2063, 0x38C3, 0x6144, 0x4902, 0x2082,
  0x6143, 0x1020, 0x0000, 0x0000, 0x0000, 0x0000, 0x0000, 0x0000, 0x0000, 0x0000, 0x0000, 0x0000, 0x0000, 0x0000, 0x0000, 0x0000,
  0x0000, 0x0000, 0x0000, 0x0000, 0x0000, 0x0000, 0x0000, 0x0000, 0x0000, 0x0000, 0x0000, 0x0000, 0x0000, 0x0000, 0x0000, 0x0000,
  0x0000, 0x0000, 0x0000, 0x0000, 0x0000, 0x0000, 0x0000, 0x0000, 0x0000, 0x0000, 0x0000, 0x0000, 0x0000, 0x0000, 0x0000, 0x0001,
  0x1042, 0x1043, 0x1022, 0x1042, 0x1842, 0x1862, 0x1862, 0x1863, 0x40E3, 0x38C2, 0x40C3, 0x2061, 0x2882, 0x0000, 0x0000, 0x0000,
  0x0000, 0x0000, 0x0000, 0x0000, 0x0000, 0x0000, 0x0000, 0x0000, 0x0000, 0x0000, 0x0000, 0x0000, 0x0000, 0x0000, 0x0000, 0x0000,
  0x0000, 0x0000, 0x0000, 0x0000, 0x0000, 0x0000, 0x0000, 0x0000, 0x0000, 0x0000, 0x0000, 0x0000, 0x0000, 0x0000, 0x0000, 0x0000,
  0x0000, 0x0000, 0x0000, 0x0000, 0x0000, 0x0000, 0x0000, 0x0000, 0x0000, 0x0822, 0x1043, 0x1042, 0x1863, 0x30A3, 0x40C3, 0x48E3,
  0x40E3, 0x48E3, 0x38C3, 0x2883, 0x2062, 0x28A2, 0x30C2, 0x1840, 0x0000, 0x0000, 0x0000, 0x0000, 0x0000, 0x0000, 0x0000, 0x0000,
  0x0000, 0x0000, 0x0000, 0x0000, 0x0000, 0x0000, 0x0000, 0x0000, 0x0000, 0x0000, 0x0000, 0x0000, 0x0000, 0x0000, 0x0000, 0x0000,
  0x0000, 0x0000, 0x0000, 0x0000, 0x0000, 0x0000, 0x0000, 0x0000, 0x0000, 0x0000, 0x0000, 0x0000, 0x0000, 0x0000, 0x0000, 0x0000,
  0x0000, 0x0000, 0x0821, 0x1043, 0x1043, 0x2063, 0x30A3, 0x30A3, 0x40C3, 0x40E3, 0x5123, 0x6943, 0x48E3, 0x6943, 0x30A3, 0x2083,
  0x40C2, 0x1840, 0x0000, 0x0000, 0x0000, 0x0000, 0x0000, 0x0000, 0x0000, 0x0000, 0x0000, 0x0000, 0x0000, 0x0000, 0x0000, 0x0000,
  0x0000, 0x0000, 0x0000, 0x0000, 0x0000, 0x0000, 0x0000, 0x0000, 0x0000, 0x0000, 0x0000, 0x0000, 0x0000, 0x0000, 0x0000, 0x0000,
  0x0000, 0x0000, 0x0000, 0x0000, 0x0000, 0x0000, 0x0000, 0x0000, 0x0000, 0x0000, 0x0000, 0x0000, 0x0821, 0x1863, 0x1843, 0x2063,
  0x2883, 0x38C3, 0x30A4, 0x38C3, 0x5103, 0x28A3, 0x28A3, 0x38E3, 0x0821, 0x1022, 0x4904, 0x38A1, 0x0000, 0x0000, 0x0000, 0x0000,
  0x0000, 0x0000, 0x0000, 0x0000, 0x0000, 0x0000, 0x0000, 0x0000, 0x0000, 0x0000, 0x0000, 0x0000, 0x0000, 0x0000, 0x0000, 0x0000,
  0x0000, 0x0000, 0x0000, 0x0000, 0x0000, 0x0000, 0x0000, 0x0000, 0x0000, 0x0000, 0x0000, 0x0000, 0x0000, 0x0000, 0x0000, 0x0000,
  0x0000, 0x0000, 0x0000, 0x0000, 0x0000, 0x0821, 0x1043, 0x1042, 0x1042, 0x2063, 0x2883, 0x2083, 0x1042, 0x1883, 0x2043, 0x1001,
  0x1042, 0x5821, 0xB821, 0x6001, 0x1063, 0x48E3, 0x0000, 0x0000, 0x0000, 0x0000, 0x0000, 0x0000, 0x0000, 0x0000, 0x0000, 0x0000,
  0x0000, 0x0000, 0x0000, 0x0000, 0x0000, 0x0000, 0x0000, 0x0000, 0x0000, 0x0000, 0x0000, 0x0000, 0x0000, 0x0000, 0x0000, 0x0000,
  0x0000, 0x0000, 0x0000, 0x0000, 0x0000, 0x0000, 0x0000, 0x0000, 0x0000, 0x0000, 0x0000, 0x0000, 0x0000, 0x0000, 0x0000, 0x0821,
  0x0821, 0x0822, 0x0842, 0x0042, 0x1042, 0x2822, 0x2821, 0x6822, 0xB821, 0x9821, 0xC041, 0xF0A0, 0xE880, 0x6801, 0x0842, 0x1862,
  0x0000, 0x0000, 0x0000, 0x0000, 0x0000, 0x0000, 0x0000, 0x0000, 0x0000, 0x0000, 0x0000, 0x0000, 0x0000, 0x0000, 0x0000, 0x0000,
  0x0000, 0x0000, 0x0000, 0x0000, 0x0000, 0x0000, 0x0000, 0x0000, 0x0000, 0x0000, 0x0000, 0x0000, 0x0000, 0x0000, 0x0000, 0x0000,
  0x0000, 0x0000, 0x0000, 0x0000, 0x0000, 0x0000, 0x0000, 0x0000, 0x0000, 0x0000, 0x0021, 0x0822, 0x1801, 0x5001, 0x8802, 0xB802,
  0xC022, 0xB841, 0xA840, 0x7020, 0x7060, 0x78A0, 0x7100, 0x0800, 0x0821, 0x0000, 0x0000, 0x0000, 0x0000, 0x0000, 0x0000, 0x0000,
  0x0000, 0x0000, 0x0000, 0x0000, 0x0000, 0x0000, 0x0000, 0x0000, 0x0000, 0x0000, 0x0000, 0x0000, 0x0000, 0x0000, 0x0000, 0x0000,
  0x0000, 0x0000, 0x0000, 0x0000, 0x0000, 0x0000, 0x0000, 0x0000, 0x0000, 0x0000, 0x0000, 0x0000, 0x0000, 0x0000, 0x0000, 0x0000,
  0x0000, 0x0000, 0x5801, 0x7001, 0x3001, 0x2000, 0x8022, 0x9022, 0xA943, 0x70E2, 0x0800, 0x50E0, 0x8225, 0x2965, 0x0821, 0xBAE4,
  0x5941, 0x0821, 0x0000, 0x0000, 0x0000, 0x0000, 0x0000, 0x0000, 0x0000, 0x0000, 0x0000, 0x0000, 0x0000, 0x0000, 0x0000, 0x0000,
  0x0000, 0x0000, 0x0000, 0x0000, 0x0000, 0x0000, 0x0000, 0x0000, 0x0000, 0x0000, 0x0000, 0x0000, 0x0000, 0x0000, 0x0000, 0x0000,
  0x0000, 0x0000, 0x0000, 0x0000, 0x0000, 0x0000, 0x0000, 0x0000, 0x0000, 0x0000, 0x0000, 0x0000, 0x9802, 0xD002, 0x8802, 0x4802,
  0x2801, 0x0861, 0xBAE4, 0xB263, 0x6141, 0xEB24, 0xFD2D, 0x8BEE, 0x9A43, 0xED0C, 0x0000, 0x0000, 0x0000, 0x0000, 0x0000, 0x0000,
  0x0000, 0x0000, 0x0000, 0x0000, 0x0000, 0x0000, 0x0000, 0x0000, 0x0000, 0x0000, 0x0000, 0x0000, 0x0000, 0x0000, 0x0000, 0x0000,
  0x0000, 0x0000, 0x0000, 0x0000, 0x0000, 0x0000, 0x0000, 0x0000, 0x0000, 0x0000, 0x0000, 0x0000, 0x0000, 0x0000, 0x0000, 0x0000,
  0x0000, 0x0000, 0x0000, 0x0000, 0x0000, 0x0000, 0x5001, 0x7002, 0x8022, 0xB021, 0xA800, 0xA000, 0x98E1, 0xA202, 0xFB44, 0xFC48,
  0xF4C9, 0xF4C9, 0xFD0A, 0xFCC9, 0x5162, 0x0000, 0x0000, 0x0000, 0x0000, 0x0000, 0x0000, 0x0000, 0x0000, 0x0000, 0x0000, 0x0000,
  0x0000, 0x0000, 0x0000, 0x0000, 0x0000, 0x0000, 0x0000, 0x0000, 0x0000, 0x0000, 0x0000, 0x0000, 0x0000, 0x0000, 0x0000, 0x0000,
  0x0000, 0x0000, 0x0000, 0x0000, 0x0000, 0x0000, 0x0000, 0x0000, 0x0000, 0x0000, 0x0000, 0x0000, 0x0000, 0x0000, 0x6801, 0x8802,
  0x9822, 0xD041, 0xD020, 0x9061, 0x8A06, 0x89C5, 0xA020, 0xB040, 0x8961, 0xEB86, 0xFCE9, 0xFCE9, 0xFC68, 0x8244, 0x0000, 0x0000,
  0x0000, 0x0000, 0x0000, 0x0000, 0x0000, 0x0000, 0x0000, 0x0000, 0x0000, 0x0000, 0x0000, 0x0000, 0x0000, 0x0000, 0x0000, 0x0000,
  0x0000, 0x0000, 0x0000, 0x0000, 0x0000, 0x0000, 0x0000, 0x0000, 0x0000, 0x0000, 0x0000, 0x0000, 0x0000, 0x0000, 0x0000, 0x0000,
  0x0000, 0x0000, 0x0000, 0x0000, 0x4801, 0x8821, 0xC021, 0xC822, 0xC003, 0xD022, 0xF861, 0xA000, 0x4924, 0xA4AE, 0xF6D6, 0xF758,
  0x9CCF, 0x9081, 0xC020, 0x5080, 0x9223, 0xB326, 0x5162, 0x0000, 0x0000, 0x0000, 0x0000, 0x0000, 0x0000, 0x0000, 0x0000, 0x0000,
  0x0000, 0x0000, 0x0000, 0x0000, 0x0000, 0x0000, 0x0000, 0x0000, 0x0000, 0x0000, 0x0000, 0x0000, 0x0000, 0x0000, 0x0000, 0x0000,
  0x0000, 0x0000, 0x0000, 0x0000, 0x0000, 0x0000, 0x0000, 0x0000, 0x0000, 0x0000, 0x0000, 0x0000, 0x0000, 0xA021, 0xE860, 0xF061,
  0xD022, 0xC822, 0xE061, 0xF061, 0x7800, 0x49E7, 0xAC6F, 0xDDB1, 0xEE95, 0xD4CE, 0xDC4A, 0x59A4, 0xD020, 0xC021, 0x7001, 0x1000,
  0x0000, 0x0000, 0x0000, 0x0000, 0x0000, 0x0000, 0x0000, 0x0000, 0x0000, 0x0000, 0x0000, 0x0000, 0x0000, 0x0000, 0x0000, 0x0000,
  0x0000, 0x0000, 0x0000, 0x0000, 0x0000, 0x0000, 0x0000, 0x0000, 0x0000, 0x0000, 0x0000, 0x0000, 0x0000, 0x0000, 0x0000, 0x0000,
  0x0000, 0x0000, 0x0000, 0x0000, 0x0000, 0x5001, 0xC841, 0xF060, 0xE041, 0xC802, 0xD042, 0xE880, 0xF081, 0x7001, 0x3986, 0xD550,
  0xC4CE, 0x9BCD, 0xBB89, 0xDAE4, 0xFCC9, 0xBB05, 0x4820, 0xA802, 0x6041, 0x9B06, 0x0000, 0x0000, 0x0000, 0x0000, 0x0000, 0x0000,
  0x0000, 0x0000, 0x0000, 0x0000, 0x0000, 0x0000, 0x0000, 0x0000, 0x0000, 0x0000, 0x0000, 0x0000, 0x0000, 0x0000, 0x0000, 0x0000,
  0x0000, 0x0000, 0x0000, 0x0000, 0x0000, 0x0000, 0x0000, 0x0000, 0x0000, 0x0000, 0x0000, 0x0000, 0x0000, 0x0000, 0x0000, 0xA821,
  0xF060, 0xD022, 0xC802, 0xE041, 0xE880, 0xE861, 0x9022, 0x1800, 0x49C6, 0xA42E, 0xC4EF, 0x6AA9, 0x6121, 0xF365, 0xCB66, 0xBA42,
  0x91E2, 0x2860, 0x7141, 0xFB85, 0x79A2, 0x0000, 0x0000, 0x0000, 0x0000, 0x0000, 0x0000, 0x0000, 0x0000, 0x0000, 0x0000, 0x0000,
  0x0000, 0x0000, 0x0000, 0x0000, 0x0000, 0x0000, 0x0000, 0x0000, 0x0000, 0x0000, 0x0000, 0x0000, 0x0000, 0x0000, 0x0000, 0x0000,
  0x0000, 0x0000, 0x0000, 0x0000, 0x0000, 0x0000, 0x0000, 0x0000, 0x0000, 0x7801, 0xB822, 0xC022, 0xE041, 0xE880, 0xE861, 0x9022,
  0x4001, 0x2020, 0x58E0, 0x5901, 0x5122, 0x6122, 0x4102, 0x40C0, 0x7121, 0xA9E1, 0xBA42, 0x89E2, 0x48E1, 0x8181, 0x3880, 0x0000,
  0x0000, 0x0000, 0x0000, 0x0000, 0x0000, 0x0000, 0x0000, 0x0000, 0x0000, 0x0000, 0x0000, 0x0000, 0x0000, 0x0000, 0x0000, 0x0000,
  0x0000, 0x0000, 0x0000, 0x0000, 0x0000, 0x0000, 0x0000, 0x0000, 0x0000, 0x0000, 0x0000, 0x0000, 0x0000, 0x0000, 0x0000, 0x0000,
  0x0000, 0x0000, 0x0000, 0x6002, 0x7002, 0xC842, 0xE880, 0xF061, 0xA822, 0x5001, 0x3862, 0x5A27, 0x61C4, 0x7981, 0x7100, 0x5942,
  0x4902, 0x8203, 0x5982, 0x6101, 0xC2E4, 0xFCC9, 0xE448, 0x4901, 0x49A2, 0x6A43, 0x0000, 0x0000, 0x0000, 0x0000, 0x0000, 0x0000,
  0x0000, 0x0000, 0x0000, 0x0000, 0x0000, 0x0000, 0x0000, 0x0000, 0x0000, 0x0000, 0x0000, 0x0000, 0x0000, 0x0000, 0x0000, 0x0000,
  0x0000, 0x0000, 0x0000, 0x0000, 0x0000, 0x0000, 0x0000, 0x0000, 0x0000, 0x0000, 0x0000, 0x0000, 0x0000, 0x0000, 0x7001, 0xE861,
  0xF080, 0xC822, 0x5001, 0x2821, 0x8BAC, 0xEE12, 0xDDF3, 0xBD30, 0x9C0C, 0x9C0C, 0x5A26, 0xA202, 0x6981, 0x2000, 0xEB86, 0xFCE9,
  0xEC28, 0x79E2, 0xDC65, 0x6A43, 0x0000, 0x0000, 0x0000, 0x0000, 0x0000, 0x0000, 0x0000, 0x0000, 0x0000, 0x0000, 0x0000, 0x0000,
  0x0000, 0x0000, 0x0000, 0x0000, 0x0000, 0x0000, 0x0000, 0x0000, 0x0000, 0x0000, 0x0000, 0x0000, 0x0000, 0x0000, 0x0000, 0x0000,
  0x0000, 0x0000, 0x0000, 0x0000, 0x0000, 0x0000, 0x0000, 0x0000, 0x5801, 0xE041, 0xE042, 0x5822, 0x0000, 0x3965, 0xE5D2, 0xEE94,
  0xF6B6, 0xFEF7, 0xFF17, 0xFEF6, 0xDDF2, 0x6AA8, 0x7AE9, 0x6A87, 0x7120, 0xDAC3, 0x9A43, 0x89A1, 0xF186, 0xA2A4, 0x83AE, 0x6AEA,
  0x0000, 0x0000, 0x0000, 0x0000, 0x0000, 0x0000, 0x0000, 0x0000, 0x0000, 0x0000, 0x0000, 0x0000, 0x0000, 0x0000, 0x0000, 0x0000,
  0x0000, 0x0000, 0x0000, 0x0000, 0x0000, 0x0000, 0x0000, 0x0000, 0x0000, 0x0000, 0x0000, 0x0000, 0x0000, 0x0000, 0x0000, 0x0000,
  0x0000, 0x0000, 0x0000, 0xA002, 0x9802, 0x1821, 0x49C6, 0xB48E, 0xEE74, 0xF6B6, 0xF6B6, 0xEE95, 0xEE53, 0xCD51, 0x9BCD, 0xAC2E,
  0xCD10, 0xD570, 0x9BEC, 0x6A25, 0x5121, 0x91E1, 0x98E1, 0x79C3, 0x628A, 0xB4F3, 0xC594, 0x942F, 0x39E6, 0x0000, 0x0000, 0x0000,
  0x0000, 0x0000, 0x0000, 0x0000, 0x0000, 0x0000, 0x0000, 0x0000, 0x0000, 0x0000, 0x0000, 0x0000, 0x0000, 0x0000, 0x0000, 0x0000,
  0x0000, 0x0000, 0x0000, 0x0000, 0x0000, 0x0000, 0x0000, 0x0000, 0x0000, 0x0000, 0x0000, 0x0000, 0x0000, 0x0000, 0x3801, 0x3965,
  0xD551, 0xE612, 0xF696, 0xF6D7, 0xF6B6, 0xEE73, 0xC4EF, 0x3144, 0x41A6, 0xA3EE, 0xBC6F, 0xBC8E, 0xE5D1, 0x8BCC, 0x69A1, 0xB323,
  0x1060, 0x39A8, 0x6AED, 0x72EE, 0x836F, 0xBCF3, 0xE656, 0xC594, 0x630B, 0x0000, 0x0000, 0x0000, 0x0000, 0x0000, 0x0000, 0x0000,
  0x0000, 0x0000, 0x0000, 0x0000, 0x0000, 0x0000, 0x0000, 0x0000, 0x0000, 0x0000, 0x0000, 0x0000, 0x0000, 0x0000, 0x0000, 0x0000,
  0x0000, 0x0000, 0x0000, 0x0000, 0x0000, 0x0000, 0x0000, 0x0000, 0x0000, 0x28E3, 0xC4EF, 0xEE12, 0xEE53, 0xEE74, 0xEE33, 0xCD30,
  0x3964, 0x0000, 0x0000, 0x18C2, 0x5A48, 0xBC6E, 0xD54F, 0xB48E, 0x6204, 0x4121, 0x0000, 0x0000, 0x0000, 0x49E8, 0x7B2E, 0x836F,
  0x93AF, 0xBD33, 0xEE97, 0xE677, 0x8C0F, 0x0000, 0x0000, 0x0000, 0x0000, 0x0000, 0x0000, 0x0000, 0x0000, 0x0000, 0x0000, 0x0000,
  0x0000, 0x0000, 0x0000, 0x0000, 0x0000, 0x0000, 0x0000, 0x0000, 0x0000, 0x0000, 0x0000, 0x0000, 0x0000, 0x0000, 0x0000, 0x0000,
  0x0000, 0x0000, 0x2060, 0x48C0, 0x49C6, 0xB48E, 0xD570, 0xD550, 0xBC8E, 0x4185, 0x0000, 0x0000, 0x0000, 0x0000, 0x0000, 0x72CA,
  0xA3ED, 0x938B, 0x49C6, 0x1840, 0x0000, 0x0000, 0x0000, 0x0000, 0x0000, 0x41C7, 0x7B4D, 0x9411, 0x9C31, 0xBCF2, 0xEEB8, 0xE6D8,
  0x31A6, 0x0000, 0x0000, 0x0000, 0x0000, 0x0000, 0x0000, 0x0000, 0x0000, 0x0000, 0x0000, 0x0000, 0x0000, 0x0000, 0x0000, 0x0000,
  0x0000, 0x0000, 0x0000, 0x0000, 0x0000, 0x0000, 0x0000, 0x0000, 0x0000, 0x0000, 0x0000, 0x0000, 0x48E1, 0x91A2, 0x6100, 0x38E2,
  0x49A5, 0x51E6, 0x0000, 0x0000, 0x0000, 0x0000, 0x0000, 0x0000, 0x0000, 0x0000, 0x28A1, 0x3081, 0x60E0, 0x6101, 0x0000, 0x0000,
  0x0000, 0x0000, 0x0000, 0x0000, 0x0000, 0x2924, 0x6B0C, 0x9C10, 0xAC91, 0xDE16, 0xE697, 0x0000, 0x0000, 0x0000, 0x0000, 0x0000,
  0x0000, 0x0000, 0x0000, 0x0000, 0x0000, 0x0000, 0x0000, 0x0000, 0x0000, 0x0000, 0x0000, 0x0000, 0x0000, 0x0000, 0x0000, 0x0000,
  0x0000, 0x0000, 0x0000, 0x0000, 0x0000, 0x2860, 0x7142, 0x8181, 0x89A2, 0x50E1, 0x0000, 0x0000, 0x0000, 0x0000, 0x0000, 0x0000,
  0x0000, 0x0000, 0x0000, 0x0000, 0x2860, 0x6942, 0x8982, 0x6121, 0x0000, 0x0000, 0x0000, 0x0000, 0x0000, 0x0000, 0x0000, 0x0000,
  0x0000, 0x0000, 0x5248, 0x730C, 0x940F, 0x734C, 0x0000, 0x0000, 0x0000, 0x0000, 0x0000, 0x0000, 0x0000, 0x0000, 0x0000, 0x0000,
  0x0000, 0x0000, 0x0000, 0x0000, 0x0000, 0x0000, 0x0000, 0x0000, 0x0000, 0x0000, 0x0000, 0x0000, 0x0000, 0x0000, 0x1840, 0x7941,
  0x8981, 0x8161, 0x40C1, 0x0000, 0x0000, 0x0000, 0x0000, 0x0000, 0x0000, 0x0000, 0x0000, 0x0000, 0x0000, 0x0000, 0x0000, 0x50E1,
  0x7962, 0x8982, 0x50E1, 0x0000, 0x0000, 0x0000, 0x0000, 0x0000, 0x0000, 0x0000, 0x0000, 0x0000, 0x0000, 0x0000, 0x0000, 0x0000,
  0x0000, 0x0000, 0x0000, 0x0000, 0x0000, 0x0000, 0x0000, 0x0000, 0x0000, 0x0000, 0x0000, 0x0000, 0x0000, 0x0000, 0x0000, 0x0000,
  0x0000, 0x0000, 0x0000, 0x0000, 0x0000, 0x0000, 0x0000, 0x0000, 0x7961, 0xBA02, 0xBA22, 0xA1C2, 0x1840, 0x0000, 0x0000, 0x0000,
  0x0000, 0x0000, 0x0000, 0x0000, 0x0000, 0x0000, 0x0000, 0x0000, 0x1840, 0x6121, 0x8161, 0xA1E2, 0xC242, 0xBA22, 0x6941, 0x0000,
  0x0000, 0x0000, 0x0000, 0x0000, 0x0000, 0x0000, 0x0000, 0x0000, 0x0000, 0x0000, 0x0000, 0x0000, 0x0000, 0x0000, 0x0000, 0x0000,
  0x0000, 0x0000, 0x0000, 0x0000, 0x0000, 0x0000, 0x0000, 0x0000, 0x0000, 0x0000, 0x0000, 0x0000, 0x0000, 0x0000, 0x0000, 0x0000,
  0x0000, 0x3080, 0x8982, 0xA1C1, 0xB202, 0x91A1, 0x1820, 0x0000, 0x0000, 0x0000, 0x0000, 0x0000, 0x0000, 0x0000, 0x0000, 0x0000,
  0x0000, 0x0000, 0x2060, 0x5901, 0x5901, 0x8181, 0x99C1, 0xB201, 0x99C2, 0x1020, 0x0000, 0x0000, 0x0000, 0x0000, 0x0000, 0x0000,
  0x0000, 0x0000, 0x0000, 0x0000, 0x0000, 0x0000, 0x0000, 0x0000, 0x0000, 0x0000, 0x0000, 0x0000, 0x0000, 0x0000, 0x0000, 0x0000,
  0x0000, 0x0000, 0x0000, 0x0000, 0x0000, 0x0000, 0x0000, 0x0000, 0x0000, 0x0000, 0x0000, 0x0000, 0x1020, 0x1840, 0x1840, 0x1020,
  0x0000, 0x0000, 0x0000, 0x0000, 0x0000, 0x0000, 0x0000, 0x0000, 0x0000, 0x0000, 0x0000, 0x0000, 0x0000, 0x0000, 0x0000, 0x0000,
  0x1840, 0x0000, 0x1020, 0x0000, 0x0000, 0x0000, 0x0000, 0x0000, 0x0000, 0x0000, 0x0000, 0x0000, 0x0000, 0x0000, 0x0000, 0x0000,
  0x0000, 0x0000, 0x0000, 0x0000, 0x0000, 0x0000, 0x0000, 0x0000, 0x0000, 0x0000, 0x0000, 0x0000, 0x0000, 0x0000, 0x0000, 0x0000,
  0x0000, 0x0000, 0x0000, 0x0000, 0x0000, 0x0000, 0x0000, 0x0000, 0x0000, 0x0000, 0x0000, 0x0000, 0x0000, 0x0000, 0x0000, 0x0000,
  0x0000, 0x0000, 0x0000, 0x0000, 0x0000, 0x0000, 0x0000, 0x0000, 0x0000, 0x0000, 0x0000, 0x0000, 0x0000, 0x0000, 0x0000, 0x0000,
  0x0000, 0x0000, 0x0000, 0x0000, 0x0000, 0x0000, 0x0000, 0x0000, 0x0000, 0x0000, 0x0000, 0x0000, 0x0000, 0x0000, 0x0000, 0x0000,
  0x0000, 0x0000, 0x0000, 0x0000, 0x0000, 0x0000, 0x0000, 0x0000, 0x0000, 0x0000, 0x0000, 0x0000, 0x0000, 0x0000, 0x0000, 0x0000,
  0x0000, 0x0000, 0x0000, 0x0000, 0x0000, 0x0000, 0x0000, 0x0000, 0x0000, 0x0000, 0x0000, 0x0000, 0x0000, 0x0000, 0x0000, 0x0000,
  0x0000, 0x0000, 0x0000, 0x0000, 0x0000, 0x0000, 0x0000, 0x0000, 0x0000, 0x0000, 0x0000, 0x0000, 0x0000, 0x0000, 0x0000, 0x0000,
  0x0000, 0x0000, 0x0000, 0x0000, 0x0000, 0x0000, 0x0000, 0x0000, 0x0000, 0x0000, 0x0000, 0x0000,
};

// Array of pointers to the 4 attack frames in sequential order (attack1 -> attack2 -> attack3 -> attack4)
static const uint16_t* const veera_attack_frames[4] = {
  veera_attack1_pixels,
  veera_attack2_pixels,
  veera_attack3_pixels,
  veera_attack4_pixels
};
