// LostCrownAssets.h - Modular pixel assets for Lost Crown loading screen
// Reconstructed from Lopaka RGB565 reference artwork
#pragma once

#include <Arduino.h>

// 128x160 Static Background (loading bar trough cleared to empty)
static const uint16_t PROGMEM image_LostCrown_background[20480] = {
  0x0064, 0x0064, 0x0064, 0x0085, 0x00A6, 0x08C7, 0x0085, 0x0022, 0x0043, 0x0043, 0x0043, 0x0043, 0x0043, 0x0043, 0x0043, 0x0043,
  0x0043, 0x0043, 0x0043, 0x0043, 0x0043, 0x0043, 0x0043, 0x0043, 0x0043, 0x0043, 0x0043, 0x0043, 0x0043, 0x0043, 0x0043, 0x0043,
  0x0043, 0x0043, 0x0043, 0x0043, 0x0043, 0x0043, 0x0043, 0x0043, 0x0043, 0x0043, 0x0043, 0x0022, 0x0043, 0x0043, 0x0043, 0x0043,
  0x0043, 0x0043, 0x0043, 0x0043, 0x0043, 0x0043, 0x0023, 0x0023, 0x0023, 0x0022, 0x0042, 0x0043, 0x0043, 0x0043, 0x0043, 0x0043,
  0x0022, 0x0022, 0x0022, 0x0022, 0x0022, 0x0022, 0x0022, 0x0022, 0x0042, 0x0042, 0x0022, 0x0022, 0x0022, 0x0022, 0x0022, 0x1883,
  0x0022, 0x0022, 0x0043, 0x0043, 0x0023, 0x0023, 0x0022, 0x0022, 0x0022, 0x0023, 0x0022, 0x0021, 0x0021, 0x0022, 0x0022, 0x0022,
  0x1062, 0x1062, 0x0022, 0x0022, 0x0022, 0x0022, 0x0022, 0x0043, 0x0043, 0x0043, 0x0023, 0x18A4, 0x0043, 0x0043, 0x0043, 0x0022,
  0x0022, 0x0022, 0x0022, 0x0042, 0x0043, 0x0043, 0x0043, 0x08A7, 0x08C7, 0x0086, 0x0021, 0x0000, 0x0000, 0x0000, 0x0000, 0x0000,
  0x0044, 0x0064, 0x0064, 0x0085, 0x00A6, 0x08C8, 0x00A6, 0x0023, 0x0043, 0x0043, 0x0043, 0x0043, 0x0043, 0x0043, 0x0043, 0x0043,
  0x0043, 0x0043, 0x0043, 0x0043, 0x0043, 0x0043, 0x0043, 0x0043, 0x0043, 0x0043, 0x0043, 0x0043, 0x0043, 0x0043, 0x0043, 0x0043,
  0x0043, 0x0043, 0x0043, 0x0043, 0x0043, 0x0043, 0x0043, 0x0043, 0x0043, 0x0043, 0x0043, 0x0043, 0x0043, 0x0043, 0x0043, 0x0043,
  0x0043, 0x0023, 0x0043, 0x0043, 0x0043, 0x0043, 0x0023, 0x0022, 0x0023, 0x0023, 0x0023, 0x0043, 0x0043, 0x0043, 0x0043, 0x0022,
  0x0043, 0x0022, 0x0022, 0x0022, 0x0022, 0x0022, 0x0022, 0x0022, 0x0023, 0x0023, 0x0023, 0x0023, 0x0022, 0x0022, 0x0042, 0x30A2,
  0x0022, 0x0022, 0x0043, 0x0043, 0x0023, 0x0022, 0x0022, 0x0022, 0x0022, 0x0022, 0x0022, 0x0022, 0x0022, 0x0022, 0x0022, 0x0022,
  0x2082, 0x1862, 0x0842, 0x0022, 0x0022, 0x0022, 0x0022, 0x0022, 0x0043, 0x0043, 0x1882, 0x28A2, 0x0043, 0x0043, 0x0043, 0x0023,
  0x0023, 0x0043, 0x0022, 0x0064, 0x0043, 0x0043, 0x0064, 0x08C8, 0x08A7, 0x0086, 0x0043, 0x0820, 0x0000, 0x0000, 0x0000, 0x0000,
  0x0044, 0x0064, 0x0085, 0x0086, 0x08A7, 0x08C7, 0x0064, 0x0043, 0x0043, 0x0043, 0x0043, 0x0044, 0x0043, 0x0043, 0x0043, 0x0043,
  0x0043, 0x0043, 0x0043, 0x0043, 0x0043, 0x0043, 0x0043, 0x0043, 0x10A3, 0x7B47, 0x0022, 0x0043, 0x0043, 0x0043, 0x0043, 0x0043,
  0x0043, 0x0043, 0x0043, 0x0043, 0x0043, 0x0043, 0x0043, 0x0043, 0x0043, 0x0043, 0x0043, 0x0043, 0x0043, 0x0043, 0x0043, 0x0043,
  0x0043, 0x0043, 0x0043, 0x0043, 0x0043, 0x0043, 0x0043, 0x0043, 0x0043, 0x0043, 0x0043, 0x0023, 0x0042, 0x0022, 0x0042, 0x0043,
  0x0023, 0x0022, 0x0022, 0x0023, 0x0043, 0x0043, 0x0043, 0x0023, 0x0043, 0x0023, 0x0043, 0x0043, 0x0043, 0x0022, 0x0842, 0x1041,
  0x2061, 0x0022, 0x0043, 0x0043, 0x0021, 0x0022, 0x0022, 0x1862, 0x0841, 0x0022, 0x0001, 0x0001, 0x0001, 0x0021, 0x0021, 0x0021,
  0x2081, 0x0021, 0x0021, 0x0022, 0x0022, 0x0022, 0x0841, 0x1862, 0x0043, 0x1063, 0x1861, 0x0842, 0x0042, 0x0043, 0x0043, 0x0043,
  0x0023, 0x0023, 0x0023, 0x0043, 0x0043, 0x0043, 0x0043, 0x00A6, 0x08A7, 0x0085, 0x0085, 0x0022, 0x0000, 0x0000, 0x0000, 0x0000,
  0x0043, 0x0064, 0x0065, 0x00A7, 0x08E8, 0x08A6, 0x0043, 0x0043, 0x0064, 0x0043, 0x0043, 0x0043, 0x0043, 0x0043, 0x0043, 0x0043,
  0x0043, 0x0043, 0x0043, 0x0043, 0x0043, 0x0043, 0x0043, 0x0043, 0x18E3, 0x6242, 0x0042, 0x0043, 0x0043, 0x0043, 0x0043, 0x0043,
  0x0043, 0x0043, 0x0043, 0x0043, 0x0043, 0x0043, 0x0043, 0x0043, 0x0043, 0x0043, 0x0043, 0x0043, 0x0043, 0x0043, 0x0043, 0x0043,
  0x0043, 0x08C6, 0x0084, 0x0043, 0x0043, 0x0043, 0x0043, 0x0043, 0x0065, 0x0065, 0x0023, 0x0043, 0x0023, 0x0022, 0x0042, 0x0043,
  0x0043, 0x0022, 0x0043, 0x0043, 0x0043, 0x0043, 0x0043, 0x0043, 0x0043, 0x0043, 0x0043, 0x0043, 0x0043, 0x1063, 0x1862, 0x0001,
  0x1862, 0x20A2, 0x0043, 0x0022, 0x0001, 0x0022, 0x1063, 0x1882, 0x1041, 0x1862, 0x0001, 0x0001, 0x0001, 0x0001, 0x0001, 0x0001,
  0x0021, 0x1862, 0x0021, 0x0021, 0x0022, 0x0022, 0x1861, 0x0841, 0x0043, 0x1862, 0x0821, 0x1062, 0x28A2, 0x0043, 0x0044, 0x0043,
  0x0043, 0x0043, 0x0043, 0x0043, 0x0043, 0x0043, 0x0043, 0x0064, 0x08A6, 0x08A7, 0x0085, 0x0065, 0x0000, 0x0021, 0x0000, 0x0000,
  0x0043, 0x0043, 0x0064, 0x0086, 0x00A6, 0x0064, 0x0064, 0x0065, 0x0065, 0x0065, 0x0043, 0x0043, 0x0043, 0x0043, 0x0043, 0x0043,
  0x0043, 0x0043, 0x0043, 0x2125, 0x5AA8, 0x0043, 0x2126, 0x2145, 0x1081, 0x7B04, 0x0862, 0x3984, 0x0863, 0x0043, 0x5A88, 0x0043,
  0x0043, 0x0043, 0x0043, 0x0043, 0x0043, 0x0043, 0x0043, 0x0043, 0x0043, 0x0043, 0x0043, 0x0043, 0x0043, 0x0043, 0x0043, 0x0043,
  0x0043, 0x0043, 0x0043, 0x0043, 0x0043, 0x0043, 0x0043, 0x0065, 0x0085, 0x0086, 0x0086, 0x0043, 0x0043, 0x0023, 0x0023, 0x0023,
  0x0043, 0x0043, 0x0043, 0x0043, 0x0043, 0x0043, 0x0043, 0x0043, 0x0043, 0x0043, 0x0043, 0x0043, 0x0043, 0x28C3, 0x4923, 0x0821,
  0x38C2, 0x0842, 0x0043, 0x0022, 0x0022, 0x0022, 0x0021, 0x1841, 0x0021, 0x0021, 0x0001, 0x0001, 0x2082, 0x0021, 0x0001, 0x0021,
  0x1862, 0x1042, 0x1842, 0x0021, 0x0001, 0x0021, 0x1862, 0x0021, 0x0021, 0x0022, 0x0821, 0x28A2, 0x20A2, 0x0043, 0x0044, 0x0043,
  0x0043, 0x0043, 0x0043, 0x0043, 0x0043, 0x0043, 0x0043, 0x0043, 0x0064, 0x0022, 0x0000, 0x0000, 0x0000, 0x0000, 0x0000, 0x0000,
  0x0043, 0x0043, 0x0044, 0x0085, 0x0086, 0x0043, 0x0043, 0x0064, 0x0065, 0x0065, 0x0064, 0x0064, 0x0086, 0x0065, 0x0044, 0x0043,
  0x0043, 0x0043, 0x0043, 0x18C3, 0x51C2, 0x0842, 0x10A3, 0x10A4, 0x7282, 0xFDC6, 0x3921, 0x0863, 0x0043, 0x20E3, 0x59E2, 0x0043,
  0x0043, 0x0043, 0x0043, 0x0043, 0x0043, 0x0043, 0x0043, 0x0043, 0x0043, 0x0043, 0x0043, 0x0043, 0x0043, 0x0043, 0x0043, 0x0043,
  0x0043, 0x0043, 0x0043, 0x0043, 0x0043, 0x0044, 0x0065, 0x0065, 0x0065, 0x0086, 0x00A7, 0x0064, 0x0065, 0x0043, 0x0043, 0x0043,
  0x0043, 0x0043, 0x0043, 0x0043, 0x0043, 0x0043, 0x0043, 0x0043, 0x0043, 0x0043, 0x0043, 0x0043, 0x0043, 0x0043, 0x4123, 0x38C1,
  0x1041, 0x0022, 0x0043, 0x0022, 0x0001, 0x0021, 0x0001, 0x1861, 0x1862, 0x0821, 0x0001, 0x0001, 0x30A2, 0x1862, 0x0001, 0x0021,
  0x30A2, 0x0841, 0x1862, 0x0821, 0x0001, 0x1042, 0x1062, 0x0842, 0x0001, 0x1042, 0x0021, 0x28A2, 0x0043, 0x0044, 0x0044, 0x0044,
  0x0043, 0x0043, 0x0043, 0x0065, 0x08A7, 0x0086, 0x0044, 0x0044, 0x0043, 0x1041, 0x0000, 0x0000, 0x0000, 0x0000, 0x0000, 0x0000,
  0x0043, 0x0043, 0x0043, 0x0044, 0x0065, 0x0043, 0x0043, 0x0043, 0x0043, 0x0044, 0x0065, 0x0065, 0x0086, 0x0086, 0x08C7, 0x0064,
  0x0043, 0x0043, 0x0043, 0x0043, 0x62A5, 0x6AA4, 0x0042, 0x20C1, 0xE4E3, 0xFE08, 0xA321, 0x0021, 0x0861, 0xBC65, 0x2923, 0x0043,
  0x0043, 0x0043, 0x0043, 0x0043, 0x0043, 0x0043, 0x0043, 0x0043, 0x0043, 0x0043, 0x0043, 0x0043, 0x0043, 0x0043, 0x0043, 0x0043,
  0x0043, 0x0043, 0x0043, 0x0043, 0x0043, 0x0044, 0x0044, 0x0065, 0x0085, 0x0086, 0x0065, 0x0065, 0x0065, 0x0043, 0x0043, 0x0043,
  0x0043, 0x0043, 0x0043, 0x0043, 0x0043, 0x0043, 0x0043, 0x0043, 0x0043, 0x0043, 0x0043, 0x0043, 0x0043, 0x0043, 0x0043, 0x8203,
  0x2061, 0x0821, 0x0022, 0x0822, 0x0021, 0x0001, 0x0021, 0x28A2, 0x1862, 0x1861, 0x0001, 0x1041, 0x28A2, 0x2882, 0x1042, 0x0021,
  0x2082, 0x0842, 0x0842, 0x0841, 0x0821, 0x2082, 0x0021, 0x1862, 0x0021, 0x1042, 0x0021, 0x2082, 0x0043, 0x0044, 0x0044, 0x0044,
  0x0043, 0x0043, 0x0085, 0x08E9, 0x08E8, 0x08C7, 0x0086, 0x0064, 0x0064, 0x1041, 0x0000, 0x0000, 0x0000, 0x0000, 0x0000, 0x0000,
  0x0043, 0x0043, 0x0043, 0x0044, 0x0043, 0x0043, 0x0043, 0x0043, 0x0043, 0x0043, 0x0044, 0x0064, 0x0044, 0x0086, 0x08C7, 0x00A6,
  0x0043, 0x0043, 0x0043, 0x0043, 0x3942, 0xF503, 0x6A83, 0xA321, 0xFD64, 0xC4E7, 0xFCE2, 0x69C0, 0xBC25, 0xBBA1, 0x0022, 0x0043,
  0x0043, 0x0043, 0x0064, 0x0043, 0x0043, 0x0043, 0x0043, 0x0043, 0x0043, 0x0043, 0x0043, 0x0043, 0x0043, 0x0043, 0x0043, 0x0043,
  0x0043, 0x0043, 0x0043, 0x0043, 0x0043, 0x0043, 0x0043, 0x0043, 0x0065, 0x0065, 0x0043, 0x0043, 0x0043, 0x0043, 0x0043, 0x0043,
  0x10E7, 0x0043, 0x0043, 0x0043, 0x0043, 0x0043, 0x0043, 0x0043, 0x0043, 0x0043, 0x0043, 0x0043, 0x0043, 0x0043, 0x0043, 0x6182,
  0x38C2, 0x1841, 0x0821, 0x2082, 0x2082, 0x0001, 0x0821, 0x38C2, 0x0841, 0x28A2, 0x0821, 0x2061, 0x1862, 0x1041, 0x1862, 0x0021,
  0x1861, 0x0821, 0x0021, 0x1862, 0x1041, 0x1042, 0x0001, 0x1041, 0x0821, 0x1042, 0x1862, 0x0021, 0x0044, 0x0044, 0x0044, 0x0044,
  0x0064, 0x00A6, 0x112A, 0x0909, 0x08A7, 0x08C7, 0x0086, 0x00A6, 0x00A7, 0x20C3, 0x1840, 0x1840, 0x0000, 0x0821, 0x0000, 0x0000,
  0x0043, 0x0043, 0x0044, 0x0044, 0x0043, 0x0043, 0x0043, 0x0043, 0x0043, 0x0043, 0x0043, 0x0043, 0x0043, 0x0044, 0x0044, 0x0064,
  0x0044, 0x29EB, 0x1128, 0x0044, 0x0841, 0xB3C2, 0xE442, 0xF4C2, 0xBC64, 0x20E2, 0xD442, 0xE3E0, 0xE402, 0x71E0, 0x0022, 0x0043,
  0x0043, 0x52CC, 0x0043, 0x0043, 0x0043, 0x0043, 0x0043, 0x0043, 0x0043, 0x0043, 0x0043, 0x0043, 0x0023, 0x0023, 0x0043, 0x0043,
  0x0043, 0x0043, 0x0043, 0x0043, 0x0043, 0x0043, 0x0043, 0x0043, 0x0043, 0x0043, 0x0043, 0x0043, 0x0043, 0x0043, 0x0043, 0x0043,
  0x0043, 0x0043, 0x0043, 0x0044, 0x0043, 0x0043, 0x0044, 0x0043, 0x0044, 0x0043, 0x0043, 0x0043, 0x0043, 0x0043, 0x0842, 0x79E3,
  0x30A1, 0x38C1, 0x1041, 0x2882, 0x38C2, 0x1041, 0x0821, 0x30A2, 0x0842, 0x1861, 0x1861, 0x1861, 0x0821, 0x0021, 0x1861, 0x0001,
  0x1862, 0x0841, 0x1862, 0x0842, 0x0842, 0x0822, 0x0821, 0x0821, 0x0021, 0x0021, 0x1042, 0x0022, 0x0044, 0x0044, 0x0044, 0x0044,
  0x0086, 0x112A, 0x114A, 0x08C8, 0x08A7, 0x00A6, 0x0086, 0x08A7, 0x08A6, 0x0085, 0x1083, 0x1040, 0x0000, 0x0000, 0x0000, 0x0000,
  0x0043, 0x0043, 0x0043, 0x0043, 0x0043, 0x0043, 0x0043, 0x0043, 0x0043, 0x0043, 0x0043, 0x0043, 0x0043, 0x0043, 0x0043, 0x0043,
  0x0044, 0x0044, 0x0885, 0x0884, 0x0042, 0x9AC0, 0x9A40, 0xA301, 0xA3A4, 0x49C2, 0xA300, 0x9A60, 0xC320, 0x28C1, 0x0023, 0x10E6,
  0x0043, 0x0022, 0x0043, 0x0043, 0x0043, 0x0043, 0x0043, 0x0043, 0x0043, 0x0043, 0x0043, 0x0043, 0x0023, 0x0023, 0x0043, 0x0043,
  0x0043, 0x0043, 0x0043, 0x0043, 0x0043, 0x0043, 0x0043, 0x0043, 0x0043, 0x0043, 0x0043, 0x0043, 0x0043, 0x0043, 0x0043, 0x0043,
  0x0043, 0x0043, 0x0043, 0x0064, 0x0043, 0x0044, 0x0044, 0x0044, 0x0043, 0x0044, 0x0044, 0x0043, 0x0044, 0x0044, 0x28A2, 0x7162,
  0x3881, 0x2081, 0x4102, 0x1861, 0x1041, 0x30A2, 0x1041, 0x38C2, 0x0821, 0x1042, 0x2062, 0x1041, 0x1041, 0x0841, 0x1862, 0x2082,
  0x2082, 0x2082, 0x1041, 0x1042, 0x1042, 0x1062, 0x0821, 0x1042, 0x1062, 0x0821, 0x1042, 0x0022, 0x0064, 0x0064, 0x0044, 0x0064,
  0x0909, 0x112A, 0x08E8, 0x08E8, 0x00A6, 0x0086, 0x0086, 0x0086, 0x0065, 0x0065, 0x0065, 0x0021, 0x0000, 0x0000, 0x0000, 0x0000,
  0x0043, 0x0043, 0x0043, 0x0043, 0x0043, 0x0043, 0x0043, 0x0043, 0x0043, 0x49E5, 0x3963, 0x82E4, 0x8304, 0x8305, 0x8304, 0x8304,
  0x8304, 0x8304, 0x5204, 0x5205, 0x0022, 0x3920, 0x9343, 0xA3E5, 0xB3E4, 0xB445, 0xAB82, 0xA301, 0x7A00, 0x1040, 0x2167, 0x4206,
  0x7B05, 0x8305, 0x8304, 0x8305, 0x8305, 0x8325, 0x8325, 0x8325, 0x8305, 0x8304, 0x82E4, 0x2903, 0x49E4, 0x0043, 0x0043, 0x0043,
  0x0043, 0x0043, 0x0043, 0x0043, 0x0043, 0x0043, 0x0043, 0x0043, 0x0043, 0x0043, 0x0043, 0x0043, 0x0043, 0x0043, 0x0043, 0x0043,
  0x0043, 0x0044, 0x0064, 0x0064, 0x0064, 0x0064, 0x0065, 0x0064, 0x0044, 0x0064, 0x0064, 0x0044, 0x0044, 0x0044, 0x7A23, 0x8021,
  0x4821, 0x40C1, 0x2081, 0x38C2, 0x0000, 0x2881, 0x1041, 0x2061, 0x2082, 0x1041, 0x28A2, 0x28A2, 0x2882, 0x1041, 0x1862, 0x1041,
  0x0001, 0x0001, 0x0021, 0x0001, 0x0841, 0x0021, 0x0001, 0x0001, 0x0001, 0x0821, 0x1862, 0x0022, 0x0064, 0x0064, 0x0064, 0x0064,
  0x08C8, 0x114B, 0x08E8, 0x08C8, 0x00A6, 0x08A6, 0x0086, 0x0065, 0x0085, 0x0065, 0x0064, 0x0021, 0x0000, 0x0000, 0x0000, 0x0000,
  0x0043, 0x0043, 0x0043, 0x0043, 0x0043, 0x0043, 0x0043, 0x0043, 0x0043, 0x6A44, 0x0861, 0x1881, 0x1881, 0x1881, 0x1881, 0x1081,
  0x1081, 0x1881, 0x1061, 0x20C2, 0x0021, 0x1040, 0x1880, 0x1080, 0x1060, 0x1060, 0x1060, 0x1060, 0x1860, 0x0020, 0x08A4, 0x0841,
  0x1881, 0x1881, 0x1881, 0x1081, 0x18A1, 0x18A1, 0x1881, 0x1881, 0x1881, 0x18A1, 0x18A1, 0x2922, 0x4184, 0x0043, 0x0043, 0x0043,
  0x0043, 0x0043, 0x0043, 0x0043, 0x0043, 0x0043, 0x0043, 0x0043, 0x0043, 0x0043, 0x0043, 0x0043, 0x0043, 0x0043, 0x0044, 0x0044,
  0x0044, 0x0064, 0x0065, 0x0065, 0x0065, 0x0065, 0x0065, 0x0065, 0x0065, 0x0065, 0x0064, 0x0064, 0x0044, 0x0064, 0xA346, 0xCAC5,
  0x7821, 0x4080, 0x2060, 0x40E1, 0x1021, 0x2882, 0x2882, 0x1041, 0x2882, 0x2882, 0x2062, 0x0821, 0x1041, 0x1041, 0x1862, 0x1862,
  0x2882, 0x2882, 0x2062, 0x1862, 0x1862, 0x1862, 0x1042, 0x1862, 0x0841, 0x0821, 0x0022, 0x0043, 0x0065, 0x0065, 0x0065, 0x0065,
  0x0085, 0x1109, 0x1129, 0x08A7, 0x00A6, 0x08A6, 0x0085, 0x0086, 0x0065, 0x0064, 0x0064, 0x1042, 0x0000, 0x0000, 0x0000, 0x0000,
  0x0043, 0x0043, 0x0043, 0x0043, 0x0043, 0x0043, 0x0043, 0x0043, 0x0043, 0x0043, 0x0043, 0x0022, 0x0841, 0x0840, 0x0841, 0x0021,
  0x0001, 0x0001, 0x0001, 0x0000, 0x0020, 0x0820, 0x0840, 0x0820, 0x0000, 0x0000, 0x0000, 0x0000, 0x0000, 0x0840, 0x0840, 0x0840,
  0x0020, 0x0000, 0x0000, 0x0840, 0x0841, 0x0840, 0x0840, 0x0840, 0x0840, 0x0840, 0x0021, 0x0042, 0x0042, 0x0023, 0x0043, 0x0043,
  0x0043, 0x0043, 0x0043, 0x0043, 0x0043, 0x0043, 0x0043, 0x0043, 0x0043, 0x0043, 0x0043, 0x0043, 0x0064, 0x0043, 0x0064, 0x0064,
  0x0064, 0x0065, 0x0065, 0x0065, 0x0086, 0x0065, 0x0065, 0x0065, 0x0065, 0x0065, 0x0065, 0x0065, 0x0064, 0x0064, 0x7A44, 0xB963,
  0x8041, 0x50C1, 0x28A1, 0x40E1, 0x0821, 0x2882, 0x2882, 0x1841, 0x0821, 0x1062, 0x2062, 0x28A2, 0x2882, 0x28A2, 0x30A2, 0x2882,
  0x1042, 0x1041, 0x0821, 0x0021, 0x0001, 0x0001, 0x0021, 0x0821, 0x0821, 0x1042, 0x1862, 0x0842, 0x0064, 0x0065, 0x0065, 0x0086,
  0x0085, 0x00A6, 0x0909, 0x08E8, 0x00A7, 0x08A6, 0x08A7, 0x0065, 0x0086, 0x0044, 0x0044, 0x0862, 0x0000, 0x0000, 0x0000, 0x0000,
  0x0043, 0x0043, 0x0043, 0x0043, 0x0043, 0x0043, 0x0043, 0x0043, 0x0043, 0x0043, 0x0043, 0x0021, 0x9C48, 0xF62B, 0xEDEA, 0x5A64,
  0x0001, 0x0001, 0x0001, 0x0000, 0x6AE5, 0xF66C, 0xF62A, 0xF62A, 0x8365, 0x0020, 0x0000, 0x0000, 0x6AE5, 0xF64B, 0xF64A, 0xF64A,
  0x8B85, 0x0020, 0x0841, 0xF68D, 0xF64B, 0xF66B, 0xFEAE, 0xF66C, 0xF64B, 0xE60C, 0x0021, 0x0043, 0x0043, 0x0043, 0x0043, 0x0043,
  0x0043, 0x0043, 0x0043, 0x0043, 0x0043, 0x0043, 0x0043, 0x0043, 0x0043, 0x0043, 0x0043, 0x0044, 0x0086, 0x0064, 0x0064, 0x0064,
  0x0065, 0x0085, 0x0086, 0x00A6, 0x00A6, 0x0086, 0x00A6, 0x0085, 0x0085, 0x0086, 0x0065, 0x0065, 0x0065, 0x0064, 0x1084, 0xC2E3,
  0x7041, 0x7181, 0x28A0, 0x30A1, 0x1041, 0x1041, 0x0821, 0x2882, 0x2882, 0x28A2, 0x30C2, 0x30A2, 0x2082, 0x1042, 0x0021, 0x0021,
  0x0021, 0x0001, 0x0001, 0x0001, 0x0001, 0x0001, 0x0001, 0x0001, 0x0001, 0x0021, 0x0021, 0x0821, 0x0065, 0x00A6, 0x08E8, 0x00A7,
  0x00A7, 0x0086, 0x08C8, 0x08C8, 0x08C7, 0x08E8, 0x00A6, 0x0086, 0x0064, 0x0064, 0x0044, 0x1062, 0x0000, 0x0000, 0x0000, 0x0000,
  0x0043, 0x0043, 0x0043, 0x0043, 0x0064, 0x08C7, 0x0043, 0x0043, 0x0043, 0x0043, 0x0043, 0x0022, 0x2102, 0xFDE8, 0xD4A4, 0x0000,
  0x0021, 0x0021, 0x0001, 0x5A84, 0xED87, 0xF565, 0x6A62, 0xCCC6, 0xFE08, 0x7305, 0x0000, 0x6263, 0xF5E9, 0xD4A4, 0x6263, 0xA383,
  0xF525, 0x7B04, 0x0840, 0xCCC5, 0x6263, 0xBC65, 0xFE29, 0x9384, 0x7262, 0xD4E7, 0x0021, 0x0043, 0x0043, 0x0043, 0x0043, 0x0043,
  0x0043, 0x0043, 0x0043, 0x0043, 0x0043, 0x0043, 0x0043, 0x0043, 0x0043, 0x0043, 0x0043, 0x0043, 0x0064, 0x0064, 0x0065, 0x0065,
  0x0086, 0x00A6, 0x00A7, 0x00A7, 0x00C7, 0x00C7, 0x08C8, 0x00A7, 0x00A6, 0x00C7, 0x0086, 0x0086, 0x0086, 0x0065, 0x0085, 0x9AE4,
  0x8202, 0x9A82, 0x1860, 0x1041, 0x2882, 0x1862, 0x2882, 0x38C2, 0x30A2, 0x1861, 0x1041, 0x0021, 0x0001, 0x0001, 0x0001, 0x0001,
  0x0001, 0x0001, 0x0001, 0x0001, 0x0001, 0x0001, 0x0001, 0x0001, 0x0001, 0x0001, 0x0021, 0x0022, 0x0086, 0x08E9, 0x08E9, 0x08E8,
  0x08C8, 0x08A7, 0x0086, 0x08C7, 0x1109, 0x08C7, 0x0086, 0x0085, 0x0085, 0x0064, 0x0043, 0x1083, 0x0000, 0x0000, 0x0000, 0x0000,
  0x0043, 0x0043, 0x0043, 0x0043, 0x0043, 0x0043, 0x0043, 0x0043, 0x0043, 0x0043, 0x0043, 0x0043, 0x2124, 0xFE29, 0xD4A4, 0x0001,
  0x0021, 0x0021, 0x0021, 0x93E6, 0xFD85, 0x6242, 0x0000, 0x3962, 0xFD85, 0xB467, 0x0000, 0x9BC4, 0xFD65, 0x3941, 0x0000, 0x0820,
  0xAB62, 0x7AA2, 0x0820, 0x20A0, 0x0001, 0x9429, 0xFD65, 0x5A22, 0x0021, 0x5960, 0x0021, 0x0043, 0x0043, 0x0043, 0x0043, 0x0043,
  0x0043, 0x0043, 0x0043, 0x0043, 0x0043, 0x0043, 0x0043, 0x0043, 0x0043, 0x0043, 0x0043, 0x0064, 0x0065, 0x0064, 0x0085, 0x0086,
  0x00A7, 0x00C7, 0x08E8, 0x0908, 0x0909, 0x0909, 0x0909, 0x0908, 0x00C7, 0x00C7, 0x00A7, 0x0086, 0x0085, 0x0085, 0x0085, 0x20C4,
  0xC3A4, 0x40E1, 0x1020, 0x28A2, 0x2082, 0x2082, 0x1861, 0x0021, 0x0021, 0x0001, 0x0001, 0x0001, 0x0001, 0x0001, 0x0001, 0x0001,
  0x0001, 0x0001, 0x0001, 0x0001, 0x0001, 0x0001, 0x0001, 0x0021, 0x0021, 0x0021, 0x0001, 0x0043, 0x00C7, 0x0909, 0x0909, 0x08E8,
  0x00C8, 0x00A7, 0x08C8, 0x114B, 0x1109, 0x08C7, 0x00A6, 0x0064, 0x0064, 0x0065, 0x0065, 0x18A4, 0x0000, 0x0000, 0x0000, 0x0000,
  0x0064, 0x0043, 0x0043, 0x0043, 0x0043, 0x0043, 0x0043, 0x0043, 0x0043, 0x0043, 0x0043, 0x0043, 0x2123, 0xFDA6, 0xD464, 0x0001,
  0x0021, 0x0021, 0x0021, 0x93C5, 0xFD64, 0x5A02, 0x0000, 0x3121, 0xFD65, 0xB425, 0x0000, 0x9B63, 0xFD24, 0x8B02, 0x0020, 0x0000,
  0x0000, 0x0000, 0x0000, 0x0001, 0x0001, 0x93C6, 0xFD44, 0x59E2, 0x0022, 0x0022, 0x0022, 0x0043, 0x0043, 0x0043, 0x0043, 0x0043,
  0x0043, 0x0043, 0x0043, 0x0043, 0x0043, 0x0043, 0x0043, 0x0043, 0x0043, 0x0064, 0x0065, 0x0064, 0x0065, 0x0085, 0x00A6, 0x00A7,
  0x00C7, 0x0909, 0x0929, 0x116A, 0x118B, 0x116B, 0x116B, 0x114A, 0x092A, 0x08E8, 0x08C8, 0x00A7, 0x00A6, 0x0085, 0x0085, 0x0022,
  0x3101, 0x4942, 0x48E1, 0x48E2, 0x1861, 0x0821, 0x0022, 0x0042, 0x0043, 0x0022, 0x0001, 0x0001, 0x0001, 0x0001, 0x0021, 0x0001,
  0x0021, 0x0001, 0x0001, 0x0001, 0x0001, 0x0001, 0x0001, 0x0021, 0x0001, 0x0021, 0x0001, 0x0021, 0x0043, 0x08C8, 0x08E8, 0x0065,
  0x08E8, 0x00C7, 0x112A, 0x114B, 0x08E8, 0x08A7, 0x0065, 0x0044, 0x0065, 0x0085, 0x0044, 0x18C4, 0x0000, 0x0000, 0x0000, 0x0000,
  0x08E8, 0x08E8, 0x0065, 0x0043, 0x0043, 0x0043, 0x0043, 0x0043, 0x0043, 0x0043, 0x0043, 0x0043, 0x20E1, 0xF4C3, 0xCC23, 0x0001,
  0x0021, 0x0021, 0x0021, 0x9342, 0xF4E3, 0x59E1, 0x0000, 0x3101, 0xF4E3, 0xB3C3, 0x0000, 0x0840, 0xB382, 0xF4A3, 0xED04, 0xECC4,
  0x7A81, 0x0020, 0x0001, 0x0001, 0x0000, 0x9343, 0xF4C2, 0x59C1, 0x0022, 0x0042, 0x0043, 0x0043, 0x0043, 0x0043, 0x0043, 0x0043,
  0x0043, 0x0043, 0x0043, 0x0043, 0x0064, 0x08E8, 0x1129, 0x08A6, 0x0044, 0x0044, 0x0065, 0x0065, 0x0085, 0x00A6, 0x00C7, 0x08E8,
  0x0929, 0x116B, 0x19AC, 0x2A4E, 0x4B10, 0x4B10, 0x3AAF, 0x19AC, 0x116B, 0x114A, 0x0909, 0x08E8, 0x0085, 0x0065, 0x0021, 0x0001,
  0x6A03, 0xB324, 0x81C1, 0x0841, 0x0022, 0x0043, 0x0043, 0x0022, 0x0043, 0x0043, 0x0021, 0x0001, 0x0001, 0x0001, 0x0001, 0x0021,
  0x0001, 0x0001, 0x0001, 0x0001, 0x0001, 0x0001, 0x0001, 0x0021, 0x0021, 0x0001, 0x0001, 0x0001, 0x0001, 0x0022, 0x0085, 0x0064,
  0x0909, 0x114B, 0x114B, 0x08E9, 0x08C8, 0x08C7, 0x0065, 0x0043, 0x0064, 0x0064, 0x0044, 0x20C4, 0x0000, 0x0000, 0x0000, 0x0000,
  0x08C8, 0x0909, 0x08E8, 0x0064, 0x0043, 0x0043, 0x0043, 0x0044, 0x0044, 0x0043, 0x0043, 0x0043, 0x20C1, 0xF462, 0xCB81, 0x0001,
  0x0022, 0x0022, 0x0021, 0x92E1, 0xF462, 0x59C1, 0x0000, 0x3100, 0xF482, 0xB342, 0x0000, 0x0001, 0x0000, 0x5980, 0x61E1, 0xDC02,
  0xF482, 0x7A61, 0x0000, 0x0001, 0x0000, 0x92E2, 0xF442, 0x5181, 0x0022, 0x0043, 0x0043, 0x0043, 0x0043, 0x0043, 0x0043, 0x0043,
  0x0043, 0x0043, 0x0043, 0x0064, 0x00A6, 0x08C8, 0x08E8, 0x112A, 0x08C7, 0x0044, 0x0064, 0x0085, 0x00A6, 0x00A7, 0x08C8, 0x0909,
  0x114A, 0x19AC, 0x6BF2, 0xADB7, 0xCE9A, 0xADF9, 0x84D7, 0x4B53, 0x21ED, 0x118C, 0x094A, 0x0909, 0x0085, 0x0064, 0x0023, 0x0042,
  0x8AE4, 0xB344, 0x2081, 0x1863, 0x1063, 0x0843, 0x0022, 0x0001, 0x0021, 0x0022, 0x0022, 0x0001, 0x0001, 0x0001, 0x0001, 0x0001,
  0x0001, 0x0001, 0x0021, 0x0021, 0x0001, 0x0001, 0x0001, 0x0001, 0x0001, 0x0001, 0x0021, 0x0001, 0x0001, 0x0001, 0x0043, 0x08E8,
  0x092A, 0x114A, 0x0909, 0x08E8, 0x08C8, 0x00A6, 0x0044, 0x0043, 0x0044, 0x0044, 0x0044, 0x20C4, 0x0000, 0x0000, 0x0000, 0x0000,
  0x08C7, 0x08C8, 0x112A, 0x08E8, 0x0064, 0x0044, 0x0044, 0x0044, 0x0044, 0x0044, 0x0043, 0x0043, 0x20C2, 0xEBC1, 0xC361, 0x0001,
  0x0022, 0x0861, 0x1881, 0x92C1, 0xEC22, 0x59A0, 0x0000, 0x3100, 0xF462, 0xAB21, 0x0000, 0x3142, 0x4981, 0x0020, 0x0000, 0x3100,
  0xF483, 0xBB82, 0x0000, 0x0001, 0x0000, 0x92A1, 0xEC01, 0x5160, 0x0022, 0x0043, 0x0043, 0x0043, 0x0043, 0x0043, 0x0043, 0x0043,
  0x0065, 0x0065, 0x0043, 0x0086, 0x0086, 0x00A6, 0x08C7, 0x1129, 0x116B, 0x0085, 0x0065, 0x0086, 0x00A7, 0x00C7, 0x0929, 0x114A,
  0x220D, 0x9D56, 0xC699, 0xCEBA, 0xA5B8, 0x6C76, 0x53B4, 0x53B4, 0x4B53, 0x220E, 0x116B, 0x0929, 0x08E8, 0x00C8, 0x00A7, 0x00C7,
  0x0862, 0x38E2, 0x2884, 0x1863, 0x1063, 0x0022, 0x0001, 0x0001, 0x0001, 0x0022, 0x0843, 0x0022, 0x0001, 0x0001, 0x0001, 0x0001,
  0x0001, 0x0022, 0x0843, 0x0043, 0x0021, 0x0001, 0x0001, 0x0001, 0x0001, 0x0001, 0x0021, 0x0021, 0x0021, 0x0086, 0x08E9, 0x092A,
  0x0909, 0x00A6, 0x08E8, 0x08C8, 0x0085, 0x0065, 0x0044, 0x0044, 0x0043, 0x0043, 0x0043, 0x20E4, 0x0000, 0x0000, 0x0000, 0x0000,
  0x0086, 0x08C7, 0x08E8, 0x114A, 0x0065, 0x0044, 0x0064, 0x0085, 0x0044, 0x0044, 0x0044, 0x0044, 0x20A1, 0xEBC1, 0xC361, 0x0820,
  0x0841, 0x92C2, 0x61E1, 0x92A1, 0xEC22, 0xAB01, 0x1860, 0x8261, 0xEC42, 0xAB21, 0x0000, 0x9B23, 0xF462, 0x7A41, 0x1880, 0x8AA2,
  0xEC22, 0xB341, 0x0000, 0x0001, 0x0000, 0x8A61, 0xEBE1, 0x5160, 0x0022, 0x0043, 0x0043, 0x0043, 0x0043, 0x0043, 0x0043, 0x0064,
  0x0065, 0x00A6, 0x0085, 0x0085, 0x0065, 0x0086, 0x08A7, 0x08E8, 0x114A, 0x0064, 0x0085, 0x00A6, 0x00C7, 0x08E8, 0x094A, 0x116B,
  0x5B71, 0xD6BA, 0xB619, 0xADD8, 0x6436, 0x4B74, 0x3AF2, 0x4332, 0x3AF1, 0x4332, 0x19AC, 0x094A, 0x0909, 0x08C8, 0x08C8, 0x00A6,
  0x0021, 0x30C4, 0x30A5, 0x0843, 0x0022, 0x0001, 0x0001, 0x1022, 0x0822, 0x0022, 0x0843, 0x0843, 0x0021, 0x0001, 0x0001, 0x0001,
  0x0021, 0x0043, 0x0001, 0x0001, 0x0022, 0x0001, 0x0001, 0x0001, 0x0001, 0x0001, 0x0001, 0x0021, 0x0021, 0x0022, 0x0064, 0x08A7,
  0x08C8, 0x0065, 0x08C8, 0x0086, 0x0064, 0x0065, 0x0044, 0x0043, 0x0043, 0x0043, 0x0044, 0x20E5, 0x0000, 0x0000, 0x0000, 0x0000,
  0x0086, 0x0086, 0x08E9, 0x0909, 0x0064, 0x0085, 0x08C7, 0x00A6, 0x0064, 0x0064, 0x0044, 0x0043, 0x5A23, 0xF463, 0xF462, 0xF482,
  0xEC62, 0xEC22, 0x61C1, 0x0020, 0xAAE1, 0xEC42, 0xF462, 0xEC42, 0xC381, 0x1040, 0x0001, 0x0840, 0xBB41, 0xEC21, 0xF462, 0xEC22,
  0xC341, 0x1060, 0x0001, 0x0001, 0x1880, 0xB3E4, 0xF442, 0x8281, 0x0042, 0x0043, 0x0043, 0x0043, 0x0043, 0x0043, 0x0043, 0x0043,
  0x0064, 0x0065, 0x0086, 0x0085, 0x0065, 0x0065, 0x0085, 0x08E8, 0x1109, 0x112A, 0x114A, 0x00A6, 0x08C7, 0x0908, 0x116A, 0x19AC,
  0xADF8, 0xB639, 0xBE7A, 0x7C96, 0x53B4, 0x3AF2, 0x3290, 0x2A90, 0x3B32, 0x32B1, 0x3290, 0x116B, 0x0909, 0x0909, 0x08C8, 0x0043,
  0x1882, 0x4105, 0x1863, 0x0022, 0x0001, 0x1001, 0x5881, 0x3841, 0x0001, 0x0843, 0x0843, 0x0843, 0x0043, 0x0001, 0x0001, 0x0001,
  0x0022, 0x0021, 0x0021, 0x0022, 0x0022, 0x0001, 0x0001, 0x0001, 0x0001, 0x0001, 0x0001, 0x0001, 0x0021, 0x0021, 0x0021, 0x0022,
  0x0022, 0x0044, 0x08A6, 0x00A7, 0x0064, 0x0044, 0x0044, 0x0043, 0x0044, 0x0085, 0x0086, 0x18C4, 0x0000, 0x0000, 0x0000, 0x0000,
  0x0085, 0x08A6, 0x08C8, 0x00C7, 0x0086, 0x08C8, 0x00A6, 0x0086, 0x0085, 0x0065, 0x0044, 0x0022, 0x5A02, 0x6A01, 0x6A01, 0x6A01,
  0x61E1, 0x69E1, 0x28C0, 0x0022, 0x1061, 0x6A01, 0x61E1, 0x61C1, 0x20A0, 0x0021, 0x0021, 0x0021, 0x1880, 0x6A01, 0x69E1, 0x61E1,
  0x20A0, 0x0000, 0x0021, 0x0021, 0x20C0, 0x6A01, 0x61E1, 0x61E1, 0x0021, 0x0043, 0x0043, 0x0043, 0x0043, 0x0043, 0x0043, 0x0043,
  0x0043, 0x0044, 0x0064, 0x0085, 0x0064, 0x0065, 0x0065, 0x00A6, 0x08E8, 0x112A, 0x114A, 0x1129, 0x00E8, 0x0908, 0x116B, 0x19CC,
  0xC679, 0x9D98, 0xD6DA, 0x84F7, 0x53B5, 0x4B73, 0x4353, 0x2A70, 0x32B1, 0x2A70, 0x3AF1, 0x116B, 0x094A, 0x08E8, 0x08E8, 0x00A6,
  0x1062, 0x4105, 0x0022, 0x0001, 0x0801, 0x8943, 0xEA24, 0x6082, 0x0822, 0x1064, 0x0864, 0x0843, 0x0042, 0x0001, 0x0001, 0x0001,
  0x0021, 0x0022, 0x0001, 0x0022, 0x0022, 0x0001, 0x0001, 0x0001, 0x0001, 0x0001, 0x0001, 0x0001, 0x0021, 0x0021, 0x0021, 0x0022,
  0x0022, 0x0001, 0x08A6, 0x00A6, 0x0043, 0x0044, 0x0044, 0x0043, 0x08A7, 0x08C7, 0x08A7, 0x0862, 0x0000, 0x0000, 0x0000, 0x0000,
  0x0065, 0x0065, 0x08A7, 0x00A7, 0x08C8, 0x08A7, 0x0085, 0x0085, 0x0065, 0x0064, 0x31C8, 0x31A7, 0x3186, 0x1925, 0x0022, 0x0042,
  0x31A7, 0x3186, 0x31A7, 0x31A7, 0x31C7, 0x10C4, 0x0042, 0x0022, 0x0022, 0x2946, 0x31A7, 0x31A7, 0x18E4, 0x0022, 0x2125, 0x31A6,
  0x31A6, 0x0022, 0x0021, 0x0021, 0x2966, 0x3186, 0x3186, 0x18E4, 0x31A7, 0x31A7, 0x0043, 0x0863, 0x31A8, 0x31A8, 0x2987, 0x0043,
  0x0043, 0x0064, 0x0044, 0x0064, 0x0065, 0x0043, 0x0065, 0x0086, 0x08A7, 0x08C7, 0x1129, 0x198C, 0x114A, 0x114A, 0x118C, 0x19AC,
  0xD6DA, 0x9558, 0x9578, 0xC699, 0x6C55, 0x7CD7, 0x6436, 0x3AF2, 0x3AF2, 0x3AD2, 0x3AF2, 0x116B, 0x114A, 0x0909, 0x08C7, 0x08C7,
  0x08C7, 0x20A3, 0x1063, 0x0001, 0x1801, 0xB1C4, 0xA122, 0x1022, 0x2064, 0x1064, 0x0864, 0x0843, 0x0022, 0x0021, 0x0001, 0x0001,
  0x0022, 0x0022, 0x0001, 0x0042, 0x0022, 0x0001, 0x0001, 0x0001, 0x0001, 0x0001, 0x0001, 0x0001, 0x0021, 0x0001, 0x0021, 0x0021,
  0x0064, 0x0064, 0x0044, 0x0043, 0x0064, 0x08C8, 0x08A7, 0x00A6, 0x08E8, 0x08A7, 0x0086, 0x0021, 0x0000, 0x0000, 0x0021, 0x0000,
  0x0064, 0x0065, 0x00A6, 0x00A6, 0x0086, 0x0086, 0x0085, 0x0064, 0x0043, 0x5AEC, 0xDF1B, 0xDF1B, 0xDF1B, 0xB5D6, 0x2146, 0x0883,
  0xAD75, 0xE73B, 0xE73C, 0xDF3B, 0xE73C, 0x9D13, 0x0063, 0x0043, 0x39E8, 0xCE78, 0xE73B, 0xDF3B, 0xAD75, 0x10A3, 0x6B6D, 0xE75C,
  0xB5B6, 0x0043, 0x0043, 0x0022, 0x9D13, 0xE75C, 0x9492, 0x39E7, 0xDEFA, 0xD6DA, 0x0042, 0x10C5, 0xB5D6, 0xDF1B, 0x7BCF, 0x0044,
  0x0044, 0x0064, 0x0065, 0x0064, 0x0065, 0x0085, 0x0065, 0x0065, 0x0085, 0x0086, 0x08C8, 0x0909, 0x114A, 0x116B, 0x118B, 0x19CD,
  0xBE59, 0xADF8, 0x74B7, 0x9558, 0xA5B8, 0x6415, 0x6456, 0x4B73, 0x4312, 0x4B73, 0x4312, 0x118C, 0x114A, 0x0909, 0x08E9, 0x08E8,
  0x08E9, 0x2107, 0x1884, 0x0843, 0x0822, 0x1801, 0x1842, 0x2064, 0x1864, 0x1064, 0x0864, 0x0043, 0x0022, 0x0022, 0x0001, 0x0001,
  0x0022, 0x0022, 0x0022, 0x0043, 0x0021, 0x0021, 0x0001, 0x0001, 0x0001, 0x0001, 0x0001, 0x0001, 0x0001, 0x0001, 0x0021, 0x0021,
  0x0022, 0x0022, 0x0021, 0x0022, 0x08E8, 0x08E8, 0x08A6, 0x08C8, 0x08A7, 0x0086, 0x0063, 0x0821, 0x0001, 0x0000, 0x0000, 0x0000,
  0x0064, 0x0064, 0x0065, 0x00A6, 0x0064, 0x0064, 0x0085, 0x0044, 0x528A, 0xD6BA, 0xCE99, 0x5ACB, 0x6B8D, 0xD6DA, 0xBE17, 0x0043,
  0x6B4D, 0xE73B, 0x8C71, 0x4229, 0x9CF3, 0xDF1B, 0x8C71, 0x1905, 0xD6BA, 0xCEDA, 0x632C, 0x7C0F, 0xD71B, 0xA534, 0x2125, 0xE73C,
  0x94B2, 0x0043, 0x0063, 0x0043, 0x73CF, 0xDF1B, 0x4A49, 0x0022, 0xCE99, 0xD6FA, 0x632D, 0x0043, 0x8C71, 0xDF1B, 0x31A7, 0x0044,
  0x0043, 0x0043, 0x0044, 0x0064, 0x0065, 0x0064, 0x0064, 0x0085, 0x0065, 0x0065, 0x0086, 0x00A7, 0x08E8, 0x0909, 0x116B, 0x19CD,
  0x6BF3, 0xCEB9, 0xB619, 0x7CD7, 0x9D77, 0x9D57, 0x6C76, 0x5BF5, 0x5BD4, 0x5C15, 0x222E, 0x118B, 0x114A, 0x0929, 0x0909, 0x08E8,
  0x08E8, 0x4967, 0x0043, 0x0843, 0x0843, 0x0843, 0x0844, 0x1864, 0x1064, 0x0864, 0x0043, 0x0022, 0x0022, 0x0022, 0x0001, 0x0001,
  0x0022, 0x0043, 0x1882, 0x0022, 0x0021, 0x0021, 0x0001, 0x0001, 0x0001, 0x0001, 0x0001, 0x0001, 0x0021, 0x0021, 0x0021, 0x0021,
  0x0021, 0x0021, 0x0064, 0x08C8, 0x08E9, 0x08E8, 0x0043, 0x0043, 0x0886, 0x00A6, 0x10A4, 0x1062, 0x0021, 0x0000, 0x0000, 0x0000,
  0x0064, 0x0064, 0x0064, 0x0086, 0x0044, 0x0044, 0x0044, 0x0044, 0x630C, 0xD6FA, 0x8450, 0x0022, 0x0043, 0x634D, 0x73AE, 0x0021,
  0x6B6D, 0xDF1B, 0x632C, 0x0043, 0x39C7, 0xDF1B, 0xA534, 0x1904, 0xDF1B, 0xA534, 0x0043, 0x0883, 0xDF1B, 0xBDF7, 0x1082, 0xDEFB,
  0x94B2, 0x0043, 0x8C51, 0x2987, 0x6B8E, 0xD6DA, 0x4249, 0x0043, 0xCE79, 0xD6FA, 0xBE38, 0x2146, 0x8451, 0xD6DA, 0x31A8, 0x0043,
  0x0043, 0x0043, 0x0044, 0x0044, 0x0043, 0x0044, 0x0085, 0x0065, 0x0086, 0x0065, 0x0085, 0x00C7, 0x08E8, 0x0909, 0x094A, 0x118B,
  0x2A2E, 0xB5F8, 0xCEB9, 0xBE39, 0xBE59, 0xC679, 0x9578, 0x7476, 0x8D17, 0x3AD1, 0x19CD, 0x118B, 0x092A, 0x0909, 0x08E8, 0x0909,
  0x0908, 0x3105, 0x0043, 0x0043, 0x0022, 0x0843, 0x0844, 0x0864, 0x0864, 0x0844, 0x0043, 0x0022, 0x0043, 0x0022, 0x0001, 0x0001,
  0x0021, 0x1861, 0x1042, 0x0842, 0x0021, 0x0021, 0x0001, 0x0021, 0x0001, 0x0021, 0x0001, 0x0001, 0x0021, 0x0021, 0x0021, 0x0021,
  0x0021, 0x0021, 0x0022, 0x00A6, 0x08E9, 0x08C7, 0x0086, 0x0022, 0x0043, 0x08A6, 0x10C6, 0x1062, 0x0000, 0x0000, 0x0000, 0x0000,
  0x0065, 0x0064, 0x0064, 0x0064, 0x0044, 0x0064, 0x0044, 0x0044, 0x5AEB, 0xC699, 0x8C70, 0x0043, 0x0043, 0x0043, 0x0043, 0x0023,
  0x634D, 0xCEBA, 0x8450, 0x4249, 0xA534, 0xCEBA, 0x6BAE, 0x1905, 0xCEDA, 0x9CF3, 0x0043, 0x0883, 0xD6DA, 0xB5D6, 0x1082, 0xCEBA,
  0x94B2, 0x0884, 0xCE99, 0x4A8A, 0x6B6D, 0xC679, 0x4229, 0x0022, 0xBE37, 0xCEBA, 0xCE99, 0x94D2, 0x7C10, 0xC699, 0x31A8, 0x0043,
  0x0043, 0x0043, 0x0043, 0x0043, 0x0043, 0x0044, 0x0065, 0x0064, 0x0085, 0x0085, 0x00A6, 0x00A7, 0x00C7, 0x08E8, 0x092A, 0x114A,
  0x19CD, 0x2A2E, 0x84B4, 0xC659, 0xD6BA, 0xB639, 0xB639, 0xA5B7, 0x42F1, 0x21EE, 0x19AC, 0x114A, 0x092A, 0x0909, 0x0909, 0x0909,
  0x3168, 0x1884, 0x0043, 0x0843, 0x0843, 0x0021, 0x0043, 0x0844, 0x0844, 0x0844, 0x0043, 0x0843, 0x0043, 0x0043, 0x0021, 0x0001,
  0x1861, 0x1041, 0x0001, 0x0021, 0x1042, 0x0021, 0x0021, 0x0021, 0x0021, 0x0021, 0x0001, 0x0021, 0x0001, 0x0021, 0x0021, 0x0021,
  0x0021, 0x0021, 0x0021, 0x0022, 0x0044, 0x0043, 0x0022, 0x0022, 0x0022, 0x0886, 0x08A6, 0x1083, 0x0821, 0x0000, 0x0000, 0x0000,
  0x0065, 0x0065, 0x0064, 0x0064, 0x0064, 0x0064, 0x0044, 0x0044, 0x4AAA, 0xB638, 0x7C10, 0x0043, 0x0043, 0x0043, 0x0043, 0x0043,
  0x5AEC, 0xB638, 0xC679, 0xB618, 0xB638, 0x5B2C, 0x0042, 0x1905, 0xBE59, 0x8CD2, 0x0043, 0x0863, 0xBE38, 0xA555, 0x1083, 0xADF7,
  0xA555, 0x52CB, 0xB5F7, 0xA575, 0x632D, 0xA5B7, 0x39E8, 0x0022, 0xADD7, 0xBE38, 0x73CF, 0xADD7, 0xA555, 0xB618, 0x2967, 0x0044,
  0x0044, 0x0044, 0x0044, 0x0044, 0x0044, 0x0044, 0x0064, 0x0044, 0x0064, 0x0085, 0x0085, 0x0086, 0x00A7, 0x08C8, 0x0909, 0x094A,
  0x116B, 0x19AC, 0x19CE, 0x42F0, 0x6BF3, 0x6BF3, 0x63D3, 0x326F, 0x19CD, 0x19AC, 0x116B, 0x094A, 0x092A, 0x0909, 0x0909, 0x0909,
  0x41A8, 0x0043, 0x0043, 0x0022, 0x0022, 0x0001, 0x0001, 0x0022, 0x0843, 0x0864, 0x0843, 0x0843, 0x0843, 0x0042, 0x0021, 0x0021,
  0x1882, 0x2082, 0x0021, 0x0842, 0x1042, 0x0001, 0x0021, 0x0021, 0x0021, 0x0021, 0x0021, 0x0021, 0x0021, 0x0001, 0x0021, 0x0021,
  0x0021, 0x0021, 0x0021, 0x0021, 0x0022, 0x0022, 0x0021, 0x0021, 0x0044, 0x0886, 0x08A6, 0x1884, 0x0821, 0x0000, 0x0021, 0x0000,
  0x0065, 0x0065, 0x0065, 0x0065, 0x0065, 0x0064, 0x0064, 0x0044, 0x3A49, 0x9DB7, 0x638E, 0x0043, 0x0043, 0x29C8, 0x29C8, 0x0022,
  0x52CC, 0xA5B7, 0x52EC, 0x638E, 0x9D76, 0x638F, 0x0043, 0x10E4, 0x9D76, 0x7431, 0x0043, 0x0863, 0x9D97, 0x7C92, 0x0022, 0x52EC,
  0x9D76, 0x9D76, 0x8CD4, 0x9535, 0x9D76, 0x7452, 0x0042, 0x0022, 0x9D55, 0x9D55, 0x0862, 0x9514, 0x9D97, 0x9576, 0x2146, 0x0044,
  0x0044, 0x0044, 0x0044, 0x0044, 0x0044, 0x0064, 0x0064, 0x0044, 0x0044, 0x0064, 0x0085, 0x00A6, 0x00A6, 0x00C7, 0x08E8, 0x0929,
  0x094A, 0x116B, 0x19AC, 0x19CD, 0x19CD, 0x21EE, 0x21ED, 0x19CD, 0x118C, 0x116B, 0x092A, 0x0909, 0x08E8, 0x08E8, 0x0909, 0x0909,
  0x08C7, 0x0064, 0x0022, 0x0001, 0x0001, 0x0021, 0x0021, 0x0021, 0x0022, 0x0843, 0x0843, 0x0843, 0x0022, 0x0042, 0x0001, 0x0021,
  0x1041, 0x28A2, 0x2082, 0x1062, 0x1042, 0x0021, 0x0021, 0x0021, 0x0021, 0x0001, 0x0021, 0x0001, 0x0021, 0x0021, 0x0021, 0x0021,
  0x0021, 0x0021, 0x0021, 0x0021, 0x0021, 0x0021, 0x0022, 0x0022, 0x0844, 0x0844, 0x0864, 0x0021, 0x0021, 0x0862, 0x0000, 0x0000,
  0x00A7, 0x0086, 0x0065, 0x0065, 0x0065, 0x0064, 0x0064, 0x0064, 0x3A29, 0x8D56, 0x84D4, 0x2166, 0x31C8, 0x9576, 0x8CF4, 0x0022,
  0x4AAB, 0x9576, 0x4AAB, 0x10A3, 0x84D4, 0x9556, 0x426A, 0x10C4, 0x9556, 0x8D14, 0x29A7, 0x424A, 0x9556, 0x7451, 0x0043, 0x428B,
  0x9D76, 0x9D76, 0x4229, 0x7CB3, 0x9D97, 0x8492, 0x0043, 0x0043, 0x84D4, 0x84D4, 0x0044, 0x31E8, 0x8D36, 0x8D36, 0x2147, 0x0044,
  0x0044, 0x0044, 0x0044, 0x0064, 0x0064, 0x0044, 0x0044, 0x0044, 0x0085, 0x0085, 0x0065, 0x0086, 0x00A6, 0x00C7, 0x08E8, 0x0909,
  0x0909, 0x092A, 0x116B, 0x116B, 0x19AC, 0x19AC, 0x11AC, 0x118C, 0x116B, 0x094A, 0x092A, 0x08E8, 0x08E9, 0x0909, 0x0909, 0x0909,
  0x0909, 0x08C7, 0x0042, 0x0021, 0x0021, 0x0001, 0x0021, 0x0001, 0x0001, 0x0022, 0x0843, 0x0843, 0x0043, 0x0022, 0x0021, 0x0021,
  0x0021, 0x1061, 0x28A2, 0x1042, 0x0021, 0x0021, 0x0021, 0x0021, 0x0021, 0x0021, 0x0021, 0x0001, 0x0021, 0x0001, 0x0021, 0x0021,
  0x0021, 0x0021, 0x0021, 0x0021, 0x0022, 0x0022, 0x0822, 0x0822, 0x0022, 0x0022, 0x1083, 0x1083, 0x0863, 0x0021, 0x0000, 0x0000,
  0x092A, 0x114A, 0x08A7, 0x0065, 0x0065, 0x0064, 0x0064, 0x0064, 0x0042, 0x52EC, 0x9576, 0x9576, 0x9535, 0x84B3, 0x2146, 0x0063,
  0x5B4D, 0x9556, 0x636E, 0x0042, 0x31A7, 0x9576, 0x7C51, 0x10C4, 0x3A09, 0x8CF4, 0x9555, 0x8D35, 0x7C93, 0x10C4, 0x0043, 0x10C3,
  0xA5B7, 0x63AF, 0x0042, 0x31E8, 0x8D36, 0x3A4A, 0x0043, 0x1926, 0x84F5, 0x8515, 0x1905, 0x0021, 0x638E, 0x8D36, 0x3A29, 0x0044,
  0x0044, 0x0064, 0x0064, 0x0064, 0x0064, 0x0064, 0x0064, 0x0044, 0x08E7, 0x08E7, 0x0064, 0x0085, 0x0086, 0x00A6, 0x08C7, 0x08E8,
  0x08E8, 0x0909, 0x0929, 0x092A, 0x114B, 0x094A, 0x094A, 0x094A, 0x092A, 0x092A, 0x092A, 0x0909, 0x0909, 0x08E8, 0x08C7, 0x0909,
  0x0909, 0x0043, 0x0021, 0x0022, 0x0022, 0x0021, 0x0001, 0x0001, 0x0001, 0x0021, 0x0022, 0x0043, 0x0022, 0x0021, 0x0021, 0x0021,
  0x0021, 0x0021, 0x0021, 0x0021, 0x0021, 0x0021, 0x0021, 0x0021, 0x0021, 0x0021, 0x0021, 0x0021, 0x0021, 0x0021, 0x0022, 0x0022,
  0x0022, 0x0022, 0x0022, 0x0022, 0x0022, 0x0022, 0x0022, 0x0822, 0x0022, 0x18C4, 0x18C4, 0x0021, 0x0021, 0x0000, 0x0000, 0x0000,
  0x112A, 0x112A, 0x1109, 0x0065, 0x0065, 0x0065, 0x0064, 0x0064, 0x0064, 0x0063, 0x426A, 0x3A29, 0x3A29, 0x2966, 0x0043, 0x0063,
  0x426A, 0x4249, 0x4249, 0x0042, 0x10C4, 0x4249, 0x4249, 0x18E4, 0x0064, 0x31C7, 0x3A29, 0x3A29, 0x1925, 0x0043, 0x0044, 0x0063,
  0x4249, 0x10C4, 0x0043, 0x0042, 0x4249, 0x10A3, 0x0044, 0x2966, 0x3A49, 0x3A49, 0x2165, 0x0043, 0x2145, 0x4249, 0x31C7, 0x0043,
  0x0064, 0x0064, 0x0064, 0x0064, 0x0065, 0x0064, 0x0044, 0x0064, 0x0064, 0x0085, 0x0085, 0x0065, 0x0085, 0x0086, 0x00A6, 0x00A7,
  0x08E8, 0x08E8, 0x08E8, 0x0908, 0x092A, 0x112A, 0x092A, 0x092A, 0x0909, 0x0909, 0x0909, 0x0909, 0x0909, 0x0064, 0x08C6, 0x0909,
  0x08E8, 0x0022, 0x0043, 0x0044, 0x0022, 0x0022, 0x0021, 0x0001, 0x0001, 0x0021, 0x0021, 0x0021, 0x0021, 0x0021, 0x0021, 0x0021,
  0x0021, 0x0021, 0x0021, 0x0021, 0x0021, 0x0021, 0x0021, 0x0021, 0x0022, 0x0822, 0x0822, 0x0822, 0x0822, 0x0822, 0x1023, 0x1023,
  0x1023, 0x0822, 0x0822, 0x1023, 0x0822, 0x0823, 0x0022, 0x0022, 0x0022, 0x18A3, 0x0821, 0x0000, 0x0000, 0x0000, 0x0000, 0x0000,
  0x0909, 0x112A, 0x0909, 0x00A6, 0x08A6, 0x0085, 0x0065, 0x0065, 0x0065, 0x0064, 0x0043, 0x0043, 0x0064, 0x0043, 0x0044, 0x0043,
  0x0043, 0x0043, 0x0043, 0x0044, 0x0043, 0x0043, 0x0043, 0x0044, 0x0064, 0x0043, 0x0064, 0x0043, 0x0043, 0x0044, 0x0064, 0x0064,
  0x0043, 0x0043, 0x0043, 0x0043, 0x0044, 0x0043, 0x0043, 0x0044, 0x0043, 0x0043, 0x0043, 0x0044, 0x0063, 0x0043, 0x0043, 0x0064,
  0x0064, 0x0044, 0x0044, 0x0064, 0x0064, 0x0064, 0x0064, 0x0065, 0x0085, 0x0085, 0x0085, 0x0085, 0x0086, 0x0086, 0x0086, 0x00A6,
  0x00C7, 0x08E8, 0x08C7, 0x08E8, 0x08E9, 0x08E8, 0x0909, 0x0909, 0x0909, 0x0909, 0x0909, 0x0909, 0x092A, 0x0043, 0x00A6, 0x08C7,
  0x0042, 0x0022, 0x08E8, 0x08C7, 0x0022, 0x0022, 0x0022, 0x0021, 0x0021, 0x0021, 0x0021, 0x0021, 0x0021, 0x0021, 0x0021, 0x0021,
  0x0021, 0x0021, 0x0022, 0x0822, 0x0822, 0x1022, 0x1022, 0x1022, 0x1023, 0x1023, 0x1023, 0x1023, 0x1023, 0x0823, 0x1023, 0x1023,
  0x1043, 0x1043, 0x1023, 0x1023, 0x0843, 0x0823, 0x0823, 0x0023, 0x0022, 0x1042, 0x0000, 0x0000, 0x0842, 0x0021, 0x0021, 0x0000,
  0x08C8, 0x08E9, 0x1109, 0x114A, 0x116B, 0x112A, 0x0085, 0x0065, 0x0065, 0x08A4, 0x41A4, 0x4183, 0x7283, 0x7AA4, 0x7AA4, 0x7AA4,
  0x7AA4, 0x7AA4, 0x7AA4, 0x7AA4, 0x7AA4, 0x7AA4, 0x7AA4, 0x2944, 0x0064, 0x0043, 0x6264, 0x2944, 0x0064, 0x0064, 0x49C4, 0x7AC5,
  0x7AA4, 0x7AC4, 0x7AC4, 0x7AC4, 0x7AC4, 0x7AC4, 0x7AC4, 0x7AC4, 0x72A4, 0x7AA4, 0x7A84, 0x7263, 0x0863, 0x49C3, 0x0064, 0x0064,
  0x0064, 0x0064, 0x0064, 0x0064, 0x0065, 0x0065, 0x0065, 0x0085, 0x0085, 0x0085, 0x0085, 0x0085, 0x0086, 0x0086, 0x0086, 0x0086,
  0x00A6, 0x00A7, 0x08A7, 0x08C7, 0x08C8, 0x08C7, 0x08E8, 0x08E9, 0x0909, 0x0909, 0x0909, 0x0909, 0x092A, 0x08E8, 0x0042, 0x0001,
  0x0043, 0x08C7, 0x0909, 0x0909, 0x0043, 0x0022, 0x0022, 0x0022, 0x0022, 0x0021, 0x0021, 0x0021, 0x0021, 0x0021, 0x0021, 0x0021,
  0x1822, 0x1822, 0x2022, 0x1822, 0x1822, 0x1822, 0x1823, 0x1023, 0x1023, 0x1023, 0x1023, 0x1023, 0x0822, 0x0822, 0x0022, 0x0822,
  0x0823, 0x0823, 0x0822, 0x1043, 0x1043, 0x0823, 0x0823, 0x0022, 0x0001, 0x0000, 0x1083, 0x1083, 0x1063, 0x0000, 0x0000, 0x0000,
  0x08C8, 0x0909, 0x112A, 0x114B, 0x118C, 0x194B, 0x08A7, 0x0065, 0x0065, 0x0085, 0x18E4, 0x18E4, 0x2903, 0x2903, 0x2903, 0x2903,
  0x2903, 0x28E2, 0x2902, 0x2902, 0x2902, 0x2902, 0x2903, 0x3123, 0x7A63, 0x59E4, 0x6A84, 0x8AE3, 0x2902, 0x8AA3, 0x5182, 0x3122,
  0x3123, 0x2903, 0x2903, 0x2903, 0x2902, 0x2903, 0x2903, 0x2903, 0x2903, 0x2903, 0x2903, 0x20E3, 0x0064, 0x18E4, 0x0064, 0x0064,
  0x0064, 0x0064, 0x0064, 0x0064, 0x0065, 0x0085, 0x0085, 0x0085, 0x0085, 0x08A6, 0x08A6, 0x08A6, 0x00A6, 0x0086, 0x00A6, 0x00A6,
  0x00A6, 0x00A6, 0x08A7, 0x08A7, 0x08A7, 0x08C7, 0x08C7, 0x08E8, 0x08E8, 0x0929, 0x0909, 0x08E9, 0x0909, 0x0929, 0x0909, 0x0909,
  0x0909, 0x0909, 0x0909, 0x0929, 0x08E8, 0x0022, 0x0022, 0x0022, 0x0021, 0x0021, 0x0021, 0x0021, 0x0001, 0x0821, 0x1822, 0x2022,
  0x1822, 0x1022, 0x0822, 0x0822, 0x0822, 0x0822, 0x1022, 0x1022, 0x1023, 0x1023, 0x1023, 0x1023, 0x1023, 0x1023, 0x1023, 0x1023,
  0x0823, 0x0823, 0x0823, 0x0843, 0x0843, 0x0843, 0x0022, 0x0841, 0x2105, 0x18C4, 0x1083, 0x0842, 0x0821, 0x0000, 0x0000, 0x0000,
  0x08E8, 0x08E8, 0x1109, 0x114B, 0x114B, 0x196C, 0x1109, 0x0065, 0x0065, 0x0065, 0x0065, 0x0065, 0x0065, 0x0065, 0x0065, 0x0065,
  0x0064, 0x0064, 0x0065, 0x0065, 0x0065, 0x0065, 0x3164, 0x7263, 0x2903, 0xA363, 0x72C5, 0x3123, 0xA343, 0x10A3, 0xA323, 0x0883,
  0x0065, 0x0064, 0x0064, 0x0064, 0x0064, 0x0064, 0x0064, 0x0064, 0x0064, 0x0064, 0x0064, 0x0064, 0x0064, 0x0064, 0x0064, 0x0064,
  0x0064, 0x0065, 0x0065, 0x0065, 0x0085, 0x0085, 0x0086, 0x0086, 0x08C7, 0x112A, 0x196B, 0x198C, 0x194A, 0x08A6, 0x00A6, 0x00A6,
  0x00A6, 0x00A6, 0x08A7, 0x08C7, 0x08C7, 0x08C7, 0x08C7, 0x08C8, 0x0909, 0x0909, 0x0909, 0x112A, 0x0929, 0x0929, 0x0909, 0x08A6,
  0x08E8, 0x0909, 0x0909, 0x0909, 0x08A6, 0x0022, 0x0022, 0x0022, 0x0021, 0x0021, 0x0021, 0x1021, 0x2822, 0x2822, 0x1022, 0x0822,
  0x0022, 0x0022, 0x0022, 0x0022, 0x0022, 0x0022, 0x0022, 0x0022, 0x0022, 0x0822, 0x0822, 0x1023, 0x1023, 0x1023, 0x1023, 0x1043,
  0x1043, 0x1023, 0x1043, 0x1043, 0x1043, 0x0843, 0x0862, 0x20E5, 0x1083, 0x1063, 0x0842, 0x0821, 0x0020, 0x0000, 0x0000, 0x0000,
  0x08E8, 0x08E8, 0x08E8, 0x1129, 0x1109, 0x112A, 0x08A6, 0x0065, 0x0085, 0x0085, 0x0065, 0x0085, 0x0065, 0x0065, 0x0065, 0x0065,
  0x0065, 0x0065, 0x0065, 0x0065, 0x0065, 0x0064, 0x08A4, 0x0884, 0x0064, 0x5A04, 0x82A3, 0x8AA3, 0x10A4, 0x0064, 0x10C4, 0x0064,
  0x0064, 0x0064, 0x0064, 0x0064, 0x0064, 0x0064, 0x0065, 0x0064, 0x0064, 0x0064, 0x0064, 0x0064, 0x0065, 0x0065, 0x0085, 0x0065,
  0x0065, 0x0065, 0x0085, 0x0085, 0x0085, 0x0085, 0x0085, 0x08A6, 0x1109, 0x10E8, 0x10E8, 0x1129, 0x198B, 0x196B, 0x08A6, 0x00A6,
  0x08A6, 0x08A7, 0x00A7, 0x08A7, 0x08A7, 0x08C7, 0x08C7, 0x08C7, 0x08E9, 0x08E9, 0x0909, 0x0909, 0x0909, 0x0909, 0x0085, 0x0064,
  0x08E9, 0x0909, 0x0909, 0x08A6, 0x0022, 0x0022, 0x0022, 0x0022, 0x0022, 0x0022, 0x1022, 0x3822, 0x2022, 0x1822, 0x2043, 0x2043,
  0x1823, 0x1022, 0x0822, 0x0022, 0x0022, 0x0021, 0x0022, 0x0022, 0x0022, 0x0022, 0x0022, 0x0022, 0x0022, 0x0823, 0x1023, 0x1023,
  0x1023, 0x1043, 0x1043, 0x0843, 0x0843, 0x0823, 0x1082, 0x2904, 0x1062, 0x1062, 0x0000, 0x0000, 0x0000, 0x0000, 0x0000, 0x0000,
  0x08E8, 0x08E8, 0x08E8, 0x08C7, 0x08E8, 0x08C7, 0x00A6, 0x08C8, 0x08E8, 0x00A6, 0x0085, 0x0085, 0x0085, 0x0065, 0x0065, 0x0065,
  0x0065, 0x0065, 0x0065, 0x0065, 0x0065, 0x0064, 0x0064, 0x0064, 0x0064, 0x0064, 0x5203, 0x18E4, 0x0064, 0x0064, 0x0064, 0x0065,
  0x0065, 0x0065, 0x0064, 0x0064, 0x0064, 0x0065, 0x0065, 0x0065, 0x0065, 0x0065, 0x0065, 0x0065, 0x0065, 0x0064, 0x0065, 0x0085,
  0x0065, 0x0085, 0x0085, 0x08C7, 0x10E8, 0x08A6, 0x0086, 0x08E8, 0x10E8, 0x08E8, 0x08E8, 0x0909, 0x114A, 0x218C, 0x112A, 0x08A6,
  0x08A6, 0x00A6, 0x08E8, 0x1129, 0x08C7, 0x08C7, 0x08C8, 0x08C8, 0x08C8, 0x08E8, 0x0909, 0x0909, 0x0909, 0x08C7, 0x0022, 0x0043,
  0x0064, 0x00A6, 0x0064, 0x0022, 0x0022, 0x0022, 0x0022, 0x0022, 0x0022, 0x0022, 0x2822, 0x2022, 0x2022, 0x2022, 0x2822, 0x2822,
  0x2023, 0x1022, 0x1823, 0x1023, 0x0822, 0x0822, 0x0022, 0x0022, 0x0022, 0x0022, 0x0022, 0x0022, 0x0022, 0x0022, 0x0022, 0x0823,
  0x0843, 0x0843, 0x0823, 0x1043, 0x0843, 0x0023, 0x1882, 0x30E3, 0x1041, 0x0000, 0x0000, 0x0000, 0x0841, 0x0000, 0x0021, 0x0000,
  0x08E8, 0x08E8, 0x08E9, 0x0084, 0x08E8, 0x1109, 0x1109, 0x114A, 0x116B, 0x112A, 0x0086, 0x0085, 0x0085, 0x0085, 0x0065, 0x0065,
  0x0065, 0x0065, 0x0065, 0x0065, 0x0065, 0x0065, 0x0064, 0x0064, 0x0064, 0x0064, 0x0064, 0x0064, 0x0064, 0x0064, 0x0064, 0x0064,
  0x0065, 0x0065, 0x0064, 0x0064, 0x0065, 0x0065, 0x0065, 0x0065, 0x0065, 0x0065, 0x0065, 0x0065, 0x0065, 0x0064, 0x0065, 0x0065,
  0x0065, 0x0085, 0x0086, 0x1129, 0x194B, 0x112A, 0x08E8, 0x08C8, 0x08E8, 0x08C7, 0x08C7, 0x08E8, 0x10E8, 0x196B, 0x1129, 0x08C7,
  0x08A6, 0x08E9, 0x196B, 0x198C, 0x196B, 0x08C8, 0x08C8, 0x08E8, 0x08E8, 0x08E8, 0x0909, 0x0909, 0x0909, 0x08A6, 0x0022, 0x0022,
  0x0022, 0x0022, 0x0022, 0x0022, 0x0022, 0x0022, 0x0022, 0x0021, 0x0842, 0x0841, 0x1042, 0x0022, 0x0022, 0x0022, 0x0022, 0x0022,
  0x1022, 0x1823, 0x1823, 0x1023, 0x0022, 0x0822, 0x0823, 0x0823, 0x0022, 0x0022, 0x0022, 0x0022, 0x0022, 0x0022, 0x0022, 0x0022,
  0x0022, 0x0022, 0x0022, 0x0022, 0x0022, 0x0022, 0x0842, 0x38C1, 0x1020, 0x0000, 0x1061, 0x0820, 0x1883, 0x0020, 0x0000, 0x0000,
  0x08E8, 0x08E9, 0x08E7, 0x0021, 0x0042, 0x1109, 0x110A, 0x112A, 0x114A, 0x196B, 0x0909, 0x0085, 0x0085, 0x0065, 0x0065, 0x0065,
  0x0065, 0x0065, 0x0065, 0x0065, 0x0065, 0x0065, 0x0065, 0x0065, 0x0065, 0x0065, 0x0065, 0x0065, 0x0064, 0x0065, 0x0065, 0x0065,
  0x0065, 0x0065, 0x0065, 0x0065, 0x0065, 0x0065, 0x0065, 0x0065, 0x0065, 0x0065, 0x0065, 0x0065, 0x0065, 0x0065, 0x0085, 0x0085,
  0x0085, 0x0085, 0x08C7, 0x08E8, 0x1109, 0x194A, 0x112A, 0x1109, 0x08C8, 0x08C7, 0x08C7, 0x08C7, 0x10E8, 0x1109, 0x112A, 0x196B,
  0x1129, 0x196B, 0x114B, 0x114A, 0x196B, 0x1129, 0x08E8, 0x08E9, 0x08E9, 0x08E8, 0x08E9, 0x08C7, 0x08E9, 0x08C7, 0x0042, 0x0022,
  0x0022, 0x0022, 0x0022, 0x0022, 0x0022, 0x0022, 0x0842, 0x38E2, 0x4102, 0x28A2, 0x2082, 0x1062, 0x0043, 0x0043, 0x0022, 0x0022,
  0x0022, 0x0022, 0x1022, 0x1023, 0x1023, 0x0822, 0x0022, 0x0823, 0x1023, 0x0823, 0x0022, 0x0022, 0x0022, 0x0022, 0x0022, 0x0022,
  0x0022, 0x0022, 0x0023, 0x0022, 0x0022, 0x0022, 0x0043, 0x0043, 0x28C2, 0x18A3, 0x1083, 0x0000, 0x0021, 0x0000, 0x0000, 0x0000,
  0x08E8, 0x08E8, 0x0021, 0x0000, 0x0021, 0x08A5, 0x112A, 0x0909, 0x1109, 0x114B, 0x0908, 0x0086, 0x0086, 0x0086, 0x0085, 0x0085,
  0x0085, 0x0085, 0x0065, 0x0065, 0x0065, 0x0065, 0x0065, 0x0065, 0x0065, 0x0065, 0x0065, 0x0065, 0x0065, 0x0065, 0x0065, 0x0065,
  0x0065, 0x0065, 0x0065, 0x0065, 0x0065, 0x0065, 0x0085, 0x0085, 0x0085, 0x0065, 0x0065, 0x0065, 0x0085, 0x0085, 0x0086, 0x08A6,
  0x08E8, 0x08E8, 0x08E8, 0x08C8, 0x08E8, 0x08E8, 0x10E9, 0x08E8, 0x08C7, 0x08C8, 0x08C7, 0x08C7, 0x08E8, 0x08E8, 0x112A, 0x112A,
  0x196B, 0x112A, 0x1109, 0x1109, 0x1129, 0x196B, 0x114A, 0x112A, 0x0909, 0x0909, 0x08E9, 0x0064, 0x08C7, 0x0064, 0x0022, 0x0022,
  0x0022, 0x0022, 0x0022, 0x0022, 0x0022, 0x28A2, 0x28A2, 0x1062, 0x0842, 0x0022, 0x0022, 0x0022, 0x0022, 0x0022, 0x0043, 0x0022,
  0x0022, 0x0022, 0x0022, 0x0823, 0x1843, 0x1023, 0x0823, 0x0022, 0x0823, 0x1043, 0x1043, 0x0043, 0x0022, 0x0022, 0x0022, 0x0043,
  0x0043, 0x0043, 0x0023, 0x0043, 0x0043, 0x0844, 0x0864, 0x0044, 0x20C4, 0x28E3, 0x0841, 0x0020, 0x0821, 0x0000, 0x0000, 0x0000,
  0x08E9, 0x08C7, 0x0000, 0x0000, 0x0000, 0x1063, 0x1109, 0x0909, 0x110A, 0x08E9, 0x0086, 0x08A6, 0x0085, 0x0085, 0x0085, 0x0085,
  0x0085, 0x0085, 0x0085, 0x0065, 0x0065, 0x0065, 0x0065, 0x0065, 0x0065, 0x0065, 0x0065, 0x0065, 0x0085, 0x0085, 0x0065, 0x0065,
  0x0065, 0x0065, 0x0065, 0x0065, 0x0065, 0x0085, 0x0085, 0x0085, 0x0085, 0x0085, 0x0065, 0x0065, 0x0085, 0x0086, 0x08A6, 0x08C7,
  0x08C7, 0x08C7, 0x08C7, 0x08C8, 0x08C7, 0x08C7, 0x08C7, 0x08C7, 0x08C7, 0x08C8, 0x08C7, 0x08C8, 0x08C7, 0x08C8, 0x08E8, 0x1109,
  0x1109, 0x1109, 0x08E8, 0x08E8, 0x08E8, 0x1109, 0x114A, 0x1109, 0x112A, 0x092A, 0x08C8, 0x0043, 0x0022, 0x0022, 0x0022, 0x0022,
  0x0022, 0x0022, 0x0022, 0x0022, 0x1882, 0x1861, 0x0022, 0x0022, 0x0022, 0x0022, 0x0022, 0x0022, 0x0022, 0x0022, 0x0022, 0x0022,
  0x0022, 0x0022, 0x0022, 0x0022, 0x1022, 0x1043, 0x1023, 0x0823, 0x0022, 0x0843, 0x1044, 0x1043, 0x0844, 0x0843, 0x0043, 0x0043,
  0x0043, 0x0043, 0x0043, 0x0044, 0x0044, 0x0845, 0x0864, 0x0864, 0x20C4, 0x28E4, 0x1083, 0x0841, 0x1062, 0x0821, 0x0000, 0x0000,
  0x08E9, 0x08E8, 0x0064, 0x0000, 0x0821, 0x0884, 0x08E9, 0x0909, 0x0909, 0x0909, 0x08C7, 0x1109, 0x08A7, 0x0086, 0x0085, 0x0085,
  0x0085, 0x10E7, 0x29CA, 0x0085, 0x0085, 0x0085, 0x2189, 0x1928, 0x29CA, 0x1927, 0x2189, 0x2169, 0x29AA, 0x2169, 0x2189, 0x1948,
  0x2169, 0x29AA, 0x1928, 0x10E7, 0x1948, 0x0085, 0x0085, 0x0085, 0x0085, 0x0065, 0x0065, 0x0085, 0x0085, 0x0085, 0x0085, 0x0085,
  0x0085, 0x0085, 0x0085, 0x0086, 0x0086, 0x0086, 0x00A6, 0x0086, 0x00A6, 0x08C7, 0x08C7, 0x08C7, 0x08A7, 0x08C7, 0x08C7, 0x08E8,
  0x08C8, 0x08C8, 0x08C7, 0x08E8, 0x08E8, 0x0909, 0x0909, 0x0909, 0x0909, 0x08E8, 0x0843, 0x0822, 0x0822, 0x0022, 0x0022, 0x0022,
  0x0022, 0x0022, 0x0022, 0x1862, 0x1062, 0x0043, 0x0044, 0x0022, 0x0022, 0x0022, 0x0022, 0x0022, 0x0022, 0x0022, 0x0022, 0x0022,
  0x0022, 0x0022, 0x0022, 0x0022, 0x0022, 0x1043, 0x1043, 0x1043, 0x0843, 0x0043, 0x0843, 0x1044, 0x0864, 0x1044, 0x0865, 0x0844,
  0x0043, 0x0043, 0x0043, 0x0044, 0x0865, 0x0886, 0x0864, 0x0865, 0x20C4, 0x30E3, 0x1062, 0x0020, 0x0821, 0x0000, 0x0000, 0x0000,
  0x08C7, 0x0022, 0x0000, 0x0000, 0x0000, 0x0800, 0x1085, 0x08E9, 0x08E8, 0x08E8, 0x1109, 0x1129, 0x112A, 0x08A7, 0x00A6, 0x0086,
  0x0085, 0x320B, 0x3A6D, 0x10E7, 0x0085, 0x08C6, 0x2169, 0x2148, 0x218A, 0x31CA, 0x31EB, 0x320B, 0x3A2C, 0x320B, 0x3A0C, 0x530F,
  0x31EB, 0x2189, 0x00A6, 0x3A4C, 0x08A6, 0x0085, 0x0085, 0x0085, 0x0085, 0x0085, 0x0085, 0x0085, 0x0085, 0x0085, 0x0085, 0x0085,
  0x0085, 0x0085, 0x0085, 0x0085, 0x0085, 0x0086, 0x0086, 0x0086, 0x0086, 0x0086, 0x00A6, 0x0086, 0x0086, 0x00A6, 0x00A6, 0x08C7,
  0x08A7, 0x00C7, 0x08A7, 0x08E8, 0x08E8, 0x0909, 0x0909, 0x0909, 0x08A7, 0x1843, 0x1822, 0x0022, 0x0022, 0x0022, 0x0022, 0x0022,
  0x0022, 0x0022, 0x0022, 0x28C3, 0x0085, 0x0064, 0x0022, 0x0022, 0x0022, 0x0022, 0x0022, 0x0022, 0x0022, 0x0022, 0x0022, 0x0022,
  0x0022, 0x0022, 0x0023, 0x0022, 0x0022, 0x0023, 0x1044, 0x1044, 0x1044, 0x0843, 0x0043, 0x0844, 0x0864, 0x0864, 0x0864, 0x0865,
  0x0864, 0x0843, 0x0843, 0x0864, 0x08A6, 0x10C7, 0x0865, 0x0865, 0x0863, 0x1862, 0x20A2, 0x0862, 0x1082, 0x0841, 0x0000, 0x0000,
  0x0085, 0x0000, 0x0000, 0x0000, 0x0021, 0x1000, 0x2022, 0x08E8, 0x08E8, 0x08E8, 0x08E8, 0x08E8, 0x08E8, 0x08E8, 0x08E8, 0x0086,
  0x0086, 0x1948, 0x1128, 0x08C6, 0x0085, 0x08C6, 0x29A9, 0x08C6, 0x29CA, 0x10E7, 0x2189, 0x1928, 0x1948, 0x1928, 0x1948, 0x1949,
  0x1948, 0x2189, 0x08A6, 0x1928, 0x0085, 0x0085, 0x0085, 0x0085, 0x0085, 0x0085, 0x0085, 0x0085, 0x0085, 0x0085, 0x0085, 0x0085,
  0x0085, 0x0085, 0x0086, 0x0086, 0x0086, 0x0086, 0x0086, 0x0086, 0x0086, 0x0086, 0x0086, 0x0086, 0x0086, 0x08A6, 0x08A6, 0x08A7,
  0x08C7, 0x08E8, 0x08C7, 0x08C8, 0x08E8, 0x08E8, 0x08E8, 0x10C7, 0x2844, 0x1822, 0x0022, 0x0022, 0x0022, 0x0022, 0x0022, 0x0022,
  0x0022, 0x0042, 0x20A3, 0x0885, 0x0064, 0x0022, 0x0022, 0x0022, 0x0022, 0x0022, 0x0022, 0x0022, 0x0022, 0x0022, 0x0022, 0x0022,
  0x0022, 0x0022, 0x0022, 0x0043, 0x0022, 0x0022, 0x0843, 0x1065, 0x1044, 0x0864, 0x0844, 0x0864, 0x0864, 0x0022, 0x0864, 0x0865,
  0x0864, 0x0844, 0x0865, 0x10C7, 0x10E8, 0x08A7, 0x08A6, 0x0865, 0x20C4, 0x3904, 0x28E4, 0x18A3, 0x1082, 0x0841, 0x0000, 0x0000,
  0x0043, 0x0000, 0x0000, 0x0000, 0x0021, 0x1000, 0x2001, 0x2064, 0x0909, 0x08E8, 0x08C7, 0x08A7, 0x00A6, 0x00A6, 0x0086, 0x08A6,
  0x0086, 0x0085, 0x0085, 0x0085, 0x0085, 0x0085, 0x0065, 0x0085, 0x0085, 0x0085, 0x0085, 0x0085, 0x0085, 0x0065, 0x0085, 0x0085,
  0x0085, 0x0065, 0x0085, 0x0085, 0x0085, 0x0085, 0x0085, 0x0085, 0x0085, 0x0085, 0x0085, 0x0085, 0x0086, 0x08A7, 0x0086, 0x0085,
  0x0086, 0x0086, 0x0086, 0x0086, 0x0086, 0x0086, 0x0086, 0x0086, 0x0086, 0x0086, 0x0086, 0x0086, 0x00A6, 0x00A6, 0x08A6, 0x08A7,
  0x08A7, 0x08C8, 0x08C8, 0x08C8, 0x08E8, 0x08E8, 0x10A6, 0x2843, 0x1043, 0x0822, 0x0022, 0x0823, 0x0022, 0x0022, 0x0022, 0x0022,
  0x0022, 0x1083, 0x18A4, 0x0064, 0x0043, 0x0022, 0x0022, 0x0022, 0x0022, 0x0022, 0x0022, 0x0022, 0x0022, 0x0022, 0x0022, 0x0022,
  0x0022, 0x0022, 0x0022, 0x0043, 0x0043, 0x0043, 0x0023, 0x0844, 0x1065, 0x0864, 0x1064, 0x0864, 0x0021, 0x0000, 0x0022, 0x0865,
  0x0865, 0x0844, 0x0865, 0x10C7, 0x08A6, 0x10A7, 0x0886, 0x0886, 0x20C4, 0x3103, 0x1083, 0x1082, 0x1062, 0x0820, 0x0000, 0x0000,
  0x0064, 0x0000, 0x0000, 0x0000, 0x0021, 0x1000, 0x2001, 0x3001, 0x2085, 0x08E9, 0x08C7, 0x00A7, 0x00A6, 0x0086, 0x0086, 0x0086,
  0x0085, 0x0085, 0x0085, 0x0086, 0x0086, 0x0085, 0x0085, 0x00A6, 0x0085, 0x0085, 0x0085, 0x0085, 0x0085, 0x0085, 0x0086, 0x0065,
  0x0085, 0x0085, 0x0085, 0x0085, 0x0085, 0x0085, 0x0085, 0x0085, 0x0086, 0x0086, 0x0085, 0x0086, 0x08C7, 0x08E9, 0x08C7, 0x0086,
  0x0086, 0x0086, 0x0086, 0x0086, 0x0086, 0x0086, 0x0086, 0x0086, 0x0086, 0x0086, 0x0086, 0x0086, 0x00A6, 0x00A6, 0x08A6, 0x08A7,
  0x08A7, 0x08C7, 0x08C8, 0x08C8, 0x08C8, 0x08A6, 0x2044, 0x1043, 0x0843, 0x0823, 0x0022, 0x0823, 0x0022, 0x0022, 0x0022, 0x0022,
  0x0022, 0x20C4, 0x0064, 0x0064, 0x0022, 0x0043, 0x0022, 0x0022, 0x0022, 0x0022, 0x0022, 0x0022, 0x0022, 0x0022, 0x0042, 0x0064,
  0x10E8, 0x10E7, 0x0064, 0x0043, 0x0043, 0x0044, 0x0043, 0x0043, 0x0885, 0x0865, 0x0885, 0x0021, 0x0000, 0x0000, 0x0000, 0x0043,
  0x08A6, 0x1085, 0x0844, 0x10C7, 0x10A7, 0x08A6, 0x08A6, 0x10C7, 0x2906, 0x3903, 0x28C3, 0x0841, 0x0820, 0x0000, 0x0000, 0x0000,
  0x0085, 0x0000, 0x0000, 0x0000, 0x0021, 0x1000, 0x2801, 0x2001, 0x2842, 0x10C7, 0x08E8, 0x08C8, 0x00A6, 0x08A6, 0x0086, 0x0086,
  0x0086, 0x0085, 0x1107, 0x428E, 0x2189, 0x1928, 0x29CB, 0x3A4C, 0x21AA, 0x320B, 0x29CA, 0x29CA, 0x29EB, 0x2189, 0x29CA, 0x2189,
  0x1907, 0x1928, 0x0085, 0x0085, 0x0085, 0x0085, 0x0086, 0x0086, 0x0086, 0x00A6, 0x08A7, 0x08C7, 0x08C8, 0x08C8, 0x08C8, 0x08C7,
  0x08A7, 0x0086, 0x0086, 0x00A6, 0x0086, 0x0086, 0x0086, 0x0086, 0x00A6, 0x0086, 0x0086, 0x0086, 0x08A6, 0x08C7, 0x08C7, 0x10C7,
  0x08C7, 0x08C7, 0x08C8, 0x08E8, 0x10C8, 0x2064, 0x1844, 0x1044, 0x1044, 0x0043, 0x0043, 0x0043, 0x0023, 0x0043, 0x0043, 0x0022,
  0x1083, 0x0884, 0x0065, 0x0064, 0x0022, 0x0043, 0x0023, 0x0022, 0x0022, 0x0022, 0x0043, 0x0043, 0x0022, 0x0022, 0x0885, 0x1909,
  0x1929, 0x1108, 0x10E8, 0x08A6, 0x0043, 0x0064, 0x0064, 0x0043, 0x0885, 0x08A7, 0x1083, 0x0000, 0x0000, 0x0000, 0x0000, 0x0021,
  0x10A7, 0x10C7, 0x08A6, 0x10C7, 0x10C7, 0x08C7, 0x08A7, 0x10C7, 0x18C5, 0x1861, 0x1882, 0x0020, 0x20A2, 0x0841, 0x0000, 0x0000,
  0x0021, 0x0000, 0x0000, 0x0000, 0x0021, 0x1000, 0x2801, 0x1800, 0x2801, 0x3021, 0x10A6, 0x08E8, 0x08E8, 0x08C7, 0x08C7, 0x0086,
  0x0086, 0x0086, 0x0086, 0x29CA, 0x1948, 0x322C, 0x29CB, 0x426D, 0x1949, 0x320C, 0x31EB, 0x29CB, 0x31EB, 0x29CA, 0x3A4D, 0x29EA,
  0x320B, 0x1949, 0x0085, 0x0085, 0x0085, 0x0085, 0x0086, 0x0086, 0x0086, 0x0086, 0x0086, 0x0086, 0x0086, 0x00A6, 0x00A6, 0x0086,
  0x0086, 0x0086, 0x00A6, 0x0086, 0x0086, 0x0086, 0x0086, 0x0086, 0x00A6, 0x00A6, 0x0086, 0x00A6, 0x08C7, 0x08C7, 0x08C7, 0x08A6,
  0x08C7, 0x08C7, 0x08C7, 0x08C8, 0x1865, 0x1044, 0x1064, 0x1044, 0x0844, 0x0022, 0x0044, 0x0023, 0x0044, 0x0064, 0x0043, 0x0043,
  0x10A4, 0x0085, 0x0064, 0x0043, 0x0043, 0x0064, 0x0044, 0x0043, 0x0043, 0x0044, 0x0064, 0x0043, 0x0043, 0x0043, 0x192A, 0x1929,
  0x1109, 0x10E8, 0x10E8, 0x10E8, 0x0064, 0x0064, 0x08A6, 0x0886, 0x0085, 0x08C7, 0x20C4, 0x0800, 0x0000, 0x0000, 0x0000, 0x0042,
  0x08C7, 0x08C7, 0x10A7, 0x08A5, 0x10C7, 0x08C8, 0x10C7, 0x10C7, 0x10C7, 0x4124, 0x28C3, 0x0820, 0x0841, 0x0820, 0x0000, 0x0000,
  0x0022, 0x0000, 0x0000, 0x0000, 0x0021, 0x1000, 0x2801, 0x2000, 0x2000, 0x2801, 0x4001, 0x3843, 0x10C7, 0x08E8, 0x08C8, 0x08A7,
  0x00A6, 0x0086, 0x0086, 0x08C6, 0x08C6, 0x08C7, 0x08C6, 0x08E7, 0x10E7, 0x1108, 0x08C7, 0x08C6, 0x1107, 0x08C7, 0x1948, 0x08E7,
  0x08C6, 0x08C6, 0x0086, 0x0086, 0x0086, 0x0086, 0x0086, 0x0086, 0x0086, 0x0086, 0x0086, 0x0086, 0x0086, 0x0086, 0x0086, 0x0086,
  0x0086, 0x00A6, 0x00A6, 0x08C7, 0x08A6, 0x00A6, 0x00A6, 0x0086, 0x0086, 0x00A6, 0x0086, 0x08A7, 0x08A6, 0x08C7, 0x08A6, 0x08A6,
  0x08C8, 0x08C7, 0x08C7, 0x10A6, 0x1064, 0x0865, 0x1064, 0x0865, 0x0044, 0x0043, 0x0065, 0x0044, 0x0065, 0x0064, 0x0044, 0x0864,
  0x10A5, 0x0085, 0x0064, 0x0044, 0x0064, 0x0065, 0x0064, 0x0064, 0x0064, 0x0065, 0x0885, 0x10C7, 0x0886, 0x0064, 0x1908, 0x1909,
  0x1109, 0x10C7, 0x10C7, 0x10E8, 0x0885, 0x08A7, 0x1108, 0x08C7, 0x08A7, 0x08A6, 0x08A6, 0x1062, 0x0000, 0x0000, 0x0001, 0x08A6,
  0x08C7, 0x10C7, 0x08C7, 0x08A7, 0x10C7, 0x10C7, 0x10C7, 0x10C7, 0x08A6, 0x4123, 0x20A2, 0x0020, 0x1061, 0x0820, 0x0000, 0x0000,
  0x0042, 0x0000, 0x0000, 0x0000, 0x0021, 0x1000, 0x2801, 0x2801, 0x3000, 0x3001, 0x2801, 0x4001, 0x2863, 0x08C7, 0x08C8, 0x08C8,
  0x08C7, 0x08A6, 0x0086, 0x00A6, 0x00A6, 0x0086, 0x00A6, 0x00A6, 0x0086, 0x00A6, 0x0086, 0x0086, 0x00A6, 0x00A6, 0x00A6, 0x0086,
  0x00A6, 0x00A6, 0x0086, 0x0086, 0x0086, 0x0086, 0x0086, 0x0086, 0x0086, 0x0086, 0x00A6, 0x0086, 0x0086, 0x0086, 0x0086, 0x0086,
  0x00A6, 0x00A6, 0x00A6, 0x18E6, 0x10C6, 0x08A6, 0x00A6, 0x00A6, 0x08C7, 0x08A6, 0x00A6, 0x00A6, 0x08A6, 0x08C7, 0x08A5, 0x0884,
  0x08C7, 0x08C7, 0x08C7, 0x1085, 0x1064, 0x1064, 0x0865, 0x0064, 0x0064, 0x0044, 0x0065, 0x0065, 0x0065, 0x0065, 0x0065, 0x10A5,
  0x08A5, 0x0085, 0x0064, 0x0065, 0x0064, 0x0085, 0x0065, 0x0065, 0x0065, 0x0085, 0x1929, 0x1929, 0x1929, 0x1929, 0x1929, 0x1108,
  0x10E8, 0x08C7, 0x10E8, 0x10E8, 0x10C7, 0x1109, 0x10E8, 0x08C7, 0x0885, 0x0865, 0x08A6, 0x0021, 0x0000, 0x0000, 0x0000, 0x0885,
  0x0885, 0x0885, 0x08A6, 0x0885, 0x0885, 0x0885, 0x08A6, 0x08A6, 0x0884, 0x28C2, 0x20A2, 0x0020, 0x1061, 0x0820, 0x0000, 0x0000,
  0x0043, 0x0000, 0x0000, 0x0000, 0x0021, 0x1000, 0x2000, 0x3001, 0x3001, 0x3801, 0x2801, 0x2800, 0x4821, 0x28A5, 0x08C8, 0x08C7,
  0x08C7, 0x08C7, 0x08E7, 0x00A6, 0x08C6, 0x1928, 0x08E7, 0x1108, 0x08A6, 0x1928, 0x1128, 0x08E8, 0x08E7, 0x10E7, 0x1128, 0x00A6,
  0x1948, 0x00A6, 0x0086, 0x0086, 0x00A6, 0x0086, 0x00A6, 0x00A6, 0x00A6, 0x00A6, 0x00A6, 0x00A6, 0x00A6, 0x00A6, 0x00A6, 0x00A6,
  0x00A6, 0x00A6, 0x00A6, 0x30C5, 0x20A6, 0x00A6, 0x08A6, 0x08A7, 0x08A7, 0x08A7, 0x08C7, 0x08A6, 0x08A7, 0x08C7, 0x0864, 0x0043,
  0x08C7, 0x08C7, 0x10A6, 0x1065, 0x1065, 0x0885, 0x0885, 0x0865, 0x0885, 0x0085, 0x0085, 0x0085, 0x0065, 0x0085, 0x0885, 0x08C7,
  0x00A5, 0x0085, 0x0085, 0x0886, 0x0065, 0x0086, 0x0085, 0x0064, 0x0065, 0x08C7, 0x194A, 0x1929, 0x1909, 0x1908, 0x18E7, 0x1108,
  0x10E7, 0x10E7, 0x10C7, 0x10C7, 0x1108, 0x10E8, 0x08C6, 0x0042, 0x0820, 0x0000, 0x0000, 0x1020, 0x1020, 0x0000, 0x0820, 0x0000,
  0x0821, 0x0821, 0x0821, 0x0820, 0x0841, 0x0821, 0x0821, 0x0821, 0x0821, 0x0821, 0x0000, 0x0021, 0x0821, 0x0821, 0x0020, 0x0000,
  0x0043, 0x0000, 0x0000, 0x0000, 0x0821, 0x0021, 0x1822, 0x2801, 0x3001, 0x3801, 0x3001, 0x2001, 0x4000, 0x4084, 0x08C8, 0x08C8,
  0x08C7, 0x08C7, 0x29EC, 0x08A6, 0x2169, 0x3A4D, 0x1108, 0x322C, 0x1969, 0x428E, 0x196A, 0x3A6E, 0x428E, 0x29EB, 0x320C, 0x218A,
  0x320C, 0x08C7, 0x08A7, 0x08A6, 0x00A6, 0x00A6, 0x08A7, 0x00A6, 0x00A7, 0x00A6, 0x00A6, 0x08A7, 0x00A6, 0x00A6, 0x00A6, 0x00A6,
  0x00A7, 0x08C7, 0x08C7, 0x38C5, 0x4884, 0x18A6, 0x08C7, 0x08E8, 0x08E8, 0x08A7, 0x08C7, 0x08C7, 0x08C7, 0x08C7, 0x0864, 0x0843,
  0x08C7, 0x10A7, 0x1085, 0x1065, 0x08A6, 0x08A6, 0x08A6, 0x0085, 0x08A6, 0x0085, 0x08A6, 0x08A6, 0x0085, 0x08A7, 0x18E6, 0x08A6,
  0x0086, 0x0886, 0x0085, 0x08A6, 0x08A6, 0x0085, 0x08A6, 0x08C7, 0x0885, 0x10C7, 0x1929, 0x1108, 0x1909, 0x10E8, 0x0885, 0x10E8,
  0x10E8, 0x10C7, 0x10E8, 0x10C7, 0x08C7, 0x10C7, 0x08A5, 0x1040, 0x0000, 0x0000, 0x0000, 0x0800, 0x3040, 0x0820, 0x0000, 0x0000,
  0x0000, 0x0000, 0x0000, 0x0000, 0x0000, 0x0000, 0x0000, 0x0000, 0x0000, 0x0000, 0x0000, 0x0000, 0x0000, 0x0000, 0x0000, 0x0000,
  0x0043, 0x0000, 0x0000, 0x0000, 0x0021, 0x0864, 0x10E8, 0x1084, 0x2000, 0x3000, 0x3800, 0x3001, 0x3000, 0x5862, 0x18E7, 0x08C8,
  0x08C8, 0x08C7, 0x29EC, 0x29EB, 0x218A, 0x322C, 0x1129, 0x322D, 0x320C, 0x428E, 0x1969, 0x29CA, 0x322C, 0x322D, 0x320C, 0x1108,
  0x322C, 0x1108, 0x00A7, 0x08C7, 0x08C7, 0x08C7, 0x08C7, 0x08C7, 0x08C7, 0x08C7, 0x08C7, 0x08C7, 0x08A7, 0x08C7, 0x00A6, 0x08C7,
  0x08C7, 0x08C7, 0x08C7, 0x40E5, 0x5884, 0x6884, 0x18C7, 0x08E8, 0x08C7, 0x08C7, 0x08C7, 0x08C8, 0x08C7, 0x0085, 0x0043, 0x0043,
  0x0064, 0x10A6, 0x1086, 0x1086, 0x08A6, 0x08A6, 0x08C7, 0x08A6, 0x08C6, 0x08A6, 0x08C7, 0x08A6, 0x08A7, 0x10C7, 0x2905, 0x08A6,
  0x08A6, 0x08A6, 0x08A6, 0x00A5, 0x08A6, 0x08A6, 0x1108, 0x1929, 0x1108, 0x1929, 0x10E8, 0x10E8, 0x10E7, 0x18E7, 0x18A5, 0x10E8,
  0x10E8, 0x10C7, 0x08A6, 0x08C6, 0x08C7, 0x08C6, 0x08A6, 0x40C1, 0x1840, 0x1020, 0x0820, 0x0000, 0x1800, 0x0800, 0x0000, 0x0000,
  0x0000, 0x0000, 0x0000, 0x0000, 0x0000, 0x0000, 0x0000, 0x0000, 0x0000, 0x0000, 0x0000, 0x0000, 0x0000, 0x0000, 0x0000, 0x0000,
  0x0021, 0x0000, 0x0000, 0x0000, 0x0000, 0x10A5, 0x1109, 0x1109, 0x1109, 0x1084, 0x2842, 0x3000, 0x3800, 0x6020, 0x20C6, 0x08E8,
  0x08E8, 0x08E8, 0x08E8, 0x08E8, 0x00C7, 0x00C7, 0x08E8, 0x00C7, 0x08C7, 0x08C7, 0x08C7, 0x00C7, 0x08C7, 0x08E8, 0x08C7, 0x08C7,
  0x08C7, 0x08C7, 0x08C7, 0x08C7, 0x08C7, 0x08C7, 0x08C7, 0x08C7, 0x08C7, 0x00C7, 0x00C7, 0x08E8, 0x196B, 0x112A, 0x08C7, 0x08C7,
  0x08C7, 0x08C7, 0x08E8, 0x38E6, 0x48A5, 0x8083, 0x40A5, 0x20A6, 0x30C6, 0x20C7, 0x10C8, 0x10C8, 0x08C7, 0x0043, 0x0043, 0x0044,
  0x0043, 0x0865, 0x10C7, 0x10A7, 0x08C7, 0x08E8, 0x08C7, 0x08C7, 0x08C7, 0x08C7, 0x08C7, 0x08C7, 0x08C7, 0x18E7, 0x3105, 0x08C7,
  0x08C7, 0x08C7, 0x08C7, 0x08A6, 0x08A6, 0x10E8, 0x10E8, 0x10E7, 0x10E8, 0x10C7, 0x1108, 0x10E8, 0x10C7, 0x10A5, 0x1084, 0x10E8,
  0x10C7, 0x10C7, 0x10C7, 0x10C7, 0x08C7, 0x08C7, 0x08C7, 0x1084, 0x40C2, 0x1862, 0x1020, 0x0000, 0x1800, 0x1800, 0x1000, 0x1800,
  0x1000, 0x1000, 0x0800, 0x0000, 0x0021, 0x0022, 0x0022, 0x0022, 0x0021, 0x0820, 0x0820, 0x0000, 0x0000, 0x0000, 0x0000, 0x0000,
  0x0000, 0x0000, 0x0000, 0x0862, 0x0842, 0x0862, 0x0864, 0x110A, 0x1109, 0x1129, 0x1108, 0x1863, 0x4800, 0x5000, 0x20C7, 0x08E9,
  0x08E8, 0x08E8, 0x08E8, 0x08C7, 0x08E8, 0x08C7, 0x08C7, 0x08E8, 0x08C7, 0x08C7, 0x08E8, 0x08E8, 0x08C7, 0x08C7, 0x08C7, 0x08C7,
  0x08C7, 0x08C7, 0x08C7, 0x08C7, 0x08C7, 0x08E8, 0x08E8, 0x08E8, 0x08C7, 0x08C7, 0x08E8, 0x114A, 0x198C, 0x198C, 0x114B, 0x08C7,
  0x08E8, 0x08E8, 0x08E8, 0x18E8, 0x1909, 0x60C5, 0x7083, 0x28E7, 0x1109, 0x10E8, 0x10E8, 0x08A6, 0x0065, 0x0044, 0x0064, 0x0064,
  0x0043, 0x0043, 0x0065, 0x10E7, 0x10E8, 0x10E8, 0x10E8, 0x1108, 0x08E8, 0x1108, 0x08C7, 0x10E8, 0x10E8, 0x18E7, 0x20C4, 0x08E8,
  0x08E8, 0x10E8, 0x08E8, 0x10E8, 0x10E7, 0x08C6, 0x08C7, 0x08C7, 0x10C7, 0x10E7, 0x10E7, 0x10E7, 0x1108, 0x0885, 0x0043, 0x10C7,
  0x10E8, 0x10E8, 0x10E8, 0x10C7, 0x10C7, 0x10E7, 0x08C7, 0x08C7, 0x10C7, 0x10C6, 0x3081, 0x0000, 0x1800, 0x5000, 0x1800, 0x0800,
  0x2800, 0x3800, 0x3800, 0x3000, 0x1021, 0x0021, 0x0022, 0x0022, 0x0022, 0x0820, 0x0800, 0x0000, 0x0000, 0x0000, 0x0000, 0x0000,
  0x0000, 0x0000, 0x0000, 0x0021, 0x0021, 0x1063, 0x20C4, 0x18C6, 0x1109, 0x112A, 0x114A, 0x1109, 0x1821, 0x5020, 0x20C7, 0x08E8,
  0x08E8, 0x08E8, 0x1108, 0x29CB, 0x196A, 0x1129, 0x196A, 0x21CC, 0x1128, 0x21CB, 0x21AB, 0x21AB, 0x29EB, 0x1149, 0x29CB, 0x08E8,
  0x08E8, 0x08C7, 0x08E8, 0x08E8, 0x08E8, 0x08E8, 0x08E8, 0x08E8, 0x08E8, 0x08C7, 0x0909, 0x196C, 0x114A, 0x116B, 0x198B, 0x114A,
  0x112A, 0x0909, 0x1109, 0x1907, 0x112A, 0x0909, 0x40C6, 0x58C5, 0x1908, 0x10E8, 0x08C7, 0x0086, 0x0064, 0x0885, 0x0885, 0x0885,
  0x0064, 0x0064, 0x0064, 0x08A6, 0x1108, 0x10E8, 0x1109, 0x1109, 0x10E8, 0x1109, 0x1108, 0x1109, 0x10E8, 0x08A5, 0x0884, 0x08C7,
  0x10E8, 0x1108, 0x1108, 0x1108, 0x1108, 0x10E8, 0x10E8, 0x10E8, 0x10E8, 0x1108, 0x1108, 0x1108, 0x18E7, 0x1884, 0x0043, 0x0865,
  0x1109, 0x1108, 0x10E7, 0x10E7, 0x10C7, 0x10C7, 0x08C7, 0x10E8, 0x10C7, 0x10C7, 0x0863, 0x0000, 0x0800, 0x6820, 0x2800, 0x2800,
  0x0800, 0x1800, 0x2800, 0x3800, 0x3800, 0x3800, 0x3000, 0x1800, 0x1000, 0x0800, 0x0000, 0x0000, 0x0000, 0x0000, 0x0000, 0x0000,
  0x0000, 0x0000, 0x0000, 0x0021, 0x0842, 0x0842, 0x1882, 0x30E4, 0x114A, 0x112A, 0x112A, 0x112A, 0x1043, 0x4800, 0x20E7, 0x0909,
  0x0909, 0x08E8, 0x322D, 0x3A4D, 0x320C, 0x322D, 0x320D, 0x3A6D, 0x324D, 0x21CC, 0x198B, 0x1108, 0x21AB, 0x21AB, 0x29EC, 0x08E8,
  0x08E8, 0x08E8, 0x08E8, 0x08E8, 0x08E8, 0x08E8, 0x08E8, 0x08E8, 0x1129, 0x1129, 0x114B, 0x198C, 0x114B, 0x114A, 0x196B, 0x198C,
  0x196B, 0x116B, 0x1129, 0x10C6, 0x1129, 0x1129, 0x0909, 0x2908, 0x2108, 0x1109, 0x0885, 0x0085, 0x08A6, 0x0885, 0x08A6, 0x10A6,
  0x0864, 0x0865, 0x0064, 0x0885, 0x10E8, 0x1109, 0x1109, 0x1109, 0x08C7, 0x1129, 0x1109, 0x1109, 0x10A5, 0x20A5, 0x1085, 0x0864,
  0x10E8, 0x1109, 0x1109, 0x1109, 0x1109, 0x10C7, 0x1108, 0x1109, 0x1108, 0x10E8, 0x1909, 0x1909, 0x10A5, 0x0884, 0x0043, 0x0044,
  0x1929, 0x1108, 0x10E8, 0x1108, 0x10E8, 0x10C7, 0x10E7, 0x10C7, 0x10C7, 0x10C7, 0x0863, 0x0800, 0x0000, 0x6820, 0x4800, 0x2800,
  0x2800, 0x1000, 0x1800, 0x2000, 0x3000, 0x3800, 0x4000, 0x4000, 0x3800, 0x3000, 0x2800, 0x2800, 0x2000, 0x1800, 0x1800, 0x1000,
  0x0000, 0x0000, 0x0000, 0x0841, 0x0000, 0x0021, 0x1061, 0x3925, 0x196B, 0x196B, 0x196B, 0x114B, 0x1109, 0x2800, 0x3884, 0x112A,
  0x112A, 0x112A, 0x21CC, 0x19AB, 0x198B, 0x322C, 0x21AB, 0x198A, 0x21CC, 0x21CC, 0x218B, 0x1129, 0x21AB, 0x196A, 0x29CB, 0x1969,
  0x196A, 0x194A, 0x198A, 0x08E8, 0x08E8, 0x08E8, 0x0909, 0x112A, 0x114A, 0x196C, 0x114B, 0x114A, 0x114A, 0x1109, 0x114A, 0x114B,
  0x114A, 0x114A, 0x0909, 0x0043, 0x08E7, 0x114A, 0x112A, 0x1109, 0x1908, 0x08C7, 0x08A5, 0x08A5, 0x18C5, 0x18A5, 0x10A5, 0x28C6,
  0x0864, 0x1064, 0x0885, 0x0885, 0x08A6, 0x1129, 0x112A, 0x10E8, 0x08C7, 0x1129, 0x1129, 0x10E8, 0x5145, 0x6163, 0x28C4, 0x18A5,
  0x10A6, 0x1129, 0x1129, 0x1929, 0x1929, 0x18C6, 0x1909, 0x1909, 0x1109, 0x1929, 0x1929, 0x1908, 0x0884, 0x0885, 0x0064, 0x0043,
  0x08C6, 0x1129, 0x1109, 0x1909, 0x10E8, 0x1108, 0x10E8, 0x10E8, 0x10C7, 0x10A7, 0x0885, 0x1020, 0x0000, 0x4020, 0x7020, 0x2000,
  0x4000, 0x2800, 0x1000, 0x1800, 0x1800, 0x2000, 0x2800, 0x2800, 0x3800, 0x3800, 0x3800, 0x3800, 0x3800, 0x3000, 0x3000, 0x2800,
  0x0000, 0x0000, 0x0000, 0x0841, 0x0000, 0x0841, 0x30C2, 0x194A, 0x116B, 0x196B, 0x196B, 0x194B, 0x1129, 0x1821, 0x4820, 0x30C7,
  0x112A, 0x112A, 0x112A, 0x1109, 0x0909, 0x08E8, 0x0908, 0x0908, 0x0908, 0x0908, 0x0908, 0x0908, 0x0909, 0x08E8, 0x08E8, 0x08E8,
  0x08E8, 0x08E8, 0x08E8, 0x08E8, 0x08E8, 0x0908, 0x0908, 0x0909, 0x0909, 0x0909, 0x112A, 0x112A, 0x0909, 0x08E7, 0x114A, 0x114A,
  0x114B, 0x1108, 0x0085, 0x0064, 0x0064, 0x1129, 0x114A, 0x114A, 0x1108, 0x08A6, 0x10A5, 0x0863, 0x1083, 0x1084, 0x28C4, 0x28C3,
  0x0843, 0x20A3, 0x1083, 0x0864, 0x0885, 0x194A, 0x112A, 0x08A6, 0x0064, 0x1109, 0x1129, 0x2107, 0x6983, 0x5942, 0x28C3, 0x20A5,
  0x1085, 0x192A, 0x192A, 0x1929, 0x1108, 0x0885, 0x1929, 0x1909, 0x192A, 0x192A, 0x192A, 0x18E7, 0x0884, 0x0864, 0x0064, 0x0043,
  0x0885, 0x1929, 0x1929, 0x192A, 0x1109, 0x1108, 0x10E8, 0x10E7, 0x10E8, 0x10C7, 0x0885, 0x0820, 0x0000, 0x3840, 0x7040, 0x4000,
  0x3000, 0x4800, 0x3000, 0x2000, 0x2000, 0x1800, 0x2800, 0x2000, 0x2000, 0x2800, 0x2800, 0x2800, 0x2800, 0x2800, 0x2000, 0x2000,
  0x0000, 0x0000, 0x0000, 0x0021, 0x0841, 0x0021, 0x0841, 0x10E8, 0x196C, 0x196B, 0x196B, 0x114A, 0x116B, 0x1108, 0x2021, 0x5863,
  0x114B, 0x112A, 0x114A, 0x112A, 0x0909, 0x0909, 0x0908, 0x0909, 0x0909, 0x0909, 0x0908, 0x0908, 0x0908, 0x0908, 0x0908, 0x08E8,
  0x08E8, 0x08E8, 0x08E8, 0x0908, 0x0909, 0x0929, 0x0929, 0x0909, 0x112A, 0x112A, 0x112A, 0x112A, 0x10E8, 0x10C7, 0x116B, 0x116B,
  0x116B, 0x08E7, 0x08A6, 0x0064, 0x0064, 0x08C7, 0x116B, 0x116B, 0x2129, 0x1149, 0x20C3, 0x1882, 0x28C3, 0x1084, 0x18A4, 0x18A4,
  0x0064, 0x0064, 0x1883, 0x1883, 0x1108, 0x194A, 0x08C7, 0x0064, 0x0063, 0x08C7, 0x194A, 0x1129, 0x5944, 0x71A3, 0x30E4, 0x4124,
  0x10E7, 0x192A, 0x192A, 0x1929, 0x10A6, 0x0065, 0x08A6, 0x192A, 0x194A, 0x194A, 0x194A, 0x10C6, 0x10A4, 0x0864, 0x0043, 0x0044,
  0x0085, 0x192A, 0x1909, 0x1929, 0x194A, 0x194A, 0x1929, 0x1909, 0x1109, 0x1129, 0x18E7, 0x1840, 0x0000, 0x3840, 0x7020, 0x5800,
  0x3000, 0x4000, 0x4800, 0x3000, 0x2800, 0x2000, 0x2801, 0x2800, 0x2001, 0x2000, 0x2000, 0x2001, 0x2000, 0x2000, 0x2000, 0x2000,
  0x0000, 0x0000, 0x0000, 0x0862, 0x0842, 0x0862, 0x10A3, 0x10A4, 0x1083, 0x0862, 0x1129, 0x196B, 0x116B, 0x196B, 0x1929, 0x3862,
  0x194A, 0x114B, 0x114B, 0x19AC, 0x1129, 0x112A, 0x112A, 0x0909, 0x112A, 0x0909, 0x112A, 0x0909, 0x0909, 0x0909, 0x0908, 0x0909,
  0x08E8, 0x0909, 0x0909, 0x0929, 0x0909, 0x112A, 0x112A, 0x092A, 0x112A, 0x112A, 0x114A, 0x112A, 0x0085, 0x0064, 0x114A, 0x116B,
  0x116B, 0x08A6, 0x38E3, 0x1083, 0x1864, 0x1108, 0x19AC, 0x116A, 0x10C6, 0x08A6, 0x0064, 0x10A5, 0x20C5, 0x28E5, 0x28C4, 0x38E4,
  0x28C4, 0x20A4, 0x1884, 0x0884, 0x08A5, 0x08C6, 0x0885, 0x0884, 0x0864, 0x0064, 0x1109, 0x194A, 0x6984, 0x6984, 0x28C4, 0x0885,
  0x10E7, 0x214A, 0x214A, 0x18E7, 0x18A5, 0x0885, 0x0085, 0x1109, 0x194A, 0x194A, 0x1109, 0x0885, 0x1085, 0x1084, 0x0043, 0x0064,
  0x0063, 0x1108, 0x10E8, 0x1109, 0x194A, 0x192A, 0x1108, 0x1909, 0x1109, 0x1929, 0x10A5, 0x2060, 0x0000, 0x3020, 0x7040, 0x6820,
  0x4000, 0x2800, 0x4000, 0x4800, 0x3800, 0x2800, 0x2801, 0x2801, 0x2800, 0x2800, 0x2001, 0x2801, 0x2001, 0x2800, 0x2800, 0x2000,
  0x0000, 0x0000, 0x0000, 0x0000, 0x0000, 0x0020, 0x0821, 0x0021, 0x0821, 0x1062, 0x30C2, 0x08E8, 0x116B, 0x196B, 0x116B, 0x10A5,
  0x20E8, 0x114B, 0x116B, 0x116B, 0x196B, 0x19AC, 0x196B, 0x114B, 0x114A, 0x1129, 0x112A, 0x0929, 0x112A, 0x112A, 0x112A, 0x0929,
  0x0929, 0x112A, 0x112A, 0x112A, 0x112A, 0x1109, 0x1129, 0x112A, 0x114A, 0x112A, 0x114A, 0x08A6, 0x0085, 0x0064, 0x0085, 0x114A,
  0x08A6, 0x18A4, 0x0864, 0x0043, 0x0043, 0x0085, 0x198B, 0x1149, 0x1883, 0x30C3, 0x28C4, 0x28C4, 0x1084, 0x0863, 0x0864, 0x30C3,
  0x0843, 0x0863, 0x1084, 0x1884, 0x2084, 0x1063, 0x1085, 0x18A5, 0x1084, 0x1084, 0x0885, 0x3947, 0x5964, 0x6164, 0x30E5, 0x1085,
  0x0885, 0x2128, 0x2107, 0x3905, 0x4924, 0x20C5, 0x10A5, 0x10C7, 0x194A, 0x1108, 0x08A6, 0x0864, 0x0863, 0x0064, 0x0043, 0x0043,
  0x0043, 0x0085, 0x2107, 0x1908, 0x194A, 0x194A, 0x1909, 0x112A, 0x08E8, 0x192A, 0x0884, 0x2860, 0x0000, 0x0000, 0x6840, 0x7020,
  0x6820, 0x2800, 0x2800, 0x4800, 0x4800, 0x3800, 0x2800, 0x3040, 0x3040, 0x5900, 0x2800, 0x2801, 0x3000, 0x3000, 0x2800, 0x2000,
  0x0000, 0x0000, 0x0000, 0x0000, 0x0000, 0x0000, 0x0020, 0x0000, 0x0821, 0x0820, 0x1041, 0x08E7, 0x116B, 0x116B, 0x116B, 0x112A,
  0x20E8, 0x116B, 0x114B, 0x114A, 0x114A, 0x196B, 0x196C, 0x198C, 0x116B, 0x114A, 0x114B, 0x112A, 0x112A, 0x114A, 0x114A, 0x114A,
  0x112A, 0x114A, 0x114A, 0x114B, 0x114A, 0x0909, 0x114A, 0x116B, 0x116B, 0x116B, 0x1129, 0x10A6, 0x10A6, 0x0064, 0x0064, 0x08E8,
  0x116B, 0x08A5, 0x51C4, 0x0885, 0x28A3, 0x08C6, 0x198C, 0x1129, 0x114B, 0x08A5, 0x20A4, 0x18A4, 0x30E5, 0x4903, 0x30C4, 0x28C3,
  0x1863, 0x38C3, 0x20A3, 0x1884, 0x1883, 0x0884, 0x18A4, 0x2084, 0x28C4, 0x20A4, 0x0885, 0x4125, 0x6984, 0x6984, 0x3904, 0x10A5,
  0x1085, 0x10E7, 0x1129, 0x4126, 0x92C4, 0x30C4, 0x28C4, 0x1129, 0x194A, 0x08E8, 0x194A, 0x20C4, 0x3944, 0x20C4, 0x0044, 0x4123,
  0x0064, 0x1108, 0x2107, 0x10E7, 0x194A, 0x194A, 0x192A, 0x08E7, 0x08C6, 0x1109, 0x0884, 0x2060, 0x0000, 0x0000, 0x7860, 0x7020,
  0x6820, 0x3800, 0x2800, 0x3000, 0x4000, 0x4800, 0x4000, 0x4880, 0x3880, 0x3860, 0x4060, 0x50E0, 0x2800, 0x2800, 0x2000, 0x2800,
  0x0000, 0x0000, 0x0000, 0x0841, 0x0841, 0x0021, 0x0020, 0x0020, 0x0821, 0x0000, 0x0000, 0x08A5, 0x1108, 0x1108, 0x1108, 0x1108,
  0x114A, 0x116B, 0x114B, 0x114A, 0x116B, 0x116B, 0x116B, 0x116B, 0x114B, 0x116B, 0x116B, 0x114A, 0x114B, 0x114A, 0x114A, 0x114B,
  0x114A, 0x114B, 0x198C, 0x116B, 0x116B, 0x08E8, 0x1129, 0x198C, 0x198C, 0x198B, 0x1929, 0x10A5, 0x2905, 0x18A5, 0x1084, 0x08C6,
  0x196B, 0x08A6, 0x0885, 0x0885, 0x0043, 0x08C6, 0x198C, 0x08E7, 0x196B, 0x20C5, 0x38C3, 0x28C4, 0x7183, 0x38C2, 0x5943, 0x4904,
  0x28A4, 0x81A2, 0x30A3, 0x40E3, 0x30C4, 0x0884, 0x20C5, 0x28A4, 0x30C4, 0x30C4, 0x28C4, 0x71A4, 0xB2C3, 0x6184, 0x4125, 0x18A5,
  0x10A5, 0x0864, 0x1108, 0x4126, 0x4945, 0x20C5, 0x10A5, 0x10E8, 0x10E8, 0x00A5, 0x1129, 0x0884, 0x18C5, 0x1085, 0x0043, 0x0864,
  0x0064, 0x08E7, 0x4104, 0x1084, 0x194A, 0x192A, 0x10E8, 0x08C7, 0x08C7, 0x08E7, 0x0885, 0x2880, 0x0000, 0x0000, 0x7060, 0x6020,
  0x6820, 0x5000, 0x2800, 0x3000, 0x4080, 0x6940, 0x6940, 0x50C1, 0x48C0, 0x6120, 0x6120, 0x4060, 0x2801, 0x2800, 0x2000, 0x2800,
  0x0000, 0x0000, 0x0000, 0x0841, 0x1083, 0x0862, 0x0862, 0x0021, 0x0842, 0x0841, 0x0841, 0x0020, 0x0821, 0x1061, 0x0820, 0x1061,
  0x18A4, 0x10A5, 0x0884, 0x0884, 0x10E7, 0x196B, 0x116B, 0x116B, 0x114A, 0x114A, 0x114A, 0x114A, 0x116B, 0x114A, 0x114A, 0x116B,
  0x116B, 0x116B, 0x196B, 0x116B, 0x116B, 0x0085, 0x08A6, 0x198B, 0x198C, 0x198C, 0x18A5, 0x10A4, 0x10A4, 0x0043, 0x0043, 0x0065,
  0x114A, 0x0885, 0x10A5, 0x0885, 0x0064, 0x0885, 0x1129, 0x0084, 0x08E7, 0x3905, 0x9222, 0x40E4, 0xA262, 0x48E3, 0x92E4, 0x6163,
  0x30C4, 0xC3E4, 0x50E3, 0x8223, 0x4104, 0x1884, 0x5144, 0x69E4, 0x8223, 0x4904, 0x3904, 0x79A3, 0x81C3, 0x79A3, 0x4944, 0x18A5,
  0x20C5, 0x0864, 0x0885, 0x4125, 0x3905, 0x20C5, 0x10A5, 0x10C6, 0x08C6, 0x08A5, 0x10C6, 0x0885, 0x1085, 0x0885, 0x0043, 0x0064,
  0x0063, 0x20C4, 0x28E4, 0x0884, 0x08A6, 0x1109, 0x08E8, 0x1108, 0x08E7, 0x08C7, 0x0063, 0x3080, 0x0000, 0x0000, 0x6860, 0x5820,
  0x6820, 0x6020, 0x3800, 0x3020, 0x6920, 0x50A0, 0x48A0, 0x6121, 0x4881, 0x3860, 0x3040, 0x2800, 0x2801, 0x2801, 0x2800, 0x2800,
  0x0000, 0x0000, 0x0000, 0x0821, 0x0821, 0x0821, 0x0020, 0x0021, 0x0020, 0x0841, 0x0020, 0x0000, 0x0841, 0x0841, 0x0000, 0x1041,
  0x1041, 0x1041, 0x1041, 0x1861, 0x30A1, 0x1928, 0x116B, 0x116B, 0x114A, 0x114B, 0x114A, 0x114A, 0x194A, 0x114B, 0x196B, 0x116B,
  0x116B, 0x198C, 0x198C, 0x116B, 0x0908, 0x0086, 0x0064, 0x196B, 0x198C, 0x198C, 0x194A, 0x0885, 0x69E4, 0x1084, 0x1084, 0x08E8,
  0x10E7, 0x18C5, 0x2905, 0x10A5, 0x0864, 0x0863, 0x0065, 0x30E3, 0x18A5, 0x38E4, 0xA2C2, 0x38E3, 0xA304, 0x5103, 0x8AA4, 0x4903,
  0x28A4, 0xA344, 0x38C3, 0x8A83, 0x4103, 0x20A4, 0x6963, 0x5923, 0x6163, 0x6144, 0x5943, 0x9A23, 0xBAC3, 0x81E4, 0x5984, 0x18C5,
  0x20C5, 0x0064, 0x0043, 0x4104, 0x4924, 0x28C5, 0x10A5, 0x0885, 0x1107, 0x0085, 0x0885, 0x10A6, 0x18A5, 0x10A5, 0x0864, 0x18A4,
  0x3105, 0x30E4, 0x30E4, 0x20A4, 0x0884, 0x08A5, 0x08C7, 0x08C7, 0x08C6, 0x08C7, 0x0042, 0x48E0, 0x0000, 0x0000, 0x6840, 0x5820,
  0x6820, 0x7020, 0x5820, 0x2800, 0x3020, 0x3000, 0x2800, 0x50E0, 0x50E1, 0x3020, 0x5900, 0x5900, 0x50C0, 0x2800, 0x2800, 0x2800,
  0x0000, 0x0000, 0x0020, 0x0841, 0x1062, 0x0821, 0x0021, 0x0020, 0x0821, 0x0020, 0x0020, 0x0000, 0x0841, 0x0820, 0x0000, 0x0841,
  0x0820, 0x0820, 0x0820, 0x1020, 0x2860, 0x1908, 0x116B, 0x116B, 0x116B, 0x116B, 0x116B, 0x114A, 0x1109, 0x196B, 0x196B, 0x116B,
  0x114A, 0x198C, 0x198C, 0x118C, 0x08C7, 0x08A6, 0x0064, 0x08E8, 0x198C, 0x19AC, 0x114A, 0x08A5, 0x08A5, 0x0064, 0x0064, 0x08C7,
  0x08C6, 0x28E5, 0x3925, 0x18C5, 0x1884, 0x0864, 0x0884, 0x5983, 0x3905, 0x30E5, 0x30E4, 0x1084, 0x28E4, 0x20C5, 0x20A4, 0x20C4,
  0x1884, 0x20A4, 0x18A4, 0x20C4, 0x28A3, 0x20A4, 0x40E4, 0x28A3, 0x28C3, 0x3904, 0x8A03, 0xCB03, 0xD342, 0xA243, 0x61A4, 0x28C5,
  0x1084, 0x0064, 0x0043, 0x18A4, 0x3905, 0x28E5, 0x1085, 0x1085, 0x0885, 0x0864, 0x10A5, 0x10A5, 0x3105, 0x18A5, 0x1084, 0x3904,
  0x3125, 0x5124, 0x5944, 0x30E4, 0x0884, 0x0864, 0x0885, 0x10E8, 0x08A6, 0x08A6, 0x0063, 0x40C1, 0x0000, 0x0000, 0x6040, 0x7040,
  0x6820, 0x7020, 0x6820, 0x4800, 0x3000, 0x4060, 0x50E0, 0x6121, 0x3840, 0x40A0, 0x58E0, 0x3020, 0x50E0, 0x3880, 0x2800, 0x2800,
  0x0000, 0x0000, 0x0000, 0x0000, 0x0020, 0x0841, 0x1061, 0x1861, 0x1861, 0x1041, 0x1041, 0x1861, 0x1882, 0x0841, 0x0820, 0x1041,
  0x0820, 0x0820, 0x0820, 0x0820, 0x3080, 0x1928, 0x198C, 0x116B, 0x198C, 0x116B, 0x198B, 0x1129, 0x08E7, 0x116B, 0x198C, 0x198C,
  0x114A, 0x198C, 0x198C, 0x116B, 0x0885, 0x0085, 0x0064, 0x00A5, 0x198B, 0x114A, 0x194A, 0x10A5, 0x18C6, 0x0885, 0x0064, 0x0064,
  0x10A5, 0x18A4, 0x20C5, 0x20C5, 0x38E4, 0x18A5, 0x0064, 0x1084, 0x1084, 0x1084, 0x28C4, 0x4104, 0x5944, 0x4924, 0x69A4, 0x79C3,
  0x6963, 0x5124, 0x40E3, 0x30C4, 0x28C4, 0x20A3, 0x30C4, 0x28C4, 0x1883, 0x5124, 0xA243, 0xDC45, 0xB2C3, 0xA243, 0x61A4, 0x20C5,
  0x0884, 0x0843, 0x0043, 0x0864, 0x4105, 0x20C5, 0x1084, 0x28C4, 0x1084, 0x0884, 0x18A5, 0x20C4, 0x4924, 0x20A4, 0x1884, 0x20A3,
  0x20A3, 0x5123, 0x4103, 0x6164, 0x1063, 0x1083, 0x0064, 0x08C6, 0x00A5, 0x00A6, 0x0064, 0x38A1, 0x0000, 0x0000, 0x1800, 0x8860,
  0x6820, 0x7020, 0x6820, 0x5820, 0x3000, 0x4060, 0x7161, 0x5920, 0x3060, 0x5900, 0x48A0, 0x2800, 0x4080, 0x48C0, 0x2800, 0x2800,
  0x0000, 0x0000, 0x0000, 0x0000, 0x0000, 0x0000, 0x0000, 0x0000, 0x0000, 0x0000, 0x0000, 0x0000, 0x0000, 0x0800, 0x1040, 0x1040,
  0x1860, 0x1860, 0x1860, 0x1840, 0x38C2, 0x218B, 0x19AD, 0x19AD, 0x19AD, 0x19AC, 0x19AC, 0x08E8, 0x08A6, 0x198B, 0x19CD, 0x19AC,
  0x08E8, 0x19AC, 0x21CD, 0x1128, 0x20E6, 0x10A5, 0x18A5, 0x08A5, 0x116C, 0x08E8, 0x2128, 0x3905, 0x20E6, 0x10A5, 0x0884, 0x0884,
  0x28C5, 0x20E6, 0x18A4, 0x28E5, 0x7244, 0x1884, 0x18A4, 0x6963, 0x6144, 0x5923, 0x4924, 0x5944, 0x4903, 0x30C3, 0x28C4, 0x18A3,
  0x38E4, 0x20A3, 0x40E3, 0x5923, 0x6144, 0x6144, 0x5103, 0x1083, 0x0863, 0x71A3, 0xBAE3, 0xB324, 0x91C3, 0x89E3, 0x5964, 0x20A4,
  0x0884, 0x0864, 0x0043, 0x0064, 0x28C4, 0x20C5, 0x18A5, 0x20C5, 0x28C4, 0x4124, 0x20C5, 0x6983, 0x8A02, 0x4924, 0x59A3, 0x2082,
  0x48E2, 0xA2C3, 0x30C2, 0x8A63, 0x3103, 0x5963, 0x1084, 0x0884, 0x08C6, 0x00A5, 0x0884, 0x3081, 0x0000, 0x0000, 0x1000, 0x8860,
  0x7020, 0x6820, 0x6820, 0x7920, 0x4800, 0x2800, 0x2800, 0x48A0, 0x6120, 0x3820, 0x3040, 0x2800, 0x4080, 0x50C0, 0x2800, 0x2800,
  0x0000, 0x0000, 0x0000, 0x0000, 0x0000, 0x0000, 0x0000, 0x0000, 0x0000, 0x0000, 0x0000, 0x0000, 0x0000, 0x0000, 0x0000, 0x0000,
  0x0000, 0x0000, 0x0820, 0x1907, 0x196B, 0x21CD, 0x19CD, 0x19AD, 0x21CD, 0x21ED, 0x19AC, 0x08C6, 0x08C6, 0x114A, 0x21EE, 0x196B,
  0x08A6, 0x196A, 0x21CD, 0x198B, 0x08A5, 0x08A6, 0x0084, 0x0884, 0x1129, 0x08A6, 0x18C5, 0x28E6, 0x20E6, 0x10A5, 0x0864, 0x1084,
  0x28E5, 0x3105, 0x1884, 0x28C5, 0x30C4, 0x1884, 0x0884, 0x30E3, 0x28C3, 0x28C4, 0x30E4, 0x4924, 0x5123, 0x4104, 0x4904, 0x6164,
  0x30C3, 0x4104, 0x4904, 0x40E3, 0x38E4, 0x4104, 0x18A4, 0x0063, 0x0043, 0x4103, 0x9203, 0x9A43, 0xA243, 0x9203, 0x5143, 0x1084,
  0x1084, 0x0864, 0x0064, 0x0064, 0x1884, 0x30E4, 0x20C5, 0x20C5, 0x20C4, 0x4125, 0x20C5, 0x7A03, 0x6182, 0x5123, 0x79E3, 0x6983,
  0x5943, 0x7A03, 0x4924, 0x4103, 0x0864, 0x20A4, 0x1883, 0x18A4, 0x10C6, 0x0084, 0x0864, 0x2881, 0x0000, 0x0000, 0x1000, 0x8860,
  0x7020, 0x6820, 0x6820, 0x7940, 0x6020, 0x5000, 0x2800, 0x3000, 0x7160, 0x3860, 0x48A0, 0x3820, 0x50E0, 0x48A0, 0x2800, 0x2800,
  0x0000, 0x0000, 0x0000, 0x0000, 0x0841, 0x0000, 0x0000, 0x0000, 0x0021, 0x0000, 0x0000, 0x0000, 0x0000, 0x0000, 0x0000, 0x0000,
  0x0000, 0x2061, 0x31AA, 0x19CD, 0x21CD, 0x19CD, 0x21ED, 0x196B, 0x21CD, 0x21EE, 0x1128, 0x18E6, 0x10E6, 0x10E8, 0x21CD, 0x1128,
  0x18E6, 0x10E7, 0x21AC, 0x10E7, 0x10C5, 0x18C6, 0x10A5, 0x18C5, 0x0884, 0x08C6, 0x3106, 0x5125, 0x4105, 0x18A5, 0x20C4, 0x30C4,
  0x4965, 0x5184, 0x20C5, 0x38E5, 0x81E3, 0x3104, 0x3904, 0x20C3, 0x5944, 0x6165, 0x4104, 0x38E3, 0x5123, 0x5124, 0x4904, 0x6164,
  0x40E3, 0x40E4, 0x5103, 0x40E3, 0x4903, 0x5124, 0x10A5, 0x10A5, 0x0064, 0x0043, 0x8A03, 0xA243, 0x8A03, 0x71A3, 0x30E3, 0x18A4,
  0x18A5, 0x0864, 0x0064, 0x0043, 0x0863, 0x3905, 0x3105, 0x20E5, 0x20E5, 0x18E5, 0x08A4, 0x5144, 0x4924, 0x28C3, 0x30C3, 0x3904,
  0x4104, 0x38E4, 0x30C3, 0x3904, 0x0044, 0x0043, 0x0043, 0x0064, 0x0864, 0x0864, 0x0064, 0x40C0, 0x0000, 0x0000, 0x0800, 0x9080,
  0x7820, 0x6820, 0x6820, 0x70A0, 0x8920, 0x6040, 0x3800, 0x3860, 0x6120, 0x3020, 0x58E0, 0x6940, 0x50E0, 0x3020, 0x2800, 0x2800,
  0x0000, 0x0000, 0x0000, 0x0000, 0x0841, 0x0020, 0x0841, 0x0020, 0x0841, 0x0000, 0x0821, 0x0820, 0x0000, 0x0820, 0x0000, 0x1040,
  0x1040, 0x2061, 0x19CD, 0x19CD, 0x21CD, 0x21ED, 0x19AC, 0x1129, 0x21EE, 0x21EE, 0x1149, 0x18E6, 0x10C6, 0x1108, 0x21EE, 0x10C5,
  0x18C5, 0x18C6, 0x10C6, 0x18C6, 0x20C5, 0x20C6, 0x20C5, 0x18A4, 0x1085, 0x28C5, 0x5166, 0x79A4, 0x92C4, 0x18C5, 0x51A5, 0x61E4,
  0x4944, 0x28C4, 0x28E5, 0x20C5, 0x4123, 0x3904, 0x4104, 0x20A4, 0x5944, 0x4924, 0x5944, 0x6163, 0x6983, 0x81E3, 0x6963, 0x7183,
  0x5124, 0x6143, 0x5923, 0x6963, 0x5943, 0x28C4, 0x18C5, 0x20C5, 0x0064, 0x0043, 0x3904, 0xAA63, 0x6984, 0x5964, 0x28E4, 0x1084,
  0x20C5, 0x0864, 0x0043, 0x0043, 0x0043, 0x38E5, 0x3105, 0x20C5, 0x10C4, 0x08A4, 0x08A4, 0x4104, 0x4104, 0x30E3, 0x71A3, 0x69A3,
  0x8223, 0x8A23, 0x69A3, 0x8203, 0x38E3, 0x1884, 0x0864, 0x0064, 0x0043, 0x0063, 0x0864, 0x40C1, 0x0000, 0x0000, 0x0800, 0x8060,
  0x8040, 0x7020, 0x6820, 0x6820, 0x70C0, 0x91A0, 0x8980, 0x6940, 0x4080, 0x2800, 0x3020, 0x3840, 0x3020, 0x2800, 0x2800, 0x2800,
  0x0000, 0x0000, 0x0000, 0x0000, 0x0842, 0x0821, 0x0021, 0x0000, 0x1062, 0x0020, 0x0841, 0x1041, 0x0000, 0x1861, 0x1040, 0x1841,
  0x1840, 0x40C2, 0x19CD, 0x21CD, 0x21CD, 0x21EE, 0x196A, 0x10E7, 0x196B, 0x21ED, 0x1928, 0x2906, 0x18E6, 0x10E7, 0x1128, 0x3926,
  0x4125, 0x20C5, 0x4165, 0x2905, 0x4965, 0x49A6, 0x5165, 0x5124, 0x28E5, 0x6A24, 0x4125, 0x5964, 0x5964, 0x28E6, 0x18A5, 0x20C5,
  0x28E6, 0x28E5, 0x28E5, 0x18A5, 0x20A4, 0x20C4, 0x28C4, 0x3904, 0x79A3, 0x79A3, 0x6164, 0x8A03, 0x5943, 0x4903, 0x89E3, 0x81C3,
  0x6963, 0x5103, 0x81C3, 0x89E3, 0x6963, 0x20A4, 0x28C4, 0x3105, 0x0864, 0x0063, 0x0063, 0x81E3, 0x79C3, 0x4924, 0x10A4, 0x20C5,
  0x1084, 0x1884, 0x0043, 0x0064, 0x0044, 0x20A4, 0x20E5, 0x10A4, 0x10C4, 0x3944, 0x9223, 0x8A04, 0x8A03, 0x9A43, 0x81E3, 0x79C3,
  0x69A3, 0x6163, 0x69A3, 0x6183, 0x3904, 0x1084, 0x1084, 0x18A4, 0x18A5, 0x1084, 0x18A5, 0x2880, 0x0000, 0x0000, 0x0000, 0x6860,
  0x9060, 0x7020, 0x6820, 0x6820, 0x6820, 0x78A0, 0x7900, 0x50A0, 0x2800, 0x2800, 0x2800, 0x3000, 0x3000, 0x2800, 0x2800, 0x2800,
  0x0000, 0x0000, 0x0000, 0x0000, 0x0862, 0x1083, 0x1062, 0x0000, 0x1062, 0x0842, 0x0841, 0x0841, 0x0820, 0x1881, 0x1061, 0x1040,
  0x1020, 0x1861, 0x19CD, 0x19AD, 0x21CD, 0x21EE, 0x1928, 0x1907, 0x1928, 0x21ED, 0x1928, 0x2107, 0x2906, 0x18C6, 0x2906, 0x3126,
  0x3926, 0x4925, 0x5984, 0x3126, 0x3926, 0x3106, 0x20C5, 0x3905, 0x2906, 0x20E6, 0x3905, 0x6164, 0x5145, 0x28E5, 0x20C5, 0x20C5,
  0x20C5, 0x28E5, 0x30E5, 0x30E4, 0x4924, 0x4104, 0x5924, 0x5124, 0x81C3, 0x6163, 0x81A3, 0x9A43, 0x4903, 0x5103, 0x89E3, 0x9A23,
  0x89C3, 0x7183, 0x9203, 0x9203, 0x79A3, 0x18A4, 0x28A3, 0x20A3, 0x0863, 0x0864, 0x0883, 0x81C3, 0x6184, 0x4944, 0x1084, 0x18A4,
  0x10A4, 0x0863, 0x0063, 0x0084, 0x0063, 0x20A4, 0x08A4, 0x08A4, 0x18C4, 0x3124, 0x79C3, 0x4923, 0x5963, 0x20A3, 0x4903, 0x4903,
  0x4903, 0x20A3, 0x40E4, 0x6163, 0x0863, 0x0864, 0x0064, 0x0864, 0x0884, 0x0885, 0x1884, 0x5101, 0x0000, 0x0000, 0x0800, 0x8140,
  0x98C0, 0x7820, 0x6820, 0x6820, 0x6820, 0x6820, 0x5820, 0x4800, 0x3000, 0x2800, 0x2000, 0x2800, 0x4000, 0x3000, 0x2800, 0x2800,
  0x0000, 0x0000, 0x0000, 0x0000, 0x1062, 0x1083, 0x1083, 0x0020, 0x1083, 0x1082, 0x1062, 0x20A2, 0x0820, 0x20A2, 0x20A2, 0x1061,
  0x30A1, 0x5943, 0x19CD, 0x196B, 0x216A, 0x21CC, 0x2107, 0x2927, 0x2108, 0x2148, 0x2106, 0x4146, 0x4126, 0x4966, 0x20E5, 0x4925,
  0x4126, 0x7184, 0x5965, 0x28E5, 0x30E5, 0x3925, 0x18A3, 0x3905, 0x3105, 0x3105, 0x5945, 0x5146, 0x4946, 0x20C5, 0x28C5, 0x30E5,
  0x4925, 0x4925, 0x3105, 0x4924, 0x4924, 0x6984, 0x6984, 0x6164, 0x9223, 0x9203, 0xAA83, 0x7163, 0x6143, 0x7983, 0xA263, 0xA243,
  0xAA62, 0x99E2, 0xA263, 0x81C3, 0x4923, 0x28E4, 0x4145, 0x30E4, 0x1084, 0x0884, 0x0864, 0x4103, 0x4944, 0x10E4, 0x20C5, 0x38E4,
  0x18A4, 0x30C4, 0x0884, 0x1085, 0x0064, 0x0063, 0x00A3, 0x10A4, 0x0863, 0x18C5, 0x28E4, 0x81E4, 0x5943, 0x4104, 0x6983, 0x6143,
  0x71A3, 0x38E3, 0x6963, 0x6144, 0x0864, 0x1084, 0x0064, 0x1084, 0x08A5, 0x00A5, 0x1084, 0x1860, 0x0000, 0x0000, 0x0000, 0x7960,
  0xA160, 0x9160, 0x6820, 0x6020, 0x6820, 0x6820, 0x6820, 0x6020, 0x4800, 0x3000, 0x2001, 0x2000, 0x3800, 0x4000, 0x3000, 0x2800,
  0x0000, 0x0000, 0x0000, 0x0000, 0x1062, 0x1062, 0x1062, 0x0020, 0x1082, 0x1083, 0x1061, 0x30C2, 0x0840, 0x30E3, 0x28A2, 0x2081,
  0x38E2, 0x6163, 0x21AD, 0x214A, 0x2128, 0x298A, 0x3148, 0x3127, 0x3946, 0x4146, 0x3906, 0x2906, 0x3926, 0x4126, 0x4945, 0x5145,
  0x20A4, 0x4903, 0x38C2, 0x0841, 0x0021, 0x1881, 0x38E3, 0x1861, 0x28A1, 0x1882, 0x5965, 0x5965, 0x5145, 0x28E5, 0x30E5, 0x30E5,
  0x4945, 0x4105, 0x4925, 0x5944, 0x6164, 0x79A4, 0x89E3, 0x81C4, 0xAA83, 0xB283, 0xCB43, 0x89E3, 0x7183, 0x9A03, 0xBAE3, 0xAAA3,
  0xBAC3, 0xC303, 0xAA83, 0x7183, 0x38E3, 0x3904, 0x4944, 0x3904, 0x0863, 0x0864, 0x0864, 0x0063, 0x4944, 0x10E4, 0x18C5, 0x20A4,
  0x28C3, 0x28C4, 0x0884, 0x1084, 0x0864, 0x0063, 0x0884, 0x0884, 0x08C4, 0x0884, 0x18E4, 0x81C3, 0x9203, 0x5964, 0x79E3, 0x48C2,
  0x89E2, 0x5144, 0xA242, 0x8A03, 0x1084, 0x18A4, 0x0864, 0x1085, 0x08A5, 0x08C5, 0x18C5, 0x5101, 0x0800, 0x0000, 0x0000, 0x2080,
  0x5920, 0xAA40, 0x99C0, 0x70A0, 0x6820, 0x6820, 0x6820, 0x6820, 0x5800, 0x3800, 0x2801, 0x2000, 0x3000, 0x4000, 0x3000, 0x3000,
  0x0000, 0x0000, 0x0000, 0x0000, 0x0020, 0x0000, 0x0000, 0x0000, 0x0842, 0x1062, 0x0841, 0x28A2, 0x0820, 0x30C2, 0x2081, 0x2081,
  0x40E2, 0x6163, 0x218B, 0x2128, 0x5186, 0x3947, 0x3126, 0x3127, 0x5146, 0x5965, 0x4126, 0x3926, 0x6165, 0x9204, 0x6164, 0x7185,
  0x2082, 0x0021, 0x0022, 0x0021, 0x0021, 0x0000, 0x0820, 0x1062, 0x1061, 0x6161, 0x30C2, 0x4925, 0x4146, 0x3126, 0x4946, 0x4125,
  0x5945, 0x5944, 0x6144, 0x71A4, 0x7184, 0xAA43, 0xCAA2, 0xAA63, 0xBAC3, 0xDBA3, 0xDBE3, 0x9203, 0x91E2, 0xC2A2, 0xD363, 0xBB03,
  0xD322, 0xF484, 0xCB23, 0xA243, 0x5963, 0x38E4, 0x7183, 0x69A4, 0x18A4, 0x3903, 0x1084, 0x30E3, 0x39A4, 0x39A4, 0x20C4, 0x4943,
  0x4124, 0x71A4, 0x18A4, 0x3903, 0x1084, 0x0084, 0x08A4, 0x18E4, 0x10C4, 0x10A3, 0x2924, 0xAA43, 0xE4E7, 0x8203, 0x71C2, 0xA9E1,
  0xCBA3, 0x5943, 0xE464, 0xAB25, 0x20A4, 0x18A4, 0x1084, 0x18A5, 0x2167, 0x10C5, 0x20E5, 0x6161, 0x0000, 0x0000, 0x0000, 0x0000,
  0x0000, 0x1860, 0x2080, 0xC2A0, 0x99C0, 0x6840, 0x6820, 0x6820, 0x5820, 0x5000, 0x3000, 0x2800, 0x2800, 0x3800, 0x3800, 0x3000,
  0x0000, 0x0021, 0x0000, 0x0000, 0x1083, 0x1083, 0x0862, 0x0021, 0x1062, 0x1082, 0x0021, 0x0841, 0x1041, 0x0000, 0x1861, 0x1061,
  0x2061, 0x2061, 0x2948, 0x3968, 0x6186, 0x4966, 0x4147, 0x4946, 0x6985, 0x81C5, 0x4946, 0x5945, 0x6985, 0x81C4, 0x1861, 0x40E2,
  0x1083, 0x0000, 0x0000, 0x0000, 0x0000, 0x0000, 0x0021, 0x0021, 0x0841, 0x2081, 0x5941, 0x30C1, 0x3925, 0x5145, 0x6185, 0x6164,
  0x6984, 0x6164, 0x81E4, 0x8A03, 0x91E3, 0xC323, 0xF524, 0xCB03, 0xC303, 0xE463, 0xDC04, 0xA222, 0xB282, 0xCAE2, 0xF4A4, 0xBAE3,
  0xE3E2, 0xFE6D, 0xDBE3, 0xB282, 0x8243, 0x4923, 0x9263, 0x8A84, 0x20A4, 0x7243, 0x28A4, 0x6203, 0x4144, 0x7A23, 0x38E4, 0xA384,
  0x40E3, 0xAB83, 0x1083, 0x7203, 0x10A4, 0x0084, 0x08C4, 0x3144, 0x20E4, 0x0883, 0x2924, 0x9A23, 0xCBE6, 0x71A3, 0x81C3, 0xA202,
  0xA325, 0x4923, 0xAA63, 0x8A03, 0x18A4, 0x20A4, 0x10A4, 0x18E4, 0x20C4, 0x18C5, 0x28E5, 0x5941, 0x0000, 0x0000, 0x0000, 0x0000,
  0x0000, 0x0000, 0x0000, 0x6180, 0x89C0, 0xAA00, 0x7040, 0x6820, 0x6020, 0x5820, 0x5000, 0x2800, 0x2000, 0x2000, 0x3800, 0x3000,
  0x0000, 0x0021, 0x0000, 0x0000, 0x1083, 0x0841, 0x10A3, 0x0821, 0x18A3, 0x20A3, 0x18A2, 0x1882, 0x4123, 0x0020, 0x28A2, 0x30E2,
  0x5142, 0x6142, 0x4167, 0x5987, 0xA265, 0x79C5, 0x4966, 0x5986, 0xAA84, 0xC2E3, 0x71A5, 0x7185, 0x7184, 0xCB84, 0x40E1, 0x0000,
  0x0000, 0x0000, 0x0000, 0x0000, 0x0021, 0x0021, 0x0842, 0x1062, 0x1041, 0x1041, 0x4921, 0x69E0, 0x30C2, 0x5965, 0x5965, 0x6185,
  0x9A84, 0x9204, 0x8A04, 0x9A43, 0x91E3, 0xAA42, 0xD4CA, 0xA243, 0xAAA3, 0xC465, 0xC3A4, 0xA263, 0xCBE3, 0xB2A2, 0xDCE6, 0xA263,
  0xB2C2, 0x7265, 0xA2A3, 0x8A03, 0x5983, 0x3104, 0x4124, 0x3924, 0x1084, 0x18A4, 0x1084, 0x3103, 0x18A4, 0x5964, 0x30E4, 0x4985,
  0x20C4, 0x4164, 0x0863, 0x20C4, 0x18C5, 0x10A4, 0x18C3, 0x79C3, 0x6963, 0x30E3, 0x20C4, 0x5944, 0x6184, 0x30E4, 0x71A4, 0x6184,
  0x6984, 0x28C3, 0x5944, 0x5124, 0x1084, 0x20A3, 0x38E4, 0x20C4, 0x6164, 0x3905, 0x1883, 0x5920, 0x0820, 0x0000, 0x0000, 0x0000,
  0x0000, 0x0000, 0x0000, 0x0000, 0x1020, 0x7180, 0x99E0, 0x78C0, 0x6020, 0x5820, 0x5800, 0x4800, 0x2000, 0x2000, 0x3000, 0x3000,
  0x0000, 0x0842, 0x0000, 0x0000, 0x1062, 0x1083, 0x1083, 0x0842, 0x1062, 0x18A3, 0x20A2, 0x1882, 0x3903, 0x0820, 0x2081, 0x30C2,
  0x5122, 0x6142, 0x59A7, 0x79C6, 0xF4C5, 0xAA83, 0x5966, 0x6985, 0xEC24, 0xE4A6, 0x8A04, 0x79A4, 0x8224, 0xB363, 0x8202, 0x0000,
  0x0000, 0x0000, 0x0000, 0x0001, 0x0001, 0x0021, 0x0000, 0x0841, 0x0841, 0x1061, 0x0840, 0x38A0, 0xAB21, 0x30C3, 0x6185, 0x71A4,
  0x71A4, 0x69A5, 0x3904, 0x3105, 0x3905, 0x3904, 0x4925, 0x30E4, 0x4924, 0x4124, 0x3925, 0x3904, 0x38E4, 0x3905, 0x4104, 0x5964,
  0x4104, 0x4924, 0x5145, 0x4125, 0x5144, 0x81E3, 0xA243, 0xAA63, 0x30E4, 0x20C5, 0x20C5, 0x0884, 0x1084, 0x10A4, 0x18C4, 0x20C5,
  0x1084, 0x30E5, 0x20C4, 0x20C4, 0x18A4, 0x20A4, 0x28A3, 0x50E2, 0x48E3, 0x20C4, 0x20C3, 0x8A04, 0x71A4, 0x4104, 0x6164, 0x79A4,
  0x69A4, 0x3904, 0x7183, 0x79A3, 0x28A4, 0x40E3, 0x4924, 0x4903, 0x4924, 0x30E4, 0x20C4, 0x4900, 0x0000, 0x0000, 0x0000, 0x0000,
  0x0000, 0x0820, 0x0000, 0x0000, 0x0000, 0x0000, 0x9180, 0x91E0, 0x7900, 0x6040, 0x5800, 0x4800, 0x2800, 0x2000, 0x2800, 0x3000,
  0x0000, 0x0022, 0x0021, 0x0000, 0x1062, 0x1063, 0x0841, 0x0862, 0x1062, 0x20A3, 0x1061, 0x20A2, 0x4123, 0x0840, 0x28C2, 0x38E2,
  0x4922, 0x7182, 0x61A7, 0x89E5, 0x8AA5, 0x9A24, 0x69C6, 0x69C5, 0x9245, 0x9245, 0x5985, 0x5965, 0x4944, 0x1061, 0x1062, 0x0000,
  0x0000, 0x0000, 0x0000, 0x0000, 0x0000, 0x0000, 0x0000, 0x0000, 0x0000, 0x0800, 0x3900, 0x4920, 0xAB41, 0x3903, 0x6185, 0x81E4,
  0xA224, 0x81C4, 0x5145, 0x4946, 0x3904, 0x3905, 0x3105, 0x18C5, 0x18A4, 0x20C4, 0x28E5, 0x20E5, 0x20C4, 0x18A4, 0x20C4, 0x28E5,
  0x20C4, 0x28E5, 0x30E4, 0x28C4, 0x4125, 0xAA83, 0xD384, 0xCBC4, 0x3104, 0x30E4, 0x20C4, 0x10A4, 0x20A4, 0x28C4, 0x3905, 0x38E4,
  0x20A4, 0x4104, 0x30E5, 0x4104, 0x28A3, 0x30C4, 0x5903, 0x50E2, 0x40C3, 0x20A4, 0x28E4, 0x81E4, 0x71A4, 0x4104, 0x69A4, 0x5943,
  0x79C3, 0x3904, 0x71A4, 0x89E3, 0x30C3, 0x5943, 0x6143, 0x79A3, 0x5124, 0x4904, 0x28C4, 0x71C1, 0x0000, 0x0000, 0x0000, 0x0000,
  0x0820, 0x0820, 0x0000, 0x0000, 0x0000, 0x0000, 0x5040, 0x38A0, 0x7980, 0x8980, 0x6080, 0x4800, 0x4000, 0x2800, 0x2800, 0x2800,
  0x0000, 0x0000, 0x0000, 0x0000, 0x0000, 0x0000, 0x0000, 0x0021, 0x0020, 0x1041, 0x0821, 0x1882, 0x1040, 0x0820, 0x28A1, 0x30C2,
  0x6142, 0x7982, 0x4967, 0x4167, 0x5166, 0x5986, 0x3947, 0x4147, 0x4146, 0x5166, 0x3126, 0x3926, 0x4146, 0x1862, 0x0000, 0x0000,
  0x0000, 0x0000, 0x0000, 0x0000, 0x0000, 0x0000, 0x0000, 0x1000, 0x3880, 0x9100, 0x79C0, 0x6201, 0x30C2, 0x6185, 0x81E5, 0xC2A3,
  0xD322, 0xA243, 0x79C4, 0x2106, 0x3905, 0x2905, 0x3925, 0x10A4, 0x3105, 0x30E5, 0x3106, 0x3105, 0x3105, 0x28C4, 0x3925, 0x4105,
  0x4925, 0x4104, 0x5924, 0x40E4, 0x4124, 0xAA83, 0x8223, 0xBB43, 0x3904, 0x30E5, 0x20C4, 0x30E5, 0x20A3, 0x20C4, 0x28E4, 0x4104,
  0x20A4, 0x5944, 0x4104, 0x20A4, 0x5103, 0x7962, 0x7942, 0x5103, 0x38C3, 0x28A4, 0x28C4, 0x79A4, 0x4924, 0x4924, 0x6983, 0x1063,
  0x4103, 0x5144, 0x79A4, 0x79C4, 0x5123, 0x7982, 0xA1E2, 0xA1E2, 0x89E3, 0x5944, 0x5144, 0x69A1, 0x0000, 0x0000, 0x0000, 0x0020,
  0x0000, 0x0820, 0x0000, 0x0000, 0x0000, 0x1000, 0x6020, 0x1000, 0x0000, 0x48E0, 0x6960, 0x58A0, 0x4000, 0x3800, 0x2800, 0x2800,
  0x0000, 0x0000, 0x0000, 0x0020, 0x0000, 0x0000, 0x0000, 0x0000, 0x0000, 0x0000, 0x1062, 0x1061, 0x2081, 0x1861, 0x1040, 0x28A1,
  0x5921, 0x6142, 0x4167, 0x4167, 0x61A6, 0x61A6, 0x4167, 0x4167, 0x69A6, 0x61A6, 0x4966, 0x5966, 0x5966, 0x20A3, 0x0000, 0x0000,
  0x0000, 0x0000, 0x0000, 0x0000, 0x0000, 0x2000, 0x4040, 0x78E0, 0x88C0, 0x68E0, 0x2840, 0x0820, 0x5123, 0x6184, 0xA244, 0xE446,
  0xF525, 0xC2C3, 0x9204, 0x3106, 0x4925, 0x20C5, 0x30E5, 0x10A5, 0x3105, 0x10A4, 0x20C4, 0x10A4, 0x28E5, 0x18A5, 0x20E5, 0x20C4,
  0x4925, 0x30E4, 0x4904, 0x20C4, 0x30E4, 0x6184, 0x5964, 0x61A4, 0x20C4, 0x18A4, 0x10A4, 0x20C4, 0x0864, 0x18A4, 0x18A3, 0x28C4,
  0x20A5, 0x38E3, 0x30C3, 0x28A3, 0x7163, 0xC2C2, 0xC282, 0x7162, 0x38C3, 0x4104, 0x3904, 0x6164, 0x4924, 0x30E4, 0x4124, 0x1084,
  0x30E4, 0x4104, 0x71A4, 0xA243, 0x6963, 0x9A02, 0xDB01, 0xCAC2, 0xA243, 0x7183, 0x6164, 0x71C1, 0x0000, 0x0800, 0x0000, 0x0821,
  0x1041, 0x1041, 0x0820, 0x0000, 0x0000, 0x3000, 0x9120, 0x4820, 0x0000, 0x0000, 0x2860, 0x6920, 0x5860, 0x4000, 0x2800, 0x2800,
  0x0000, 0x0000, 0x0000, 0x0841, 0x0842, 0x0000, 0x0000, 0x0000, 0x0000, 0x0000, 0x20C3, 0x20A2, 0x28C2, 0x30C1, 0x28A2, 0x3902,
  0x6162, 0x81C2, 0x3968, 0x4987, 0x8205, 0x4967, 0x4147, 0x6186, 0x61A6, 0x4946, 0x4966, 0x4967, 0x6186, 0x6185, 0x3926, 0x1000,
  0x3000, 0x1000, 0x1000, 0x4800, 0x5860, 0x78E0, 0x70A0, 0x4860, 0x2060, 0x0820, 0x4961, 0x20C3, 0x4903, 0x79C5, 0x81E4, 0xA243,
  0xB2E3, 0xB283, 0x79C4, 0x3106, 0x4925, 0x20C5, 0x28E5, 0x10C5, 0x2906, 0x10A5, 0x18A4, 0x1084, 0x20E5, 0x18C5, 0x18A4, 0x18C5,
  0x3105, 0x4104, 0x69A4, 0x5184, 0x71C4, 0x79C4, 0x79C4, 0x81E4, 0x69A4, 0x8204, 0x9244, 0x8223, 0x8A03, 0x9A43, 0x8A23, 0xAAC3,
  0x79E3, 0xAA83, 0x71A3, 0x9223, 0xB2A2, 0xE4E9, 0xDBA4, 0xB262, 0x81C3, 0x81E3, 0x5963, 0x5144, 0x4104, 0x38E4, 0x4104, 0x20A4,
  0x3105, 0x3905, 0x5964, 0xA263, 0x9203, 0xB282, 0xFD87, 0xF482, 0xC2A2, 0x9203, 0x6963, 0x71C1, 0x0000, 0x1020, 0x0800, 0x0820,
  0x1041, 0x1861, 0x0020, 0x0000, 0x0000, 0x0800, 0x6100, 0x8900, 0x1000, 0x0000, 0x0000, 0x1840, 0x7140, 0x4840, 0x3800, 0x2800,
  0x0000, 0x0000, 0x0000, 0x0021, 0x1062, 0x0000, 0x0000, 0x0000, 0x0000, 0x0000, 0x20C3, 0x20A2, 0x3903, 0x38E1, 0x28A2, 0x30E2,
  0x5962, 0x79A3, 0x3968, 0x3968, 0x3967, 0x3947, 0x4167, 0x79E5, 0x4967, 0x4146, 0x3147, 0x3947, 0x3104, 0x3926, 0x28C4, 0x2820,
  0x1800, 0x2800, 0x3020, 0x3000, 0x3840, 0x1800, 0x0000, 0x30A0, 0x8202, 0x28C1, 0x72A5, 0x4125, 0x5986, 0x79E5, 0x89E4, 0x6984,
  0x6983, 0x89E4, 0x6185, 0x3106, 0x3905, 0x18C5, 0x28E6, 0x10C5, 0x20E6, 0x10A5, 0x18C5, 0x10A5, 0x20E5, 0x18C5, 0x18C5, 0x18C5,
  0x20C5, 0x20E5, 0x3925, 0x28E5, 0x6184, 0x71A4, 0x81C3, 0x69A4, 0x79C4, 0x81E4, 0x79C3, 0x79C4, 0x8A04, 0x71A4, 0x79C4, 0x89E3,
  0x81E3, 0x89E3, 0xA243, 0x81E3, 0xA263, 0x89C2, 0x5122, 0xBA82, 0x79C3, 0x5943, 0x5944, 0x4124, 0x30E4, 0x3905, 0x4924, 0x38E4,
  0x3904, 0x3904, 0x5964, 0xB2A3, 0x89E3, 0xC2C2, 0xDC48, 0xCB84, 0xC2C2, 0x79C3, 0x7183, 0x71A1, 0x0000, 0x0820, 0x0000, 0x0820,
  0x1861, 0x1861, 0x0000, 0x0820, 0x0800, 0x0000, 0x0000, 0x48C0, 0x1840, 0x0000, 0x0000, 0x0800, 0x5900, 0x4860, 0x3800, 0x2800,
  0x0000, 0x0000, 0x0000, 0x0000, 0x0841, 0x0000, 0x0000, 0x0000, 0x0000, 0x0000, 0x20A3, 0x18A2, 0x30E2, 0x30C1, 0x1881, 0x30E2,
  0x5121, 0x7182, 0x3967, 0x3968, 0x4167, 0x4966, 0x5187, 0x5187, 0x4967, 0x4987, 0x4167, 0x5986, 0x1061, 0x38C2, 0x4880, 0x4840,
  0x0000, 0x0000, 0x0000, 0x0000, 0x0000, 0x0000, 0x0000, 0x5920, 0x9A01, 0x71E2, 0x82E6, 0x5965, 0x6985, 0x71A5, 0x79A4, 0x69C5,
  0x9A43, 0x9224, 0x4965, 0x3106, 0x20E5, 0x20E6, 0x2106, 0x18C5, 0x18C5, 0x20E5, 0x2106, 0x18C5, 0x18C5, 0x18C5, 0x20E5, 0x20C5,
  0x20E5, 0x20E5, 0x5185, 0x5964, 0x6183, 0xB283, 0xE382, 0xB282, 0x69A4, 0x5144, 0x4944, 0x5144, 0x4124, 0x4124, 0x4944, 0x4924,
  0x79A3, 0xAA43, 0xD321, 0xC2C2, 0x8A03, 0x3904, 0x28E4, 0x5964, 0x5944, 0x4104, 0x30E5, 0x30E4, 0x30E5, 0x28E5, 0x5145, 0x6164,
  0x4924, 0x4944, 0x69A3, 0xA263, 0x89E3, 0xB2A2, 0x79A2, 0x9202, 0xA243, 0x7183, 0x6983, 0x5941, 0x0000, 0x0800, 0x0800, 0x0820,
  0x1861, 0x1841, 0x0000, 0x0000, 0x0000, 0x0000, 0x0000, 0x0000, 0x2860, 0x0000, 0x0000, 0x0000, 0x1840, 0x6100, 0x5060, 0x3800,
  0x0000, 0x0000, 0x0000, 0x0841, 0x0841, 0x0000, 0x0000, 0x0000, 0x0000, 0x0000, 0x0820, 0x1061, 0x1882, 0x1041, 0x1861, 0x20A1,
  0x28A1, 0x5922, 0x3988, 0x3968, 0x4188, 0x4188, 0x5187, 0x4988, 0x3127, 0x3147, 0x4167, 0x4167, 0x3946, 0x1840, 0x3860, 0x0000,
  0x0000, 0x0000, 0x0000, 0x0000, 0x0000, 0x0000, 0x0000, 0x3060, 0xAA62, 0xD384, 0x8305, 0x3905, 0x4946, 0x5166, 0x4146, 0x81E4,
  0x89E5, 0x5965, 0x3126, 0x3926, 0x20E5, 0x3127, 0x2106, 0x2906, 0x2106, 0x2906, 0x3126, 0x2906, 0x20E5, 0x28E5, 0x2906, 0x28E5,
  0x30E5, 0x4126, 0x5964, 0x69A4, 0x89E3, 0xE382, 0xFD87, 0xDB62, 0x79C3, 0x6164, 0x6164, 0x6184, 0x3925, 0x5965, 0x4125, 0x5944,
  0x79A3, 0xD342, 0xFD45, 0xDB41, 0xB2C3, 0x4124, 0x30E4, 0x30E4, 0x20C5, 0x20C4, 0x20E5, 0x3105, 0x4125, 0x6185, 0x6184, 0x6164,
  0x71C4, 0x69C4, 0x4944, 0x6164, 0x8204, 0x79C3, 0x7A03, 0x89E3, 0x79C4, 0x6184, 0x9A43, 0x2880, 0x0000, 0x0000, 0x0000, 0x0820,
  0x1861, 0x0820, 0x0000, 0x0000, 0x0000, 0x0000, 0x0000, 0x0000, 0x0000, 0x1820, 0x0000, 0x0000, 0x0000, 0x6120, 0x4880, 0x3800,
  0x0000, 0x0000, 0x0000, 0x0020, 0x1062, 0x0000, 0x0000, 0x0000, 0x0000, 0x0000, 0x20C3, 0x28C3, 0x28C2, 0x38C1, 0x30C2, 0x38E2,
  0x5122, 0x81E3, 0x4188, 0x4988, 0x4188, 0x49A8, 0x3968, 0x3168, 0x4987, 0x4988, 0x3968, 0x3968, 0x4987, 0x3926, 0x18A4, 0x18C4,
  0x0000, 0x0000, 0x0000, 0x0000, 0x0000, 0x0000, 0x2040, 0x8980, 0xC303, 0xD3A4, 0x6245, 0x3926, 0x3946, 0x2906, 0x6185, 0x69A5,
  0x61A5, 0x2906, 0x3126, 0x3126, 0x10C5, 0x20E6, 0x18C5, 0x20E6, 0x2106, 0x20E6, 0x18E5, 0x20E6, 0x2106, 0x20E5, 0x20E5, 0x18C5,
  0x20C5, 0x2906, 0x4125, 0x69A4, 0x9203, 0xDBE2, 0xCCCA, 0xDB42, 0x79C3, 0x5944, 0x5944, 0x3905, 0x3105, 0x3905, 0x4124, 0x4125,
  0x81C3, 0xDBA2, 0xE5AC, 0xE3C2, 0xAAA3, 0x3904, 0x20C5, 0x28E5, 0x20A4, 0x18C5, 0x3105, 0x4945, 0x5145, 0x6164, 0x6984, 0x69A5,
  0x6184, 0x28E5, 0x38E4, 0x4925, 0x4124, 0x5964, 0x4104, 0x5944, 0x4924, 0x4104, 0x9263, 0x30A0, 0x0000, 0x0820, 0x0800, 0x1041,
  0x2082, 0x1041, 0x0000, 0x0000, 0x0000, 0x0000, 0x2060, 0x3080, 0x0000, 0x0000, 0x0000, 0x0000, 0x0000, 0x0800, 0x5100, 0x50C0,
  0x0000, 0x0000, 0x0000, 0x0000, 0x1062, 0x0000, 0x0000, 0x0000, 0x0000, 0x0000, 0x1062, 0x1062, 0x28C2, 0x30C2, 0x28A2, 0x38E2,
  0x4922, 0x81E3, 0x3989, 0x3988, 0x3968, 0x4168, 0x2948, 0x3167, 0x3968, 0x3147, 0x3148, 0x3947, 0x3967, 0x3126, 0x1882, 0x5041,
  0x1800, 0x0800, 0x0000, 0x0000, 0x0000, 0x4840, 0x78A0, 0x68A0, 0x4900, 0x4942, 0x2906, 0x3106, 0x3947, 0x3126, 0x4146, 0x4946,
  0x3926, 0x18E6, 0x20E6, 0x18E5, 0x20E6, 0x2106, 0x20E6, 0x2106, 0x2106, 0x20E6, 0x20E6, 0x2106, 0x2906, 0x2906, 0x20E5, 0x20C5,
  0x20E5, 0x20C4, 0x3925, 0x6164, 0x81E4, 0x9A22, 0x5102, 0xAA62, 0x8A23, 0x79E4, 0x30E4, 0x18C5, 0x20E4, 0x20A4, 0x28E4, 0x30E4,
  0x6984, 0xBAC2, 0x7921, 0xB282, 0x9223, 0x28C4, 0x20C5, 0x20C4, 0x1084, 0x20E5, 0x3905, 0x4125, 0x61A5, 0x6184, 0x71C4, 0x79E4,
  0x3105, 0x18A5, 0x20C4, 0x20E5, 0x20C4, 0x20C3, 0x28E4, 0x28E4, 0x28E4, 0x4965, 0x9243, 0x2880, 0x0000, 0x0820, 0x0800, 0x0820,
  0x1861, 0x0820, 0x0000, 0x0000, 0x0000, 0x0000, 0x1840, 0x7920, 0x0800, 0x0000, 0x0000, 0x0000, 0x0000, 0x0000, 0x0820, 0x5920,
  0x0000, 0x0000, 0x0000, 0x0000, 0x1062, 0x0000, 0x0000, 0x0000, 0x0000, 0x0000, 0x18A3, 0x1882, 0x20A2, 0x2081, 0x1040, 0x20A1,
  0x4101, 0x6183, 0x4188, 0x3967, 0x4987, 0x3168, 0x3168, 0x3967, 0x4988, 0x4167, 0x3967, 0x20E6, 0x2883, 0x2821, 0x2800, 0x5821,
  0x4801, 0x4821, 0x4821, 0x7841, 0x8081, 0x6040, 0x5020, 0x7060, 0xA140, 0x4923, 0x3947, 0x3946, 0x2906, 0x5986, 0x6186, 0x5986,
  0x2906, 0x3926, 0x2927, 0x3946, 0x4147, 0x3127, 0x3947, 0x2926, 0x3126, 0x2927, 0x3127, 0x3126, 0x4146, 0x4986, 0x4146, 0x5985,
  0x3925, 0x5985, 0x4945, 0x69A4, 0x69C5, 0x61A4, 0x8203, 0x9223, 0x81E3, 0x4965, 0x20E5, 0x3926, 0x5985, 0x4965, 0x6184, 0x6184,
  0x79E3, 0x8203, 0x61A3, 0x69C4, 0x20E5, 0x20C5, 0x20C5, 0x18C5, 0x4125, 0x5145, 0x79E5, 0x71C5, 0x8205, 0x71C4, 0x71C4, 0x3904,
  0x20C4, 0x4125, 0x5185, 0x61A5, 0x5965, 0x5984, 0x69A4, 0x5145, 0x30E5, 0xB2E4, 0x79C3, 0x2061, 0x0000, 0x0820, 0x0820, 0x1040,
  0x2082, 0x2081, 0x0000, 0x0000, 0x0000, 0x0000, 0x0000, 0x6900, 0x8120, 0x0000, 0x1820, 0x0000, 0x0000, 0x0000, 0x0000, 0x0000,
  0x0000, 0x0000, 0x0000, 0x0000, 0x0821, 0x0000, 0x0000, 0x0000, 0x0000, 0x0000, 0x0841, 0x3061, 0x6081, 0x6061, 0x6861, 0x6861,
  0x6881, 0x5061, 0x10A3, 0x1083, 0x18A3, 0x2927, 0x3168, 0x2948, 0x2926, 0x10A3, 0x1883, 0x5021, 0x5021, 0x3000, 0x1000, 0x3801,
  0x5821, 0x7841, 0x6041, 0x3820, 0x3820, 0x5840, 0x9060, 0x5060, 0x50A0, 0x40A0, 0x2906, 0x3147, 0x3126, 0x5166, 0x4986, 0x3126,
  0x18E6, 0x18E6, 0x2106, 0x2106, 0x1906, 0x18E6, 0x1906, 0x2106, 0x1906, 0x1906, 0x18E6, 0x18E6, 0x18E6, 0x18E6, 0x2906, 0x20E6,
  0x18C5, 0x20E5, 0x28E5, 0x3105, 0x20C5, 0x5984, 0x79E4, 0x8204, 0x61A4, 0x20E5, 0x2106, 0x3126, 0x3925, 0x3105, 0x3105, 0x3104,
  0x71C3, 0x8203, 0x7A04, 0x18E5, 0x20E5, 0x20C5, 0x10A4, 0x18C5, 0x3105, 0x3105, 0x3905, 0x3905, 0x4124, 0x3905, 0x4125, 0x18C5,
  0x20C5, 0x3925, 0x3905, 0x4125, 0x3925, 0x3105, 0x3105, 0x20C4, 0x5144, 0x71C5, 0x5144, 0x2060, 0x0000, 0x1840, 0x1020, 0x1041,
  0x20A2, 0x1861, 0x0000, 0x0800, 0x2840, 0x0000, 0x0000, 0x7920, 0xBA20, 0x2040, 0x0000, 0x0000, 0x0000, 0x0000, 0x0000, 0x0000,
  0x0000, 0x0000, 0x0000, 0x0000, 0x0842, 0x0000, 0x0000, 0x0800, 0x2020, 0x5041, 0x6842, 0x7062, 0x7062, 0x7062, 0x8882, 0x7842,
  0x8881, 0x98A1, 0x9081, 0x9081, 0x9081, 0x4041, 0x2841, 0x2841, 0x3041, 0x7861, 0x5821, 0x5021, 0x2800, 0x5021, 0x4821, 0x1800,
  0x2000, 0x1800, 0x2020, 0x6041, 0x7861, 0x6040, 0x1800, 0x5141, 0xAB45, 0xDD6C, 0x62C7, 0x2906, 0x5186, 0x4987, 0x4167, 0x2106,
  0x2106, 0x3127, 0x3126, 0x3127, 0x2927, 0x2927, 0x2927, 0x2927, 0x2927, 0x3147, 0x3147, 0x4166, 0x3947, 0x5186, 0x3126, 0x4146,
  0x3925, 0x4965, 0x3125, 0x3925, 0x5185, 0x8224, 0x8A24, 0x8204, 0x20E5, 0x18C5, 0x18E5, 0x20E5, 0x20E5, 0x2905, 0x2906, 0x9264,
  0x9244, 0x9264, 0x3924, 0x18C5, 0x18C5, 0x10A5, 0x18C5, 0x3905, 0x5165, 0x61A5, 0x69A5, 0x79E5, 0x69A4, 0x69C5, 0x20E5, 0x18C5,
  0x3105, 0x28E5, 0x20C4, 0x28E5, 0x20C5, 0x20C5, 0x18C5, 0x4965, 0x8A44, 0x7A05, 0x38E2, 0x1840, 0x0000, 0x1020, 0x0000, 0x0000,
  0x0020, 0x0000, 0x0000, 0x0000, 0x0000, 0x60E0, 0x58E0, 0xDAC0, 0xBA00, 0x2860, 0x0000, 0x0000, 0x0000, 0x0000, 0x0000, 0x0000,
  0x0000, 0x0000, 0x0000, 0x0000, 0x0021, 0x0000, 0x3820, 0x6900, 0x9961, 0x8082, 0x7882, 0x7042, 0x7042, 0x7042, 0x6842, 0x6842,
  0x6842, 0x6842, 0x6842, 0x6842, 0x8062, 0x8062, 0x8062, 0x7042, 0x5842, 0x4821, 0x5021, 0x6041, 0x7042, 0x7041, 0x5821, 0x3000,
  0x3000, 0x5841, 0x7042, 0x7861, 0x5840, 0x4820, 0x2880, 0xA326, 0xBB45, 0xDC88, 0xD58D, 0x28E4, 0x4187, 0x4167, 0x2927, 0x2107,
  0x2927, 0x3947, 0x3127, 0x2927, 0x2127, 0x2927, 0x2927, 0x2927, 0x2126, 0x2926, 0x2106, 0x2906, 0x2106, 0x2926, 0x18E6, 0x20E5,
  0x18C5, 0x18E5, 0x10A5, 0x2906, 0x69C5, 0x71E5, 0x71C5, 0x4965, 0x10C5, 0x18E5, 0x28E5, 0x3105, 0x3125, 0x3126, 0x5165, 0x79E5,
  0x71C5, 0x5965, 0x18C5, 0x20C5, 0x18C5, 0x18A5, 0x2906, 0x3925, 0x5965, 0x6185, 0x6185, 0x6185, 0x5964, 0x3905, 0x4924, 0x4924,
  0x6185, 0x5965, 0x5164, 0x4944, 0x5964, 0x4125, 0x3925, 0x8205, 0x79E5, 0x5165, 0x1883, 0x2860, 0x0000, 0x1820, 0x0820, 0x0820,
  0x2081, 0x1840, 0x0000, 0x0800, 0x1020, 0xA9A0, 0xDAA0, 0xEB20, 0x3060, 0x0000, 0x0000, 0x0800, 0x0000, 0x0000, 0x0000, 0x0000,
  0x0000, 0x0000, 0x0000, 0x0000, 0x0820, 0x7140, 0xAA62, 0x8141, 0x8941, 0xAA22, 0x8902, 0x7862, 0x7042, 0x7042, 0x6842, 0x6842,
  0x6842, 0x6842, 0x6862, 0x6862, 0x6862, 0x6062, 0x5042, 0x5042, 0x6062, 0x6842, 0x7842, 0x6042, 0x5021, 0x2800, 0x2800, 0x5841,
  0x7042, 0x7861, 0x90E1, 0x5860, 0x3000, 0x4820, 0x5142, 0x71C3, 0xAAE5, 0xCC07, 0xC4CB, 0x20C4, 0x3947, 0x3127, 0x1907, 0x2127,
  0x2927, 0x2127, 0x2126, 0x2127, 0x2127, 0x2927, 0x2106, 0x2127, 0x3147, 0x3147, 0x2106, 0x3127, 0x3127, 0x3147, 0x3126, 0x3926,
  0x3926, 0x3926, 0x3126, 0x4965, 0x5985, 0x5985, 0x5165, 0x18C5, 0x10C5, 0x2906, 0x3946, 0x3946, 0x4146, 0x3926, 0x4944, 0x5985,
  0x5164, 0x20C5, 0x18C5, 0x18C5, 0x18C5, 0x20E5, 0x3926, 0x3925, 0x4145, 0x5165, 0x4945, 0x4945, 0x4925, 0x4924, 0x5964, 0x5144,
  0x5964, 0x6164, 0x5964, 0x4924, 0x5144, 0x3925, 0x4965, 0x5165, 0x5165, 0x3126, 0x1082, 0x38C0, 0x0000, 0x2860, 0x1040, 0x1040,
  0x30A1, 0x2060, 0x0000, 0x1000, 0xA1C0, 0xEB00, 0xEB40, 0x8160, 0x0800, 0x0000, 0x1820, 0x0800, 0x0000, 0x0000, 0x0000, 0x0000,
  0x0000, 0x0000, 0x0000, 0x0000, 0x3840, 0x3060, 0x4900, 0xB282, 0x99C1, 0x9182, 0x9182, 0x88E1, 0x6862, 0x6042, 0x5842, 0x6862,
  0x6862, 0x6862, 0x7082, 0x7082, 0x7062, 0x7042, 0x7062, 0x7042, 0x7062, 0x5841, 0x4821, 0x3021, 0x3821, 0x5841, 0x7042, 0x7062,
  0x7881, 0x9161, 0x5060, 0x2000, 0x6000, 0x2840, 0x8243, 0x4901, 0x9A63, 0xC408, 0xD4EB, 0x4184, 0x3947, 0x3947, 0x3127, 0x3947,
  0x3148, 0x3967, 0x3147, 0x2947, 0x2927, 0x3147, 0x2927, 0x7205, 0x3147, 0x2927, 0x3146, 0x2127, 0x2106, 0x2106, 0x18E6, 0x2106,
  0x20E6, 0x18E5, 0x20E6, 0x4145, 0x4965, 0x4965, 0x4146, 0x10E6, 0x18E5, 0x2106, 0x2906, 0x2926, 0x2906, 0x3125, 0x4945, 0x4945,
  0x4945, 0x10C5, 0x20E5, 0x10A5, 0x20E5, 0x3926, 0x3946, 0x4146, 0x4965, 0x5144, 0x5165, 0x5964, 0x7984, 0x6164, 0x79C4, 0x79C4,
  0x9204, 0x89C3, 0x7184, 0x5144, 0x7964, 0x6164, 0x6185, 0x5985, 0x6185, 0x3126, 0x1082, 0x30A0, 0x0000, 0x40A0, 0x2060, 0x1840,
  0x30A1, 0x3080, 0x0800, 0x1000, 0xA9C0, 0xF380, 0xF400, 0xD260, 0x1820, 0x1020, 0x50A0, 0x0800, 0x0000, 0x0000, 0x0000, 0x0000,
  0x0000, 0x0000, 0x0000, 0x0000, 0x0021, 0x0000, 0x0000, 0x1860, 0x9A41, 0x9981, 0x91C2, 0x8961, 0x6021, 0x78C2, 0x78A2, 0x7862,
  0x5041, 0x5041, 0x7101, 0x81C1, 0xB1E2, 0xA9A1, 0x8061, 0x7861, 0x7862, 0x7862, 0x7862, 0x7062, 0x7862, 0x7062, 0x7862, 0x9961,
  0x8181, 0x1020, 0x2800, 0x5820, 0x4020, 0x51A3, 0x82A7, 0x2880, 0x71A2, 0x5101, 0xB2C2, 0x51E2, 0x10C6, 0x08C6, 0x10E6, 0x18E7,
  0x1907, 0x2127, 0x2107, 0x18E6, 0x2106, 0x2926, 0x10C5, 0x4104, 0x2926, 0x3147, 0x2906, 0x3127, 0x3147, 0x2927, 0x3147, 0x3147,
  0x3147, 0x2927, 0x59A6, 0x61C6, 0x69E6, 0x69E6, 0x2126, 0x18E6, 0x3946, 0x4166, 0x4146, 0x3926, 0x3926, 0x69C5, 0x69C6, 0x61A6,
  0x3926, 0x20E6, 0x18E6, 0x3946, 0x5186, 0x59A6, 0x5986, 0x69A6, 0x81E5, 0x8205, 0x81E5, 0x91C4, 0xA223, 0x91E4, 0x9224, 0x89E3,
  0xAAC4, 0xAA83, 0x91E3, 0x79A4, 0xB263, 0x9A23, 0x9A24, 0x8A04, 0x5166, 0x4946, 0x20A3, 0x30A0, 0x0000, 0x3880, 0x2060, 0x1840,
  0x2080, 0x3080, 0x1020, 0x4080, 0x1820, 0xBA40, 0xFCE0, 0xF420, 0xB1E0, 0x3060, 0x68E0, 0x0800, 0x0800, 0x0000, 0x0000, 0x0000,
  0x0000, 0x0000, 0x0000, 0x0000, 0x0021, 0x0000, 0x0000, 0x0000, 0x6181, 0xA9C1, 0xAA41, 0x70A1, 0x99E1, 0x8941, 0x3840, 0x2820,
  0x2800, 0x2000, 0x2000, 0x1800, 0x2820, 0x7900, 0xB222, 0x9142, 0x88C1, 0x8922, 0x7862, 0x7062, 0x78A2, 0x8921, 0xA1E1, 0x3080,
  0x1000, 0x2000, 0x5020, 0x6020, 0x38C1, 0x7A86, 0x9369, 0x4963, 0x40C0, 0x89A0, 0xBAC2, 0x8A41, 0x0884, 0x114A, 0x1149, 0x1149,
  0x1149, 0x1129, 0x0908, 0x08E7, 0x08E7, 0x08C6, 0x0063, 0x20A3, 0x10C5, 0x10E7, 0x20E4, 0x08C5, 0x10C6, 0x10E7, 0x10C6, 0x10C5,
  0x10E6, 0x2107, 0x2106, 0x2926, 0x2926, 0x2106, 0x18E5, 0x2106, 0x2106, 0x2106, 0x18E6, 0x2106, 0x3126, 0x3126, 0x3926, 0x2926,
  0x18E5, 0x18C5, 0x3126, 0x3946, 0x4146, 0x4946, 0x4945, 0x5985, 0x79C5, 0x81E4, 0x9A03, 0xC2C2, 0xE3A2, 0xA243, 0xB283, 0xB2A3,
  0x9304, 0x4944, 0xA243, 0xA243, 0xE321, 0xAA43, 0x8A04, 0x71A5, 0x5965, 0x3926, 0x1882, 0x38A0, 0x0000, 0x3880, 0x2040, 0x1840,
  0x2080, 0x38A0, 0x1820, 0x78E0, 0x3880, 0xB9E0, 0xFCE2, 0xFD63, 0xE360, 0x60E0, 0xB9C0, 0x2860, 0x0800, 0x0000, 0x0000, 0x0000,
  0x0000, 0x0000, 0x0000, 0x0000, 0x0000, 0x0000, 0x0000, 0x0000, 0x50C0, 0xAA41, 0xA222, 0xB221, 0x48A0, 0x1800, 0x5820, 0x3800,
  0x3000, 0x3000, 0x3000, 0x2000, 0x2800, 0x1800, 0x3820, 0xA221, 0xA9E1, 0x99A1, 0x80C2, 0xA1E1, 0xBA42, 0x6121, 0x1000, 0x0800,
  0x2800, 0x4800, 0x7020, 0x1820, 0x38E2, 0x6A05, 0x7286, 0x82E7, 0x2060, 0x6920, 0x38A0, 0x8A40, 0x59C2, 0x1107, 0x2148, 0x51E6,
  0x49A6, 0x1949, 0x2169, 0x0884, 0x3126, 0x10E6, 0x0864, 0x3924, 0x20E4, 0x18E6, 0x18C5, 0x1968, 0x1948, 0x2147, 0x1948, 0x1107,
  0x2947, 0x1927, 0x1926, 0x2147, 0x1906, 0x1906, 0x10E6, 0x10E6, 0x10E6, 0x1906, 0x3126, 0x4966, 0x4986, 0x5186, 0x5986, 0x4146,
  0x4965, 0x4965, 0x4965, 0x59A5, 0x5985, 0x5165, 0x5985, 0x69C5, 0x8204, 0x6184, 0x9A23, 0xDC26, 0xFE6D, 0xC2E2, 0xDBC3, 0xA263,
  0x3105, 0x30E4, 0x71C4, 0xE3E2, 0xFDA5, 0xF402, 0x9224, 0x79C4, 0x5965, 0x4946, 0x28A3, 0x30A0, 0x0000, 0x40C0, 0x3080, 0x2060,
  0x48E1, 0x40C1, 0x1020, 0xCA80, 0xD260, 0xEB40, 0xF524, 0xFE88, 0xF3E0, 0xE2E0, 0xDA20, 0x58A0, 0x0800, 0x0000, 0x0000, 0x0000,
  0x0063, 0x08A4, 0x0884, 0x0862, 0x0020, 0x0000, 0x0000, 0x0000, 0x0800, 0x89E1, 0x71C1, 0x1020, 0x0001, 0x0821, 0x0800, 0x60E0,
  0x5820, 0x4000, 0x4800, 0x4840, 0x4020, 0x2000, 0x1800, 0x1020, 0x40E0, 0x9A01, 0x9201, 0x79C1, 0x2040, 0x1020, 0x18E6, 0x0000,
  0x0800, 0x2000, 0x3800, 0x1000, 0x1820, 0x1820, 0x1840, 0x30C1, 0x1020, 0x0820, 0x2860, 0x2060, 0x81C0, 0x5183, 0x2947, 0xBBE6,
  0xA2E4, 0x3948, 0x1969, 0x08A5, 0x0042, 0x1084, 0x18C5, 0x0863, 0x0863, 0x0863, 0x0863, 0x30E4, 0x3104, 0x1083, 0x2968, 0x49E9,
  0x49E8, 0x49E8, 0x6A68, 0x82C8, 0x9B67, 0x8B08, 0x6A68, 0x49C8, 0x29A9, 0x2189, 0x1107, 0x10E6, 0x18E6, 0x18E6, 0x18E6, 0x20E6,
  0x3106, 0x3946, 0x4146, 0x4965, 0x5165, 0x6185, 0x79E5, 0x8A05, 0x8A24, 0x9A63, 0x9223, 0x89C3, 0xAA63, 0x89E2, 0xC303, 0x6183,
  0x3905, 0x3905, 0x71A3, 0xC363, 0xEE0E, 0xB2E3, 0x8A04, 0x6185, 0x71C5, 0x4965, 0x28A2, 0x40E0, 0x0000, 0x40C0, 0x3880, 0x2060,
  0x40E1, 0x48C0, 0x8960, 0xF320, 0xF400, 0xFCA1, 0xFED1, 0xFECD, 0xFCE1, 0xF460, 0xEB60, 0xB9E0, 0x0800, 0x0800, 0x0000, 0x0000,
  0x0042, 0x0042, 0x0884, 0x08A5, 0x08C5, 0x0863, 0x0000, 0x0000, 0x0000, 0x2840, 0x0000, 0x0021, 0x0042, 0x0842, 0x0842, 0x0800,
  0x60C0, 0x7900, 0x6880, 0x78C0, 0x2800, 0x3000, 0x2800, 0x2000, 0x1000, 0x0000, 0x0042, 0x20A1, 0x3903, 0x1042, 0x08A5, 0x1800,
  0x2000, 0x2000, 0x2000, 0x1800, 0x2820, 0x2020, 0x2020, 0x48E0, 0x1820, 0x0000, 0x40A0, 0x6960, 0xAA80, 0x7A21, 0x18E5, 0x61C5,
  0x4965, 0x2128, 0x1928, 0x1907, 0x0064, 0x0043, 0x0043, 0x0863, 0x0884, 0x0863, 0x1063, 0x0843, 0x0043, 0x18E5, 0x3167, 0x4187,
  0x6205, 0x2968, 0x1927, 0x2127, 0x3988, 0x4166, 0x5186, 0x3967, 0x3147, 0x2148, 0x2148, 0x2148, 0x2948, 0x2147, 0x2127, 0x2147,
  0x1906, 0x1107, 0x1907, 0x08A5, 0x10C6, 0x10C6, 0x10C5, 0x18E5, 0x28E5, 0x3105, 0x5165, 0x5144, 0x71C4, 0x5985, 0x5144, 0x4924,
  0x5145, 0x6185, 0x5964, 0x5123, 0xA1C2, 0x5123, 0x79E4, 0x79E5, 0x69A5, 0x61A5, 0x28A2, 0x3080, 0x0000, 0x48C0, 0x3060, 0x2080,
  0x38C1, 0x40A0, 0xA1A0, 0xF3C0, 0xFD21, 0xFE6A, 0xFF34, 0xFEAD, 0xFE08, 0xFD41, 0xF400, 0xD260, 0x0800, 0x0800, 0x0000, 0x0000,
  0x0021, 0x0042, 0x0021, 0x0863, 0x0863, 0x0884, 0x08A4, 0x0000, 0x0021, 0x0021, 0x0021, 0x0022, 0x0842, 0x0842, 0x0862, 0x0842,
  0x3060, 0x8960, 0x7900, 0x3800, 0x4800, 0x3800, 0x3000, 0x1001, 0x1883, 0x2968, 0x10C4, 0x28C2, 0x20E4, 0x10C5, 0x0000, 0x3000,
  0x4800, 0x4800, 0x1020, 0x4163, 0x3123, 0x59E5, 0x6A04, 0x82C6, 0x59A1, 0x4120, 0x3080, 0x6120, 0x6940, 0x8200, 0x3101, 0x7A65,
  0x6A06, 0x2948, 0x194A, 0x29AB, 0x0908, 0x0064, 0x0043, 0x0064, 0x0084, 0x0063, 0x0063, 0x0063, 0x18A4, 0x41A8, 0x3988, 0x8A45,
  0xAAC4, 0x79E5, 0x3947, 0x2147, 0x4987, 0x9245, 0xCC05, 0x8A65, 0x3967, 0x2127, 0x1927, 0x2948, 0x2168, 0x3148, 0x2127, 0x2947,
  0x2948, 0x2906, 0x2126, 0x4104, 0x2148, 0x2148, 0x2927, 0x2927, 0x2128, 0x10C5, 0x10A4, 0x08A4, 0x10A5, 0x10A5, 0x10A5, 0x18C5,
  0x20E5, 0x20E5, 0x3105, 0x3105, 0x3925, 0x3105, 0x3106, 0x2906, 0x28E6, 0x2906, 0x1883, 0x2860, 0x0000, 0x50C0, 0x2060, 0x1860,
  0x2881, 0x3880, 0x8100, 0xF3C0, 0xFD83, 0xFF13, 0xFF35, 0xFF12, 0xFEF2, 0xFDA4, 0xF3E0, 0x7900, 0x0800, 0x0800, 0x0000, 0x0000,
  0x0000, 0x0001, 0x0021, 0x0021, 0x0000, 0x0022, 0x0042, 0x0021, 0x0000, 0x0000, 0x0000, 0x0000, 0x0021, 0x1062, 0x0021, 0x0841,
  0x0842, 0x1000, 0x4820, 0x5020, 0x4000, 0x2800, 0x0842, 0x1906, 0x61E8, 0x4944, 0x5122, 0x5185, 0x2926, 0x1020, 0x3000, 0x4000,
  0x6000, 0x3861, 0x3902, 0x6226, 0x6247, 0x7AA8, 0x82C6, 0xABC8, 0x30E1, 0x79C0, 0x30A0, 0x2060, 0x2860, 0x3080, 0xBB43, 0x5A04,
  0x3126, 0x2169, 0x1948, 0x08E7, 0x0085, 0x00A6, 0x08C6, 0x0084, 0x0085, 0x00A5, 0x08C6, 0x00A5, 0x00A5, 0x2106, 0x49A7, 0x8245,
  0xAAE4, 0x4965, 0x3147, 0x2927, 0x2926, 0x61C6, 0xBAC3, 0x5985, 0x2926, 0x1927, 0x1907, 0x1107, 0x1907, 0x2107, 0x1084, 0x30E4,
  0x20E5, 0x18C4, 0x10A3, 0x1083, 0x20C5, 0x0884, 0x3147, 0x2947, 0x3967, 0x4966, 0x3946, 0x59A5, 0x7AA4, 0x3946, 0x2127, 0x2106,
  0x10C5, 0x18C5, 0x08C6, 0x08A5, 0x08A5, 0x08A5, 0x10C5, 0x10A5, 0x10C5, 0x10A5, 0x0862, 0x3080, 0x0800, 0x2860, 0x1840, 0x1040,
  0x30A1, 0x2060, 0x0820, 0xA9C0, 0xF420, 0xFE68, 0xFF34, 0xFF35, 0xFE27, 0xFD00, 0xB220, 0x1840, 0x0800, 0x0000, 0x0000, 0x0000,
  0x0000, 0x0000, 0x0000, 0x0000, 0x0000, 0x0000, 0x0000, 0x0021, 0x0000, 0x0000, 0x0000, 0x0000, 0x0021, 0x1882, 0x0841, 0x0842,
  0x0842, 0x0021, 0x0820, 0x0820, 0x0820, 0x0883, 0x216A, 0x2969, 0x8246, 0x18C4, 0x6162, 0x18C4, 0x1020, 0x4000, 0x6020, 0x5820,
  0x3040, 0x5183, 0x7AA7, 0x6247, 0x6226, 0x82E8, 0x9BA9, 0xB408, 0x5141, 0x8A62, 0x3942, 0x48E0, 0x2860, 0x9A21, 0xCB23, 0xD424,
  0x3942, 0x2948, 0x1149, 0x1108, 0x1149, 0x08C7, 0x08A5, 0x00C5, 0x08C6, 0x1107, 0x1106, 0x2106, 0x10E7, 0x2906, 0x5186, 0x9A65,
  0xC343, 0x71C5, 0x2927, 0x2927, 0x4966, 0x8A25, 0xD466, 0x9264, 0x4967, 0x2127, 0x1907, 0x1907, 0x1907, 0x2927, 0x18E6, 0x0042,
  0x0863, 0x3903, 0x2082, 0x4902, 0x4123, 0x0863, 0x10A4, 0x3105, 0x38E3, 0x0863, 0x3947, 0x59A6, 0xABA5, 0x4987, 0x4146, 0x69C5,
  0x9AA4, 0x9AC5, 0x5165, 0x3147, 0x59C5, 0x3146, 0x1907, 0x2106, 0x1907, 0x08A5, 0x0862, 0x1040, 0x0000, 0x1020, 0x0000, 0x0000,
  0x2060, 0x8A00, 0x9A80, 0xAA20, 0xBAC0, 0xCB20, 0xCC63, 0xC3A3, 0xC300, 0xBA40, 0xA1E0, 0x91A0, 0x7100, 0x1820, 0x0000, 0x0000,
  0x0000, 0x0000, 0x0000, 0x0000, 0x0000, 0x0000, 0x0001, 0x0000, 0x0000, 0x0000, 0x0021, 0x0021, 0x0000, 0x0020, 0x0020, 0x0000,
  0x0000, 0x1062, 0x1063, 0x20C3, 0x4943, 0x2105, 0x218A, 0x2169, 0x49A7, 0x18E5, 0x28E3, 0x1041, 0x2000, 0x4820, 0x6040, 0x3881,
  0x4963, 0x7286, 0x7AC9, 0x6A47, 0x7AC7, 0x9389, 0x9BA9, 0x61E3, 0x6960, 0x4984, 0xCD0C, 0x2902, 0x2062, 0x7140, 0xB2A2, 0xD424,
  0x3982, 0x1928, 0x1949, 0x0908, 0x10E7, 0x1108, 0x3167, 0x2107, 0x1928, 0x2906, 0x2927, 0x51C7, 0x4166, 0x4987, 0x79E5, 0xBB03,
  0xED05, 0x9A24, 0x4146, 0x2927, 0x3967, 0x61A5, 0xAAA3, 0x7A25, 0x3947, 0x2106, 0x1907, 0x2128, 0x2128, 0x2128, 0x2927, 0x18C5,
  0x0022, 0x0042, 0x0863, 0x0863, 0x1063, 0x1884, 0x0863, 0x0063, 0x0042, 0x1084, 0x2947, 0x51A6, 0x9284, 0x3967, 0x3126, 0x5165,
  0xBB64, 0xDC24, 0x30E3, 0x20E5, 0x8245, 0x5186, 0x10A4, 0x2925, 0x1907, 0x2148, 0x10A4, 0x38A0, 0x0000, 0x3880, 0x1840, 0x2060,
  0x4901, 0x0000, 0x0800, 0x0800, 0x0800, 0x2020, 0x2040, 0x1820, 0x1820, 0x1000, 0x0000, 0x0000, 0x0000, 0x2040, 0x0800, 0x0000,
  0x0000, 0x0000, 0x0021, 0x0021, 0x0000, 0x0021, 0x0042, 0x0863, 0x0000, 0x0000, 0x0842, 0x0021, 0x0842, 0x1062, 0x0861, 0x18A3,
  0x1062, 0x1083, 0x1083, 0x1083, 0x5983, 0x30E2, 0x1129, 0x1949, 0x59E8, 0x1928, 0x1041, 0x3060, 0x3860, 0x0800, 0x0820, 0x51A4,
  0x7A86, 0x82E9, 0x72A8, 0x6226, 0x938A, 0xA389, 0x69E2, 0x1040, 0x4143, 0x9BAA, 0xEDEF, 0xCD0A, 0x10A3, 0x30C3, 0x40C0, 0x8262,
  0x3143, 0x1928, 0x10E7, 0x00C6, 0x08C6, 0x08E7, 0x1927, 0x2128, 0x10E6, 0x1906, 0x1927, 0x3167, 0x3966, 0x2948, 0x4166, 0x69C5,
  0x8244, 0x4145, 0x2127, 0x1927, 0x5186, 0x9264, 0xDCC7, 0x9A64, 0x4966, 0x1927, 0x1107, 0x08E6, 0x1107, 0x3188, 0x5A47, 0x3166,
  0x0085, 0x0064, 0x0085, 0x0085, 0x0084, 0x0043, 0x0043, 0x0043, 0x0085, 0x3168, 0x2148, 0x2947, 0x59A6, 0x1906, 0x2127, 0x4986,
  0xAAA3, 0xBAE3, 0x5964, 0x0084, 0x10A4, 0x18C4, 0x0884, 0x08A4, 0x0884, 0x28E5, 0x1062, 0x2880, 0x0000, 0x2860, 0x2060, 0x40C1,
  0x4901, 0x2080, 0x0820, 0x1020, 0x2860, 0x3060, 0x1020, 0x2020, 0x1020, 0x1020, 0x0800, 0x0000, 0x0820, 0x2040, 0x1020, 0x0000,
  0x0000, 0x0000, 0x0000, 0x0021, 0x0000, 0x0022, 0x0021, 0x0042, 0x0000, 0x0000, 0x0000, 0x0000, 0x0842, 0x0841, 0x0020, 0x1883,
  0x1082, 0x1062, 0x1062, 0x18A3, 0x38E2, 0x28C2, 0x1129, 0x216A, 0x3947, 0x1041, 0x4080, 0x2860, 0x0000, 0x0820, 0x4123, 0x28C2,
  0x3923, 0x6226, 0x8B28, 0x7AA7, 0x72A7, 0x4121, 0x0820, 0x4984, 0x7AA7, 0x9BCA, 0xD52D, 0xF650, 0x62C8, 0x08C5, 0x38E2, 0x3901,
  0x5185, 0x2169, 0x1949, 0x08E7, 0x1108, 0x2128, 0x3168, 0x4166, 0x2128, 0x3947, 0x2927, 0x5986, 0x71E6, 0x3967, 0x5986, 0xA2A4,
  0xD444, 0x71A4, 0x3147, 0x2948, 0x2927, 0x71E5, 0xC426, 0x8204, 0x4166, 0x2948, 0x1928, 0x1128, 0x1128, 0x1908, 0x2127, 0x08A5,
  0x08A6, 0x08A5, 0x10C5, 0x2147, 0x4186, 0x10C6, 0x08C6, 0x08A5, 0x08C6, 0x08C6, 0x2128, 0x3947, 0x7206, 0x2127, 0x2127, 0x5186,
  0xB324, 0xCBA3, 0x79C5, 0x10A4, 0x0063, 0x0064, 0x1084, 0x08A4, 0x10A5, 0x0884, 0x0021, 0x3080, 0x0000, 0x1840, 0x1020, 0x3081,
  0x4901, 0x4901, 0x0820, 0x0000, 0x0000, 0x2040, 0x0800, 0x0000, 0x0000, 0x0000, 0x0000, 0x0000, 0x2880, 0x2880, 0x0000, 0x0000,
  0x0000, 0x0000, 0x0000, 0x0021, 0x0000, 0x0000, 0x0000, 0x0000, 0x0000, 0x0000, 0x0000, 0x0000, 0x0000, 0x0000, 0x0000, 0x0841,
  0x0000, 0x0841, 0x0000, 0x0841, 0x1861, 0x20A2, 0x1929, 0x1108, 0x1841, 0x3860, 0x2040, 0x0020, 0x0020, 0x30E2, 0x59E5, 0x6A67,
  0x51C5, 0x28C1, 0x4142, 0x1882, 0x0883, 0x0062, 0x1040, 0x4963, 0x4984, 0x7AE9, 0xBC8C, 0xE5AE, 0xDDCE, 0x08A5, 0x1929, 0x4987,
  0x3968, 0x1108, 0x0908, 0x08C7, 0x08E7, 0x10E7, 0x3127, 0x8A24, 0x2148, 0x1907, 0x2928, 0x8245, 0x82A5, 0x3147, 0x4987, 0x8225,
  0xA2A3, 0x4146, 0x2127, 0x1907, 0x2927, 0x4966, 0x9AA4, 0x5185, 0x2127, 0x10C5, 0x10E6, 0x1108, 0x08E7, 0x08E7, 0x2128, 0x10E7,
  0x10C7, 0x1128, 0x1927, 0x2905, 0x71C3, 0x2106, 0x08E6, 0x08A5, 0x08C6, 0x08E6, 0x1927, 0x2926, 0x4966, 0x2948, 0x3148, 0x5166,
  0xC3C5, 0xDC45, 0x61A5, 0x3946, 0x0085, 0x0085, 0x0064, 0x0064, 0x0084, 0x0085, 0x0042, 0x1840, 0x0000, 0x1840, 0x0800, 0x1040,
  0x2881, 0x38C1, 0x38C1, 0x0820, 0x0000, 0x0000, 0x0000, 0x0000, 0x0000, 0x0000, 0x0000, 0x1860, 0x1020, 0x0800, 0x0000, 0x0000,
  0x0000, 0x0000, 0x0000, 0x0000, 0x0000, 0x0000, 0x0000, 0x0000, 0x0000, 0x0000, 0x0000, 0x0000, 0x0021, 0x0842, 0x0000, 0x0841,
  0x1061, 0x1882, 0x1882, 0x1083, 0x4124, 0x71A3, 0x08A5, 0x4921, 0x2040, 0x1840, 0x0021, 0x0084, 0x28E2, 0x59C5, 0x6A67, 0x7AC8,
  0x6A46, 0x8285, 0x7AA4, 0x10C6, 0x1108, 0x0908, 0x0862, 0x4963, 0x72C8, 0xAC0B, 0xC4CC, 0xBCAB, 0xDDCF, 0x0884, 0x1108, 0x3988,
  0x2948, 0x0908, 0x08E7, 0x0908, 0x1108, 0x3128, 0x9244, 0xCB44, 0x4986, 0x2148, 0x2927, 0x7A44, 0x8AE6, 0x3168, 0x5187, 0x71C5,
  0xAAE4, 0x5187, 0x1907, 0x2107, 0x1907, 0x4166, 0x8204, 0x4987, 0x1907, 0x0842, 0x0884, 0x08A5, 0x08C6, 0x08E7, 0x08E8, 0x08E7,
  0x10E7, 0x10E7, 0x1107, 0x9263, 0xEC22, 0x5185, 0x10E7, 0x08C6, 0x1107, 0x10E7, 0x1107, 0x2927, 0x3946, 0x1907, 0x1907, 0x3947,
  0x9244, 0xA263, 0x51A6, 0x18C6, 0x08A5, 0x10C6, 0x08C6, 0x08C6, 0x08C7, 0x08C6, 0x0063, 0x1040, 0x0000, 0x0800, 0x1860, 0x2080,
  0x1040, 0x0820, 0x0820, 0x1040, 0x1861, 0x0000, 0x0000, 0x0000, 0x0000, 0x0000, 0x0000, 0x0000, 0x0841, 0x0000, 0x0000, 0x0000,
  0x0000, 0x0000, 0x0000, 0x0000, 0x0000, 0x0000, 0x0000, 0x0000, 0x0000, 0x0000, 0x0000, 0x0000, 0x0000, 0x0821, 0x0000, 0x0821,
  0x1041, 0x20A2, 0x0841, 0x1062, 0x20A3, 0x5164, 0x1860, 0x79A0, 0x3080, 0x0043, 0x08E8, 0x08A5, 0x1881, 0x1881, 0x4184, 0x7287,
  0x7A86, 0xB3E7, 0x3964, 0x08E8, 0x1108, 0x1108, 0x1082, 0x6A25, 0x6267, 0x49C5, 0x3943, 0x8B48, 0x59A3, 0x08C6, 0x1129, 0x2949,
  0x2969, 0x0908, 0x08E7, 0x08E7, 0x1108, 0x3128, 0x8A64, 0xBBE7, 0x4146, 0x2128, 0x1907, 0x61C6, 0x69C5, 0x2947, 0x3147, 0x61C6,
  0xA325, 0x4146, 0x18E7, 0x10E7, 0x2107, 0x5186, 0x92E4, 0x69C6, 0x2907, 0x0063, 0x0022, 0x0863, 0x0863, 0x0043, 0x08A5, 0x08C6,
  0x1108, 0x1107, 0x08E7, 0xBC05, 0xF62C, 0x59C4, 0x1907, 0x08E7, 0x08E7, 0x08C6, 0x08E7, 0x1907, 0x3126, 0x18E6, 0x10E6, 0x3126,
  0xAAC4, 0xBB04, 0x4166, 0x18E6, 0x1907, 0x1107, 0x1107, 0x08E7, 0x08C6, 0x0085, 0x0021, 0x1020, 0x0000, 0x0000, 0x8A62, 0xAB03,
  0x9A62, 0x5142, 0x1062, 0x0021, 0x1041, 0x1020, 0x0000, 0x0000, 0x0000, 0x0000, 0x0000, 0x0000, 0x0000, 0x0021, 0x2082, 0x20A2,
  0x0000, 0x0000, 0x0000, 0x0000, 0x0000, 0x0000, 0x0000, 0x0000, 0x0000, 0x0021, 0x0021, 0x0021, 0x0041, 0x0021, 0x0000, 0x0821,
  0x0020, 0x1862, 0x0841, 0x0842, 0x1062, 0x4124, 0x0884, 0x1860, 0x0042, 0x08E8, 0x1108, 0x10E8, 0x0042, 0x1020, 0x0820, 0x20A1,
  0x28C1, 0x2923, 0x08C7, 0x08E8, 0x08E8, 0x1109, 0x08C6, 0x1882, 0x0840, 0x0800, 0x2040, 0x2880, 0x08A5, 0x1108, 0x0908, 0x2948,
  0x1928, 0x08E7, 0x08E7, 0x1129, 0x1129, 0x2128, 0x4146, 0x5165, 0x2128, 0x1948, 0x2128, 0x4987, 0x51A7, 0x2968, 0x4167, 0x71C5,
  0xA2E4, 0x4945, 0x2107, 0x1907, 0x1907, 0x4986, 0xA305, 0x59A6, 0x2107, 0x08A5, 0x0043, 0x0042, 0x0064, 0x0864, 0x0884, 0x0063,
  0x0884, 0x10E7, 0x2927, 0x4984, 0x69C3, 0x18C4, 0x08E7, 0x08C6, 0x08A5, 0x0884, 0x1107, 0x20E6, 0x10A5, 0x10A5, 0x2107, 0x3947,
  0xAB04, 0xA2A3, 0x4167, 0x2107, 0x18E7, 0x10E7, 0x10E6, 0x08A5, 0x61A3, 0x71E3, 0x5941, 0x38C0, 0x1860, 0x0820, 0x40E2, 0x28A2,
  0x3902, 0x4943, 0x4124, 0x61A4, 0x4102, 0x30E3, 0x28E3, 0x20A3, 0x18A3, 0x1083, 0x1883, 0x1083, 0x1062, 0x0842, 0x0842, 0x0021,
  0x0000, 0x0000, 0x0000, 0x0000, 0x0000, 0x0000, 0x0000, 0x0000, 0x0000, 0x0000, 0x0020, 0x0000, 0x0000, 0x0000, 0x0000, 0x0000,
  0x0000, 0x0020, 0x0020, 0x0020, 0x0000, 0x0821, 0x0063, 0x0063, 0x0063, 0x0085, 0x08C7, 0x08A5, 0x0000, 0x0000, 0x2860, 0x2081,
  0x0084, 0x08E7, 0x08E7, 0x08E8, 0x08E8, 0x08E8, 0x08E8, 0x08E7, 0x0000, 0x1000, 0x40C0, 0x5980, 0x08A5, 0x0908, 0x08E8, 0x1108,
  0x0908, 0x0908, 0x08E8, 0x08E8, 0x08E7, 0x1108, 0x3168, 0x7206, 0x2148, 0x1128, 0x1928, 0x3967, 0x51A7, 0x1928, 0x2128, 0x5186,
  0x7205, 0x2927, 0x1107, 0x08E7, 0x2108, 0x3127, 0x6A05, 0x2926, 0x1928, 0x1929, 0x0064, 0x0022, 0x0042, 0x0043, 0x0044, 0x0864,
  0x08A5, 0x2107, 0x28E5, 0x3966, 0x5206, 0x10E7, 0x1927, 0x08C6, 0x10E7, 0x28E5, 0x18A4, 0x0043, 0x0084, 0x1107, 0x1927, 0x4146,
  0x9284, 0x9284, 0x4146, 0x2927, 0x1107, 0x08E7, 0x08E7, 0x18E5, 0x4902, 0x28A1, 0x6162, 0x81E2, 0x9222, 0x5101, 0x1041, 0x0821,
  0x1062, 0x1062, 0x1062, 0x1083, 0x0000, 0x0000, 0x0000, 0x0000, 0x0000, 0x0000, 0x0000, 0x0000, 0x0000, 0x0000, 0x0000, 0x0000,
  0x0042, 0x0842, 0x0862, 0x1084, 0x1084, 0x0883, 0x10C5, 0x10C5, 0x10A5, 0x0842, 0x0041, 0x0000, 0x0000, 0x0041, 0x1083, 0x10A4,
  0x2105, 0x2125, 0x20E4, 0x20E4, 0x20E4, 0x3124, 0x0841, 0x1061, 0x20A1, 0x38E2, 0x1882, 0x0020, 0x0000, 0x0800, 0x2060, 0x0840,
  0x18A2, 0x1882, 0x20A2, 0x1082, 0x20A2, 0x20A2, 0x20A2, 0x18A2, 0x0000, 0x0820, 0x1840, 0x40E0, 0x4961, 0x10C4, 0x08A6, 0x1907,
  0x08C7, 0x0883, 0x1882, 0x28C2, 0x20A2, 0x18A2, 0x28C2, 0x3902, 0x1882, 0x1082, 0x18A2, 0x2905, 0x2106, 0x1907, 0x2128, 0x4168,
  0x49A7, 0x1907, 0x10C6, 0x08C6, 0x08C6, 0x1906, 0x4166, 0x2907, 0x10E7, 0x10C6, 0x10E7, 0x0043, 0x0043, 0x0042, 0x0042, 0x0043,
  0x0044, 0x08A6, 0x00A6, 0x0085, 0x08C6, 0x00A5, 0x0864, 0x0043, 0x0043, 0x0043, 0x0043, 0x0043, 0x18E6, 0x08E7, 0x2107, 0x2906,
  0x61C5, 0x7206, 0x3947, 0x1907, 0x10E6, 0x08C7, 0x00C6, 0x10A4, 0x38C1, 0x1861, 0x2081, 0x28A2, 0x38E2, 0x1040, 0x4922, 0x20A2,
  0x0841, 0x0820, 0x0841, 0x0862, 0x0000, 0x0000, 0x0000, 0x0000, 0x0000, 0x0000, 0x0000, 0x0000, 0x0000, 0x0000, 0x0000, 0x0000,
  0x0863, 0x0883, 0x0862, 0x0042, 0x0863, 0x10C5, 0x10C5, 0x0884, 0x10C5, 0x18E6, 0x1927, 0x10C5, 0x0863, 0x0000, 0x0021, 0x0863,
  0x1083, 0x10A4, 0x10A4, 0x18C5, 0x2106, 0x10A4, 0x0841, 0x20E4, 0x3966, 0x49A6, 0x51A5, 0x0000, 0x0800, 0x2060, 0x5100, 0x20A1,
  0x69E5, 0x4986, 0x61C5, 0x51A5, 0x61E5, 0x69E5, 0x7A24, 0x79E4, 0x0820, 0x1820, 0x1840, 0x2860, 0x7180, 0x5960, 0x28C2, 0x28E4,
  0x0821, 0x1861, 0x28E3, 0x4145, 0x4145, 0x69E5, 0x7204, 0x69E4, 0x51A5, 0x4165, 0x4964, 0x3903, 0x1882, 0x1883, 0x08A5, 0x2927,
  0x49A7, 0x2128, 0x1108, 0x1128, 0x1928, 0x4968, 0x7A06, 0x4188, 0x2148, 0x1929, 0x10E7, 0x0064, 0x0064, 0x0043, 0x0064, 0x0064,
  0x0064, 0x0064, 0x0064, 0x0064, 0x0064, 0x0064, 0x0043, 0x0043, 0x0043, 0x0043, 0x0043, 0x0085, 0x10C7, 0x08C6, 0x18E6, 0x3946,
  0x8245, 0x7A25, 0x2906, 0x1907, 0x08A6, 0x0086, 0x0085, 0x10A4, 0x30A1, 0x2081, 0x1861, 0x1882, 0x1061, 0x0000, 0x1882, 0x1882,
  0x2904, 0x20C4, 0x1082, 0x0021, 0x0021, 0x0021, 0x0000, 0x0021, 0x0021, 0x0021, 0x0021, 0x0821, 0x0821, 0x0000, 0x0021, 0x0000,
  0x0884, 0x0883, 0x10C5, 0x10C5, 0x0863, 0x0021, 0x0883, 0x10C5, 0x18E6, 0x18C5, 0x10C5, 0x10A4, 0x18C4, 0x0841, 0x0000, 0x0000,
  0x0000, 0x0000, 0x0020, 0x0021, 0x0021, 0x0862, 0x0020, 0x18A4, 0x10A4, 0x0863, 0x0021, 0x0000, 0x0000, 0x0000, 0x0820, 0x18A3,
  0x3125, 0x4145, 0x4165, 0x2905, 0x4965, 0x4124, 0x3104, 0x18A3, 0x0000, 0x0800, 0x1020, 0x0800, 0x0820, 0x1020, 0x28E3, 0x4985,
  0x4964, 0x20C3, 0x1061, 0x0841, 0x18A3, 0x28E4, 0x3104, 0x1883, 0x1062, 0x1062, 0x0841, 0x0021, 0x0021, 0x1042, 0x0021, 0x3147,
  0x61C6, 0x3147, 0x0907, 0x08C6, 0x08C6, 0x18C6, 0x3188, 0x1907, 0x08C6, 0x08A6, 0x0085, 0x0064, 0x0064, 0x0063, 0x0064, 0x0064,
  0x0064, 0x0084, 0x0085, 0x1107, 0x2126, 0x08C6, 0x08C6, 0x00A6, 0x08C6, 0x00A6, 0x0085, 0x0085, 0x08A5, 0x10C6, 0x10C6, 0x2127,
  0x6A05, 0x92A5, 0x3946, 0x1907, 0x08C6, 0x08A6, 0x0885, 0x1084, 0x1860, 0x1041, 0x2081, 0x1861, 0x1041, 0x0821, 0x0000, 0x0000,
  0x0020, 0x1062, 0x18A3, 0x1062, 0x0821, 0x0821, 0x0021, 0x0842, 0x0842, 0x0842, 0x0021, 0x0000, 0x0000, 0x0000, 0x0000, 0x0000,
  0x0842, 0x0042, 0x0863, 0x18C5, 0x0883, 0x18C5, 0x0020, 0x0000, 0x0021, 0x0021, 0x0000, 0x0000, 0x0842, 0x0841, 0x0000, 0x0000,
  0x0021, 0x0000, 0x0863, 0x0862, 0x0842, 0x0842, 0x0000, 0x0000, 0x0021, 0x0021, 0x0042, 0x0863, 0x10A4, 0x0863, 0x0863, 0x0884,
  0x0863, 0x0884, 0x0842, 0x0863, 0x0041, 0x0021, 0x0842, 0x0842, 0x0842, 0x0842, 0x20E4, 0x3923, 0x28E3, 0x3923, 0x4144, 0x3923,
  0x28E4, 0x1882, 0x20A3, 0x0000, 0x0000, 0x0841, 0x0000, 0x0021, 0x0821, 0x0821, 0x0021, 0x0001, 0x0021, 0x0020, 0x0021, 0x10E7,
  0x10E7, 0x10E7, 0x08E7, 0x0907, 0x1128, 0x2927, 0x61E6, 0x2928, 0x1108, 0x08E7, 0x00A6, 0x00A6, 0x0085, 0x00A6, 0x0064, 0x00C7,
  0x08C6, 0x08A6, 0x1107, 0x2989, 0x39E9, 0x10E6, 0x2108, 0x1107, 0x1907, 0x1107, 0x18E7, 0x1108, 0x1107, 0x0908, 0x10E7, 0x4147,
  0x69C5, 0x69A5, 0x3127, 0x2128, 0x1107, 0x08C6, 0x08C6, 0x08C5, 0x1062, 0x0000, 0x0820, 0x0820, 0x1041, 0x0841, 0x0000, 0x1040,
  0x0820, 0x0000, 0x0000, 0x0020, 0x0000, 0x0000, 0x0000, 0x0000, 0x0000, 0x0000, 0x0000, 0x0000, 0x0000, 0x0000, 0x0000, 0x0000,
  0x0000, 0x0842, 0x0000, 0x0000, 0x0000, 0x0000, 0x0000, 0x0000, 0x0000, 0x0000, 0x0000, 0x0021, 0x0821, 0x0841, 0x0000, 0x0000,
  0x0021, 0x0841, 0x0842, 0x0842, 0x0021, 0x0862, 0x0000, 0x0021, 0x0842, 0x0021, 0x0000, 0x0862, 0x0000, 0x0883, 0x0862, 0x1083,
  0x0021, 0x0021, 0x0021, 0x0862, 0x1083, 0x18C4, 0x20E4, 0x3125, 0x3945, 0x3944, 0x3104, 0x1082, 0x18A2, 0x0841, 0x0000, 0x0000,
  0x0821, 0x0021, 0x0021, 0x0000, 0x0000, 0x0842, 0x0021, 0x0021, 0x0821, 0x0021, 0x0021, 0x0000, 0x0021, 0x0000, 0x0000, 0x20E6,
  0x5187, 0x1907, 0x08C7, 0x0086, 0x0085, 0x08C7, 0x18E6, 0x08C6, 0x00A6, 0x0085, 0x0064, 0x0064, 0x0085, 0x0085, 0x00A5, 0x0085,
  0x00A6, 0x08C7, 0x08A5, 0x1927, 0x3967, 0x3946, 0x2906, 0x1107, 0x1907, 0x5123, 0x1083, 0x2927, 0x1107, 0x00A5, 0x10E7, 0x18E6,
  0x71E5, 0x71C4, 0x3947, 0x10E7, 0x18E6, 0x08A6, 0x08C6, 0x08C6, 0x18A4, 0x1840, 0x0820, 0x0000, 0x0000, 0x0000, 0x0000, 0x1061,
  0x1062, 0x0821, 0x0000, 0x0020, 0x0000, 0x0000, 0x0000, 0x0000, 0x0000, 0x0000, 0x0000, 0x0000, 0x0000, 0x0000, 0x0000, 0x0000,
  0x0000, 0x0021, 0x0021, 0x0000, 0x0000, 0x0000, 0x0821, 0x0000, 0x0000, 0x0000, 0x0000, 0x0000, 0x0821, 0x0841, 0x0000, 0x0000,
  0x0021, 0x0000, 0x0000, 0x0021, 0x0021, 0x0842, 0x0000, 0x0000, 0x0842, 0x0020, 0x0021, 0x0021, 0x0000, 0x0021, 0x0000, 0x1083,
  0x0021, 0x0000, 0x18A4, 0x0862, 0x1062, 0x0842, 0x0842, 0x0862, 0x0842, 0x0862, 0x0000, 0x0020, 0x0841, 0x0821, 0x0000, 0x0000,
  0x0000, 0x0020, 0x0021, 0x0000, 0x0000, 0x0021, 0x0842, 0x0021, 0x0021, 0x0021, 0x0021, 0x0000, 0x0000, 0x0000, 0x0000, 0x08C6,
  0x10E7, 0x08C6, 0x00A5, 0x00C7, 0x08C7, 0x10E7, 0x2906, 0x1107, 0x0908, 0x08C7, 0x00A6, 0x00A6, 0x00C7, 0x00C7, 0x08C7, 0x08C6,
  0x08E7, 0x08C7, 0x10E7, 0x1908, 0x2907, 0x61A5, 0x3926, 0x2107, 0x10E7, 0x0042, 0x0022, 0x0864, 0x28E6, 0x08C6, 0x08E6, 0x10E6,
  0x2926, 0x3126, 0x10E7, 0x10E7, 0x0085, 0x0085, 0x0085, 0x0085, 0x20A3, 0x2081, 0x1041, 0x0841, 0x0841, 0x0000, 0x0000, 0x0841,
  0x1061, 0x0821, 0x0020, 0x0821, 0x0000, 0x0000, 0x0000, 0x0000, 0x0000, 0x0000, 0x0000, 0x0000, 0x0000, 0x0000, 0x0000, 0x0000,
  0x0021, 0x0862, 0x0021, 0x0000, 0x0000, 0x0021, 0x0842, 0x1063, 0x0020, 0x0000, 0x0000, 0x0000, 0x0021, 0x0021, 0x0000, 0x0000,
  0x0000, 0x0000, 0x0000, 0x0000, 0x0021, 0x0021, 0x0000, 0x0021, 0x0021, 0x0020, 0x0842, 0x0841, 0x0000, 0x0841, 0x0821, 0x1063,
  0x0021, 0x0021, 0x1083, 0x0021, 0x0842, 0x0821, 0x0842, 0x0862, 0x0862, 0x1062, 0x0000, 0x0000, 0x0821, 0x0021, 0x0000, 0x0000,
  0x0000, 0x0000, 0x0000, 0x0000, 0x0000, 0x0000, 0x0000, 0x0020, 0x0000, 0x0000, 0x0000, 0x0000, 0x0000, 0x0000, 0x0021, 0x08A6,
  0x18C5, 0x08A6, 0x0085, 0x0085, 0x00A6, 0x08C6, 0x2126, 0x18E6, 0x00A6, 0x0064, 0x0064, 0x0064, 0x0064, 0x0064, 0x0064, 0x0064,
  0x00A6, 0x10E7, 0x1107, 0x2907, 0x4125, 0xA243, 0x6164, 0x2927, 0x20C6, 0x0022, 0x0022, 0x0022, 0x0863, 0x08A5, 0x0907, 0x2927,
  0x59C6, 0x69E6, 0x2106, 0x10E7, 0x08C6, 0x00C7, 0x08A6, 0x00A5, 0x20A3, 0x2081, 0x1041, 0x0841, 0x1082, 0x1082, 0x0020, 0x28A2,
  0x28C3, 0x1062, 0x0821, 0x1062, 0x0020, 0x0000, 0x0000, 0x0000, 0x0000, 0x0021, 0x0821, 0x0000, 0x0000, 0x0000, 0x0000, 0x0000,
  0x0000, 0x0841, 0x0000, 0x0000, 0x0000, 0x0021, 0x0862, 0x10A4, 0x0821, 0x0000, 0x0000, 0x0000, 0x0000, 0x0020, 0x0000, 0x0000,
  0x0000, 0x0020, 0x0000, 0x0000, 0x0000, 0x0000, 0x0000, 0x0000, 0x0000, 0x0000, 0x0021, 0x0021, 0x0000, 0x0021, 0x0862, 0x0021,
  0x0020, 0x0000, 0x0862, 0x0842, 0x0021, 0x0841, 0x0842, 0x0841, 0x1062, 0x0862, 0x0000, 0x0000, 0x0000, 0x0000, 0x0000, 0x0000,
  0x0000, 0x0000, 0x0000, 0x0000, 0x0000, 0x0000, 0x0000, 0x0000, 0x0000, 0x0000, 0x0000, 0x0000, 0x0821, 0x0821, 0x0041, 0x18A3,
  0x20A3, 0x1883, 0x0021, 0x0043, 0x0064, 0x0085, 0x08C6, 0x08A6, 0x0085, 0x0085, 0x0065, 0x0064, 0x0085, 0x0085, 0x00A6, 0x08A6,
  0x08C6, 0x1907, 0x2107, 0x3106, 0x9223, 0xEBE1, 0xBAE2, 0x4945, 0x2106, 0x0842, 0x0022, 0x0022, 0x0042, 0x0863, 0x1084, 0x10E7,
  0x2927, 0x2127, 0x08E7, 0x0085, 0x0064, 0x0085, 0x0084, 0x08A6, 0x20A3, 0x2082, 0x1041, 0x0800, 0x1082, 0x1062, 0x0000, 0x20A2,
  0x18A2, 0x1883, 0x0842, 0x1083, 0x0020, 0x0000, 0x0000, 0x0000, 0x0000, 0x0841, 0x0821, 0x0000, 0x0021, 0x0000, 0x0000, 0x0000,
  0x0000, 0x0842, 0x0000, 0x0000, 0x0000, 0x0001, 0x0862, 0x1084, 0x0842, 0x0000, 0x0000, 0x0000, 0x0000, 0x0000, 0x0000, 0x0041,
  0x0883, 0x10C4, 0x18E5, 0x10A4, 0x0842, 0x0020, 0x0000, 0x0000, 0x0000, 0x0000, 0x0000, 0x0000, 0x0000, 0x0000, 0x0021, 0x0000,
  0x0000, 0x0000, 0x0021, 0x0021, 0x0000, 0x0021, 0x0000, 0x0021, 0x0841, 0x0841, 0x0000, 0x0000, 0x0821, 0x0821, 0x0821, 0x0821,
  0x0821, 0x0821, 0x0821, 0x0821, 0x0821, 0x0821, 0x0821, 0x0821, 0x0821, 0x0821, 0x0821, 0x0821, 0x0821, 0x0821, 0x0821, 0x0821,
  0x0821, 0x0821, 0x0821, 0x0821, 0x0821, 0x0821, 0x0821, 0x0821, 0x0821, 0x0821, 0x0821, 0x0821, 0x0821, 0x0821, 0x0821, 0x0821,
  0x0821, 0x0821, 0x0821, 0x0821, 0x0821, 0xFE49, 0xE4E5, 0x5145, 0x3106, 0x0842, 0x0022, 0x0022, 0x0022, 0x0022, 0x0084, 0x10C5,
  0x51E7, 0x39A7, 0x1107, 0x10A6, 0x10C6, 0x08A6, 0x08A6, 0x0885, 0x1041, 0x1862, 0x1862, 0x0000, 0x1062, 0x1082, 0x0821, 0x20A1,
  0x3104, 0x18A3, 0x1062, 0x0842, 0x0021, 0x0000, 0x0000, 0x0000, 0x0000, 0x0842, 0x0021, 0x0021, 0x0020, 0x0000, 0x0000, 0x0000,
  0x0000, 0x0000, 0x0000, 0x0000, 0x0000, 0x0000, 0x0021, 0x0021, 0x1063, 0x0000, 0x0000, 0x0000, 0x0000, 0x0000, 0x0842, 0x0883,
  0x0862, 0x18C4, 0x10C4, 0x18C4, 0x2105, 0x2105, 0x1083, 0x0000, 0x0000, 0x0021, 0x0000, 0x0020, 0x0000, 0x0000, 0x0000, 0x0000,
  0x0000, 0x0000, 0x0000, 0x0000, 0x0000, 0x0000, 0x0000, 0x0000, 0x0000, 0x0000, 0x0000, 0x0000, 0x0821, 0x0821, 0x0821, 0x0821,
  0x0821, 0x0821, 0x0821, 0x0821, 0x0821, 0x0821, 0x0821, 0x0821, 0x0821, 0x0821, 0x0821, 0x0821, 0x0821, 0x0821, 0x0821, 0x0821,
  0x0821, 0x0821, 0x0821, 0x0821, 0x0821, 0x0821, 0x0821, 0x0821, 0x0821, 0x0821, 0x0821, 0x0821, 0x0821, 0x0821, 0x0821, 0x0821,
  0x0821, 0x0821, 0x0821, 0x0821, 0x0821, 0xDCE9, 0xB2E3, 0x4904, 0x3925, 0x20A4, 0x0022, 0x0022, 0x0022, 0x0022, 0x0042, 0x0085,
  0x10C6, 0x08C6, 0x0063, 0x0043, 0x0042, 0x0022, 0x0043, 0x0022, 0x0821, 0x0820, 0x0841, 0x0000, 0x0821, 0x0821, 0x0841, 0x20A1,
  0x3104, 0x18C4, 0x18A3, 0x1083, 0x0020, 0x0000, 0x0000, 0x0000, 0x0020, 0x0842, 0x0021, 0x0021, 0x0000, 0x0000, 0x0000, 0x0000,
  0x0000, 0x0000, 0x0000, 0x0000, 0x0000, 0x0000, 0x0000, 0x0021, 0x0863, 0x0000, 0x0000, 0x0000, 0x0000, 0x0000, 0x0000, 0x0021,
  0x0842, 0x0862, 0x1083, 0x0862, 0x1083, 0x10A3, 0x0841, 0x0821, 0x0000, 0x0000, 0x0000, 0x0841, 0x0021, 0x0000, 0x0021, 0x0000,
  0x0000, 0x0842, 0x0021, 0x0821, 0x0841, 0x0000, 0x0841, 0x0842, 0x0821, 0x0842, 0x0000, 0x0000, 0x0821, 0x0821, 0x0821, 0x0821,
  0x0821, 0x0821, 0x0821, 0x0821, 0x0821, 0x0821, 0x0821, 0x0821, 0x0821, 0x0821, 0x0821, 0x0821, 0x0821, 0x0821, 0x0821, 0x0821,
  0x0821, 0x0821, 0x0821, 0x0821, 0x0821, 0x0821, 0x0821, 0x0821, 0x0821, 0x0821, 0x0821, 0x0821, 0x0821, 0x0821, 0x0821, 0x0821,
  0x0821, 0x0821, 0x0821, 0x0821, 0x0821, 0x6963, 0x50E3, 0x4104, 0x3125, 0x20E5, 0x0042, 0x0022, 0x0022, 0x0022, 0x0042, 0x0043,
  0x0884, 0x0884, 0x0064, 0x0064, 0x0043, 0x0022, 0x0022, 0x0022, 0x0841, 0x0841, 0x0000, 0x0000, 0x0841, 0x0021, 0x0842, 0x1062,
  0x20E4, 0x18C4, 0x1083, 0x1083, 0x0021, 0x0000, 0x0000, 0x0000, 0x0000, 0x0842, 0x0842, 0x0000, 0x0000, 0x0000, 0x0000, 0x0000,
  0x0000, 0x0000, 0x0000, 0x0000, 0x0000, 0x0021, 0x0862, 0x0000, 0x0863, 0x0000, 0x0000, 0x0000, 0x0000, 0x0000, 0x0000, 0x0000,
  0x0021, 0x0000, 0x0000, 0x0021, 0x0000, 0x0000, 0x0020, 0x0021, 0x0000, 0x0000, 0x0000, 0x0000, 0x0021, 0x0000, 0x0021, 0x0000,
  0x0000, 0x0842, 0x0000, 0x0842, 0x0841, 0x0000, 0x0021, 0x0862, 0x1062, 0x0862, 0x0000, 0x0000, 0x0821, 0x0821, 0x0821, 0x0821,
  0x0821, 0x0821, 0x0821, 0x0821, 0x0821, 0x0821, 0x0821, 0x0821, 0x0821, 0x0821, 0x0821, 0x0821, 0x0821, 0x0821, 0x0821, 0x0821,
  0x0821, 0x0821, 0x0821, 0x0821, 0x0821, 0x0821, 0x0821, 0x0821, 0x0821, 0x0821, 0x0821, 0x0821, 0x0821, 0x0821, 0x0821, 0x0821,
  0x0821, 0x0821, 0x0821, 0x0821, 0x0821, 0x4124, 0x28C4, 0x10C5, 0x08A5, 0x0084, 0x0043, 0x0043, 0x0022, 0x0022, 0x0043, 0x0084,
  0x18E5, 0x20C5, 0x08A5, 0x0085, 0x0064, 0x0085, 0x0064, 0x0064, 0x1862, 0x1061, 0x0841, 0x0000, 0x0862, 0x1083, 0x0841, 0x1062,
  0x18A3, 0x18A3, 0x1062, 0x10A3, 0x0021, 0x0000, 0x0000, 0x0000, 0x0021, 0x0863, 0x0842, 0x0842, 0x0000, 0x0000, 0x0000, 0x0000,
  0x0000, 0x0000, 0x0000, 0x0000, 0x0000, 0x0000, 0x0842, 0x0000, 0x0841, 0x0000, 0x0000, 0x0000, 0x0000, 0x0000, 0x0000, 0x0000,
  0x0000, 0x0000, 0x0000, 0x0000, 0x0000, 0x0000, 0x0000, 0x0000, 0x0000, 0x0021, 0x0000, 0x0000, 0x0000, 0x0000, 0x0000, 0x0000,
  0x0000, 0x0821, 0x0000, 0x0841, 0x0841, 0x0000, 0x0000, 0x0821, 0x0821, 0x0021, 0x0000, 0x0000, 0x0821, 0x0821, 0x0821, 0x0821,
  0x0821, 0x0821, 0x0821, 0x0821, 0x0821, 0x0821, 0x0821, 0x0821, 0x0821, 0x0821, 0x0821, 0x0821, 0x0821, 0x0821, 0x0821, 0x0821,
  0x0821, 0x0821, 0x0821, 0x0821, 0x0821, 0x0821, 0x0821, 0x0821, 0x0821, 0x0821, 0x0821, 0x0821, 0x0821, 0x0821, 0x0821, 0x0821,
  0x0821, 0x0821, 0x0821, 0x0821, 0x0821, 0x5164, 0x3925, 0x1906, 0x08A6, 0x0085, 0x0043, 0x0043, 0x0043, 0x0043, 0x0085, 0x00A5,
  0x10E6, 0x18E6, 0x08C6, 0x0085, 0x0043, 0x0064, 0x0084, 0x0065, 0x0842, 0x0821, 0x0842, 0x0000, 0x0841, 0x0021, 0x0000, 0x0000,
  0x0021, 0x0842, 0x0841, 0x1083, 0x0020, 0x0000, 0x0000, 0x0000, 0x0021, 0x0862, 0x0842, 0x0842, 0x0000, 0x0000, 0x0000, 0x0000,
  0x0000, 0x0000, 0x0000, 0x0000, 0x0000, 0x0000, 0x0000, 0x0000, 0x0000, 0x0000, 0x0000, 0x0000, 0x0000, 0x0000, 0x0000, 0x0000,
  0x0021, 0x0000, 0x0000, 0x0000, 0x0000, 0x0000, 0x0000, 0x0000, 0x0000, 0x0021, 0x0042, 0x0001, 0x0000, 0x0000, 0x0021, 0x0000,
  0x0000, 0x0000, 0x0000, 0x0000, 0x0000, 0x0000, 0x0000, 0x0021, 0x0021, 0x0041, 0x0000, 0x0000, 0x0821, 0x0821, 0x0821, 0x0821,
  0x0821, 0x0821, 0x0821, 0x0821, 0x0821, 0x0821, 0x0821, 0x0821, 0x0821, 0x0821, 0x0821, 0x0821, 0x0821, 0x0821, 0x0821, 0x0821,
  0x0821, 0x0821, 0x0821, 0x0821, 0x0821, 0x0821, 0x0821, 0x0821, 0x0821, 0x0821, 0x0821, 0x0821, 0x0821, 0x0821, 0x0821, 0x0821,
  0x0821, 0x0821, 0x0821, 0x0821, 0x0821, 0x3925, 0x20E5, 0x00A5, 0x0084, 0x0064, 0x0064, 0x0064, 0x0043, 0x0063, 0x0043, 0x0064,
  0x0084, 0x0885, 0x0043, 0x0043, 0x0043, 0x0043, 0x0063, 0x0022, 0x0021, 0x0000, 0x0821, 0x0000, 0x0862, 0x0841, 0x0000, 0x1882,
  0x20E4, 0x0021, 0x0021, 0x0021, 0x0000, 0x0000, 0x0000, 0x0000, 0x0000, 0x0000, 0x0000, 0x0000, 0x0000, 0x0000, 0x0000, 0x0000,
  0x0000, 0x0000, 0x0000, 0x0000, 0x0000, 0x0000, 0x0000, 0x0000, 0x0000, 0x0000, 0x0000, 0x0000, 0x0000, 0x0000, 0x0021, 0x0021,
  0x0862, 0x0842, 0x0000, 0x0000, 0x0000, 0x0000, 0x0840, 0x0000, 0x0000, 0x0000, 0x0000, 0x0021, 0x0000, 0x0000, 0x0000, 0x0000,
  0x0000, 0x0000, 0x0000, 0x0000, 0x0000, 0x0000, 0x0000, 0x0000, 0x0000, 0x0000, 0x0000, 0x0000, 0x0000, 0x0000, 0x0000, 0x0000,
  0x0000, 0x0000, 0x0000, 0x0000, 0x0000, 0x0000, 0x0000, 0x0000, 0x0000, 0x0000, 0x0000, 0x0000, 0x0000, 0x0000, 0x0000, 0x0000,
  0x0000, 0x0000, 0x0000, 0x0000, 0x0000, 0x0000, 0x0000, 0x0001, 0x0001, 0x0001, 0x0001, 0x0001, 0x0021, 0x0022, 0x0022, 0x0022,
  0x0022, 0x0043, 0x0064, 0x0064, 0x0884, 0x20E5, 0x10C5, 0x0084, 0x0064, 0x0064, 0x0064, 0x0064, 0x0044, 0x0064, 0x0043, 0x0064,
  0x0884, 0x0885, 0x0064, 0x0043, 0x0043, 0x0043, 0x0022, 0x0000, 0x0020, 0x0820, 0x0000, 0x0000, 0x0842, 0x0021, 0x0000, 0x1082,
  0x18A4, 0x18A4, 0x1083, 0x0862, 0x0000, 0x0000, 0x0000, 0x0000, 0x0021, 0x0842, 0x0021, 0x0021, 0x0000, 0x0000, 0x0000, 0x0000,
  0x0000, 0x0000, 0x0000, 0x0000, 0x0000, 0x0021, 0x0062, 0x08A3, 0x0041, 0x0000, 0x0000, 0x0000, 0x0000, 0x0000, 0x0001, 0x0021,
  0x0841, 0x0842, 0x0000, 0x2921, 0x6242, 0x61E1, 0xE4E5, 0x9323, 0x6222, 0x6222, 0x6222, 0x6222, 0x6222, 0x6222, 0x6222, 0x6222,
  0x6222, 0x6242, 0x6242, 0x6242, 0x6243, 0x6242, 0x6242, 0x6242, 0x6243, 0x6243, 0x6243, 0x6243, 0x5A43, 0x6242, 0x6243, 0x6243,
  0x6242, 0x6243, 0x6243, 0x6222, 0x6242, 0x6242, 0x6242, 0x6242, 0x6243, 0x6242, 0x6242, 0x6243, 0x6243, 0x6263, 0x6263, 0x6263,
  0x6263, 0x6242, 0x6242, 0x6242, 0x6243, 0x6243, 0x6263, 0x6243, 0x6243, 0x6243, 0x6243, 0x6243, 0x6242, 0x6242, 0x6242, 0x6242,
  0x6242, 0x6222, 0x6222, 0x6222, 0x6222, 0x6242, 0x6242, 0x6242, 0x6242, 0x6242, 0x6222, 0x6242, 0x6222, 0x6222, 0x6222, 0x6222,
  0x6222, 0x6222, 0x6222, 0x6222, 0x6222, 0x6222, 0x6222, 0x6222, 0xB404, 0xBC45, 0x6202, 0x6263, 0x20E1, 0x0000, 0x0842, 0x1062,
  0x10A4, 0x0883, 0x0883, 0x10A4, 0x0021, 0x0000, 0x0000, 0x0000, 0x0000, 0x0042, 0x0863, 0x0021, 0x0000, 0x0000, 0x0000, 0x0000,
  0x0000, 0x0000, 0x0000, 0x0000, 0x0021, 0x0883, 0x0883, 0x08A3, 0x08C3, 0x08A3, 0x0862, 0x0000, 0x0000, 0x0000, 0x0000, 0x0042,
  0x0021, 0x0842, 0x0840, 0xA3A5, 0x51E2, 0xC464, 0x4960, 0x4981, 0x49C2, 0x49C2, 0x49C2, 0x49C2, 0x49C2, 0x49C2, 0x51C2, 0x49C2,
  0x49C2, 0x49C2, 0x51C2, 0x51E2, 0x51E2, 0x51E2, 0x49E2, 0x51E2, 0x51E2, 0x51E2, 0x51E2, 0x51E2, 0x51E2, 0x49E2, 0x49E2, 0x49C2,
  0x49C2, 0x51E2, 0x51E2, 0x49C2, 0x49C2, 0x49C2, 0x49E2, 0x49E2, 0x49E2, 0x51E2, 0x51E2, 0x51E2, 0x51E2, 0x51E3, 0x49E2, 0x49E2,
  0x49E2, 0x49E2, 0x49E2, 0x49E2, 0x51E2, 0x51E2, 0x51E2, 0x49C2, 0x49C2, 0x49E2, 0x51E2, 0x49C2, 0x49C2, 0x49C2, 0x49C2, 0x49C2,
  0x49C2, 0x49C2, 0x49C2, 0x49C2, 0x49A2, 0x49C2, 0x49C2, 0x49C2, 0x49C2, 0x49C2, 0x49E2, 0x49C2, 0x49C2, 0x49C2, 0x49C2, 0x49A1,
  0x49C1, 0x49C1, 0x49A1, 0x49A1, 0x49A1, 0x49A2, 0x49A2, 0x49A1, 0x49A1, 0x4981, 0xC404, 0x51C2, 0x9B84, 0x0000, 0x0001, 0x0841,
  0x1083, 0x0863, 0x1084, 0x1084, 0x0001, 0x0000, 0x0000, 0x0000, 0x0000, 0x0000, 0x0842, 0x0021, 0x0000, 0x0000, 0x0000, 0x0000,
  0x0000, 0x0000, 0x0000, 0x0000, 0x0062, 0x0062, 0x0862, 0x0042, 0x0041, 0x08A3, 0x08C4, 0x0883, 0x0021, 0x0000, 0x0000, 0x0000,
  0x0000, 0x0021, 0x0840, 0xB3C4, 0x9344, 0x3921, 0x1082, 0x1082, 0x1082, 0x1082, 0x1082, 0x1082, 0x1082, 0x1082, 0x1082, 0x1082,
  0x1082, 0x1082, 0x1082, 0x1082, 0x1082, 0x1082, 0x1082, 0x1082, 0x1082, 0x1082, 0x1082, 0x1082, 0x1082, 0x1082, 0x1082, 0x1082,
  0x1082, 0x1082, 0x1082, 0x1082, 0x1082, 0x1082, 0x1082, 0x1082, 0x1082, 0x1082, 0x1082, 0x1082, 0x1082, 0x1082, 0x1082, 0x1082,
  0x1082, 0x1082, 0x1082, 0x1082, 0x1082, 0x1082, 0x1082, 0x1082, 0x1082, 0x1082, 0x1082, 0x1082, 0x1082, 0x1082, 0x1082, 0x1082,
  0x1082, 0x1082, 0x1082, 0x1082, 0x1082, 0x1082, 0x1082, 0x1082, 0x1082, 0x1082, 0x1082, 0x1082, 0x1082, 0x1082, 0x1082, 0x1082,
  0x1082, 0x1082, 0x1082, 0x1082, 0x1082, 0x1082, 0x1082, 0x1082, 0x1082, 0x1082, 0x4161, 0x9324, 0x9B43, 0x0000, 0x0000, 0x0000,
  0x0842, 0x0842, 0x0863, 0x0883, 0x0001, 0x0000, 0x0000, 0x0000, 0x0000, 0x0000, 0x0000, 0x0000, 0x0000, 0x0000, 0x0000, 0x0000,
  0x0000, 0x0000, 0x0000, 0x0000, 0x0021, 0x0000, 0x0000, 0x0883, 0x0041, 0x0021, 0x0883, 0x08A4, 0x08A4, 0x0021, 0x0000, 0x0000,
  0x0000, 0x0000, 0x0840, 0x7A83, 0xA302, 0x30E0, 0x1082, 0x1082, 0x1082, 0x1082, 0x1082, 0x1082, 0x1082, 0x1082, 0x1082, 0x1082,
  0x1082, 0x1082, 0x1082, 0x1082, 0x1082, 0x1082, 0x1082, 0x1082, 0x1082, 0x1082, 0x1082, 0x1082, 0x1082, 0x1082, 0x1082, 0x1082,
  0x1082, 0x1082, 0x1082, 0x1082, 0x1082, 0x1082, 0x1082, 0x1082, 0x1082, 0x1082, 0x1082, 0x1082, 0x1082, 0x1082, 0x1082, 0x1082,
  0x1082, 0x1082, 0x1082, 0x1082, 0x1082, 0x1082, 0x1082, 0x1082, 0x1082, 0x1082, 0x1082, 0x1082, 0x1082, 0x1082, 0x1082, 0x1082,
  0x1082, 0x1082, 0x1082, 0x1082, 0x1082, 0x1082, 0x1082, 0x1082, 0x1082, 0x1082, 0x1082, 0x1082, 0x1082, 0x1082, 0x1082, 0x1082,
  0x1082, 0x1082, 0x1082, 0x1082, 0x1082, 0x1082, 0x1082, 0x1082, 0x1082, 0x1082, 0x3920, 0x9B02, 0x6A43, 0x0000, 0x0021, 0x0021,
  0x0000, 0x0000, 0x0021, 0x0842, 0x0001, 0x0000, 0x0000, 0x0000, 0x0000, 0x0000, 0x0000, 0x0000, 0x0000, 0x0000, 0x0000, 0x0000,
  0x0021, 0x0862, 0x0883, 0x0041, 0x0000, 0x0000, 0x0000, 0x0000, 0x0000, 0x0000, 0x0000, 0x0000, 0x0883, 0x0862, 0x0000, 0x0000,
  0x0000, 0x0000, 0x6A42, 0xD464, 0xCC24, 0x30E0, 0x1082, 0x1082, 0x1082, 0x1082, 0x1082, 0x1082, 0x1082, 0x1082, 0x1082, 0x1082,
  0x1082, 0x1082, 0x1082, 0x1082, 0x1082, 0x1082, 0x1082, 0x1082, 0x1082, 0x1082, 0x1082, 0x1082, 0x1082, 0x1082, 0x1082, 0x1082,
  0x1082, 0x1082, 0x1082, 0x1082, 0x1082, 0x1082, 0x1082, 0x1082, 0x1082, 0x1082, 0x1082, 0x1082, 0x1082, 0x1082, 0x1082, 0x1082,
  0x1082, 0x1082, 0x1082, 0x1082, 0x1082, 0x1082, 0x1082, 0x1082, 0x1082, 0x1082, 0x1082, 0x1082, 0x1082, 0x1082, 0x1082, 0x1082,
  0x1082, 0x1082, 0x1082, 0x1082, 0x1082, 0x1082, 0x1082, 0x1082, 0x1082, 0x1082, 0x1082, 0x1082, 0x1082, 0x1082, 0x1082, 0x1082,
  0x1082, 0x1082, 0x1082, 0x1082, 0x1082, 0x1082, 0x1082, 0x1082, 0x1082, 0x1082, 0x30E0, 0xCC04, 0xDC64, 0x51A1, 0x0021, 0x0883,
  0x1083, 0x0842, 0x0000, 0x0000, 0x0000, 0x0000, 0x0020, 0x0881, 0x08C2, 0x08C3, 0x0082, 0x0000, 0x0000, 0x0000, 0x0000, 0x0000,
  0x0062, 0x0042, 0x0062, 0x08A3, 0x08A3, 0x0041, 0x0000, 0x0000, 0x0000, 0x0000, 0x0000, 0x0000, 0x0000, 0x0021, 0x0000, 0x0000,
  0x0000, 0x0000, 0x0840, 0x5981, 0x7A62, 0x28C0, 0x1082, 0x1082, 0x1082, 0x1082, 0x1082, 0x1082, 0x1082, 0x1082, 0x1082, 0x1082,
  0x1082, 0x1082, 0x1082, 0x1082, 0x1082, 0x1082, 0x1082, 0x1082, 0x1082, 0x1082, 0x1082, 0x1082, 0x1082, 0x1082, 0x1082, 0x1082,
  0x1082, 0x1082, 0x1082, 0x1082, 0x1082, 0x1082, 0x1082, 0x1082, 0x1082, 0x1082, 0x1082, 0x1082, 0x1082, 0x1082, 0x1082, 0x1082,
  0x1082, 0x1082, 0x1082, 0x1082, 0x1082, 0x1082, 0x1082, 0x1082, 0x1082, 0x1082, 0x1082, 0x1082, 0x1082, 0x1082, 0x1082, 0x1082,
  0x1082, 0x1082, 0x1082, 0x1082, 0x1082, 0x1082, 0x1082, 0x1082, 0x1082, 0x1082, 0x1082, 0x1082, 0x1082, 0x1082, 0x1082, 0x1082,
  0x1082, 0x1082, 0x1082, 0x1082, 0x1082, 0x1082, 0x1082, 0x1082, 0x1082, 0x1082, 0x3100, 0x7242, 0x4940, 0x0000, 0x0022, 0x1083,
  0x10A4, 0x0884, 0x0842, 0x0022, 0x0000, 0x0041, 0x08E3, 0x08C3, 0x0082, 0x0883, 0x08A3, 0x08A3, 0x0020, 0x0000, 0x0000, 0x0000,
  0x0021, 0x0001, 0x0042, 0x0042, 0x0883, 0x08A3, 0x0021, 0x0000, 0x0000, 0x0000, 0x0000, 0x0000, 0x0000, 0x0000, 0x0000, 0x0000,
  0x0000, 0x0000, 0x1040, 0xCC64, 0xAB83, 0x30E0, 0x1082, 0x1082, 0x1082, 0x1082, 0x1082, 0x1082, 0x1082, 0x1082, 0x1082, 0x1082,
  0x1082, 0x1082, 0x1082, 0x1082, 0x1082, 0x1082, 0x1082, 0x1082, 0x1082, 0x1082, 0x1082, 0x1082, 0x1082, 0x1082, 0x1082, 0x1082,
  0x1082, 0x1082, 0x1082, 0x1082, 0x1082, 0x1082, 0x1082, 0x1082, 0x1082, 0x1082, 0x1082, 0x1082, 0x1082, 0x1082, 0x1082, 0x1082,
  0x1082, 0x1082, 0x1082, 0x1082, 0x1082, 0x1082, 0x1082, 0x1082, 0x1082, 0x1082, 0x1082, 0x1082, 0x1082, 0x1082, 0x1082, 0x1082,
  0x1082, 0x1082, 0x1082, 0x1082, 0x1082, 0x1082, 0x1082, 0x1082, 0x1082, 0x1082, 0x1082, 0x1082, 0x1082, 0x1082, 0x1082, 0x1082,
  0x1082, 0x1082, 0x1082, 0x1082, 0x1082, 0x1082, 0x1082, 0x1082, 0x1082, 0x1082, 0x3921, 0xAB83, 0xC404, 0x0000, 0x0021, 0x0021,
  0x0883, 0x0883, 0x0863, 0x0842, 0x0020, 0x08E2, 0x08C3, 0x08A2, 0x08A2, 0x0041, 0x0042, 0x0882, 0x0062, 0x0000, 0x0021, 0x0000,
  0x0000, 0x0000, 0x0000, 0x0000, 0x0001, 0x0883, 0x0883, 0x0000, 0x0000, 0x0000, 0x0000, 0x0000, 0x0000, 0x0000, 0x0000, 0x0000,
  0x0000, 0x0000, 0x1040, 0xABC4, 0x3121, 0xB3C4, 0x20A0, 0x28C0, 0x28C0, 0x28C0, 0x28A0, 0x28A0, 0x28A0, 0x28C0, 0x28C0, 0x28C0,
  0x28C0, 0x28C0, 0x28C0, 0x28C0, 0x28C0, 0x28C0, 0x28C0, 0x28C0, 0x28C0, 0x28C0, 0x28C0, 0x28C0, 0x28C0, 0x28C0, 0x28C0, 0x28C0,
  0x28C0, 0x28C0, 0x28C0, 0x28C0, 0x28C0, 0x28C0, 0x28C0, 0x28C0, 0x28C0, 0x28C0, 0x28C0, 0x28C0, 0x28C0, 0x28C0, 0x28A0, 0x28E1,
  0x28C0, 0x28A0, 0x28A0, 0x28A0, 0x28C0, 0x28C0, 0x28C0, 0x28C0, 0x28C0, 0x28C0, 0x28C0, 0x20A0, 0x20A0, 0x20A0, 0x20A0, 0x20A0,
  0x20A0, 0x20A0, 0x20A0, 0x20A0, 0x20A0, 0x20A0, 0x20A0, 0x20A0, 0x20A0, 0x20A0, 0x20A0, 0x20A0, 0x20A0, 0x20A0, 0x20A0, 0x20A0,
  0x20A0, 0x20A0, 0x20A0, 0x20A0, 0x20A0, 0x20A0, 0x20A0, 0x20A0, 0x20A0, 0x20C1, 0xABC4, 0x3101, 0xA363, 0x0000, 0x0000, 0x0001,
  0x0001, 0x0021, 0x0862, 0x0021, 0x08A2, 0x08A2, 0x0062, 0x0000, 0x0041, 0x0882, 0x0000, 0x0042, 0x0062, 0x0021, 0x0041, 0x0000,
  0x0000, 0x0000, 0x0000, 0x0000, 0x0000, 0x0000, 0x0041, 0x0000, 0x0021, 0x0041, 0x0862, 0x0021, 0x0000, 0x0000, 0x0000, 0x0000,
  0x0000, 0x0000, 0x0000, 0x4161, 0x8B03, 0x8AA2, 0xDC23, 0xAB63, 0x8AC2, 0x8AC2, 0x8AC2, 0x8AC2, 0x8AC2, 0x8AC2, 0x8AC2, 0x8AC2,
  0x8AC2, 0x8AC2, 0x8AC2, 0x8AC2, 0x8AC2, 0x8AC2, 0x8AC2, 0x8AC2, 0x8AC2, 0x8AE2, 0x8AE2, 0x8AE2, 0x8AC2, 0x8AC2, 0x8AE3, 0x8AE2,
  0x8AE2, 0x8AC2, 0x8AC2, 0x8AC2, 0x8AC2, 0x8AC2, 0x8AC2, 0x8AC2, 0x8AC2, 0x8AC2, 0x8AC2, 0x8AA2, 0xBB42, 0x9AE2, 0x8A61, 0xD445,
  0xCBE3, 0x8A81, 0xAB02, 0xAB22, 0x8AC2, 0x8AC2, 0x8AE2, 0x8AC2, 0x8AC2, 0x8AA2, 0x8AC2, 0x8AC2, 0x8AC2, 0x8AC2, 0x8AC2, 0x8AC2,
  0x8AC2, 0x8AC2, 0x8AC2, 0x8AC2, 0x8AC2, 0x8AA2, 0x8AA1, 0x8B03, 0x8B03, 0x8AE2, 0x8AE2, 0x8AE2, 0x8AE2, 0x8AE2, 0x8AE2, 0x8AE2,
  0x8AE2, 0x8AC2, 0x8AE2, 0x8AE2, 0x8AE2, 0x8AE2, 0x8AC2, 0x8AC2, 0xC3A3, 0xC3E4, 0x8241, 0x8B24, 0x3101, 0x0000, 0x0000, 0x0000,
  0x0000, 0x0000, 0x0000, 0x0021, 0x0041, 0x0000, 0x0000, 0x0000, 0x0000, 0x0041, 0x0021, 0x0021, 0x0021, 0x0000, 0x0000, 0x0000,
  0x0000, 0x0000, 0x0000, 0x0000, 0x0000, 0x0000, 0x0041, 0x0021, 0x0062, 0x0883, 0x08A3, 0x08C3, 0x0021, 0x0000, 0x0000, 0x0000,
  0x0000, 0x0000, 0x0000, 0x0000, 0x0000, 0x0000, 0x3901, 0x1040, 0x0000, 0x0000, 0x0000, 0x0000, 0x0000, 0x0000, 0x0000, 0x0000,
  0x0000, 0x0000, 0x0000, 0x0000, 0x0000, 0x0000, 0x0000, 0x0000, 0x0000, 0x0000, 0x0000, 0x0000, 0x0000, 0x0000, 0x0000, 0x0000,
  0x0000, 0x0000, 0x0000, 0x0000, 0x0000, 0x0000, 0x0000, 0x0000, 0x0000, 0x0000, 0x0000, 0x0000, 0x1840, 0x7180, 0x38E0, 0x61A1,
  0x69E1, 0x30C0, 0x8200, 0x1860, 0x0000, 0x0000, 0x0000, 0x0000, 0x0000, 0x0000, 0x0000, 0x0000, 0x0000, 0x0000, 0x0000, 0x0000,
  0x0000, 0x0000, 0x0000, 0x0000, 0x0000, 0x0000, 0x0000, 0x0000, 0x0000, 0x0000, 0x0000, 0x0000, 0x0000, 0x0000, 0x0000, 0x0000,
  0x0000, 0x0000, 0x0000, 0x0000, 0x0000, 0x0000, 0x0000, 0x0000, 0x2080, 0x28A0, 0x0000, 0x0000, 0x0000, 0x0000, 0x0000, 0x0021,
  0x0001, 0x0021, 0x0000, 0x0000, 0x0000, 0x0000, 0x0000, 0x0000, 0x0000, 0x0000, 0x0000, 0x0021, 0x0000, 0x0000, 0x0000, 0x0000,
  0x0000, 0x0000, 0x0000, 0x0000, 0x0041, 0x0062, 0x0021, 0x0001, 0x0042, 0x0041, 0x0062, 0x0063, 0x08A3, 0x0041, 0x0000, 0x0000,
  0x0000, 0x0000, 0x0000, 0x0000, 0x0000, 0x0000, 0x0000, 0x0000, 0x0000, 0x0000, 0x0000, 0x0000, 0x0000, 0x0000, 0x0000, 0x0000,
  0x0000, 0x0000, 0x0000, 0x0000, 0x0000, 0x0000, 0x0000, 0x0000, 0x0000, 0x0000, 0x0000, 0x0000, 0x0000, 0x0000, 0x0000, 0x0000,
  0x0000, 0x0000, 0x0000, 0x0000, 0x0000, 0x0000, 0x0000, 0x0000, 0x0000, 0x0000, 0x0000, 0x0000, 0x0000, 0x0000, 0x0000, 0x61C1,
  0x71E1, 0x0000, 0x0000, 0x0000, 0x0000, 0x0000, 0x0000, 0x0000, 0x0000, 0x0000, 0x0000, 0x0000, 0x0000, 0x0000, 0x0000, 0x0000,
  0x0000, 0x0000, 0x0000, 0x0000, 0x0000, 0x0000, 0x0000, 0x0000, 0x0000, 0x0000, 0x0000, 0x0000, 0x0000, 0x0000, 0x0000, 0x0000,
  0x0000, 0x0000, 0x0000, 0x0000, 0x0000, 0x0000, 0x0000, 0x0000, 0x0000, 0x0000, 0x0000, 0x0000, 0x0000, 0x0000, 0x0001, 0x0021,
  0x0000, 0x0021, 0x0041, 0x08C2, 0x0061, 0x0021, 0x0021, 0x0021, 0x0021, 0x0000, 0x0000, 0x0000, 0x0000, 0x0021, 0x0021, 0x0021,
  0x0000, 0x0000, 0x0000, 0x0000, 0x0021, 0x0042, 0x0882, 0x0041, 0x0000, 0x0021, 0x0882, 0x0062, 0x0883, 0x08C3, 0x0021, 0x0000,
  0x0000, 0x0000, 0x0000, 0x0000, 0x0000, 0x0000, 0x0000, 0x0000, 0x0000, 0x0000, 0x0000, 0x0000, 0x0000, 0x0000, 0x0000, 0x0000,
  0x0000, 0x0000, 0x0000, 0x0000, 0x0000, 0x0000, 0x0000, 0x0000, 0x0000, 0x0000, 0x0000, 0x0000, 0x0000, 0x0000, 0x0000, 0x0000,
  0x0000, 0x0000, 0x0000, 0x0000, 0x0000, 0x0000, 0x0000, 0x0000, 0x0000, 0x0000, 0x0000, 0x0000, 0x0000, 0x0000, 0x0000, 0x0000,
  0x0000, 0x0000, 0x0000, 0x0000, 0x0000, 0x0000, 0x0000, 0x0000, 0x0000, 0x0000, 0x0000, 0x0000, 0x0000, 0x0000, 0x0000, 0x0000,
  0x0000, 0x0000, 0x0000, 0x0000, 0x0000, 0x0000, 0x0000, 0x0000, 0x0000, 0x0000, 0x0000, 0x0000, 0x0000, 0x0000, 0x0000, 0x0000,
  0x0000, 0x0000, 0x0000, 0x0000, 0x0000, 0x0000, 0x0000, 0x0000, 0x0000, 0x0000, 0x0000, 0x0000, 0x0000, 0x0000, 0x0000, 0x0001,
  0x0020, 0x08C2, 0x1102, 0x0882, 0x08C3, 0x08A2, 0x0062, 0x0041, 0x0041, 0x0000, 0x0000, 0x0000, 0x0041, 0x0082, 0x0062, 0x0082,
  0x0000, 0x0000, 0x0000, 0x0000, 0x0021, 0x0041, 0x0062, 0x0882, 0x0000, 0x0000, 0x0000, 0x0021, 0x0062, 0x08A3, 0x0021, 0x0000,
  0x0000, 0x0000, 0x0000, 0x0000, 0x0000, 0x0000, 0x0000, 0x0000, 0x0000, 0x0000, 0x0000, 0x0000, 0x0000, 0x0000, 0x0000, 0x0000,
  0x0000, 0x0000, 0x0000, 0x0000, 0x0000, 0x0000, 0x0000, 0x0000, 0x0000, 0x0000, 0x0000, 0x0000, 0x0000, 0x0000, 0x0000, 0x0000,
  0x0000, 0x0000, 0x0000, 0x0000, 0x0000, 0x0000, 0x0000, 0x0000, 0x0000, 0x0000, 0x0000, 0x0000, 0x0000, 0x0000, 0x0000, 0x0000,
  0x0000, 0x0000, 0x0000, 0x0000, 0x0000, 0x0000, 0x0000, 0x0000, 0x0000, 0x0000, 0x0000, 0x0000, 0x0000, 0x0000, 0x0000, 0x0000,
  0x0000, 0x0000, 0x0000, 0x0000, 0x0000, 0x0000, 0x0000, 0x0000, 0x0000, 0x0000, 0x0000, 0x0000, 0x0000, 0x0000, 0x0000, 0x0000,
  0x0000, 0x0000, 0x0000, 0x0000, 0x0000, 0x0000, 0x0000, 0x0000, 0x0000, 0x0000, 0x0000, 0x0000, 0x0000, 0x0000, 0x0000, 0x0000,
  0x08C2, 0x08C2, 0x0882, 0x08C2, 0x0061, 0x0062, 0x0021, 0x0001, 0x0061, 0x0882, 0x0021, 0x0041, 0x08C3, 0x0042, 0x0062, 0x0062,
  0x0000, 0x0000, 0x0000, 0x0000, 0x0000, 0x0041, 0x0062, 0x0062, 0x0000, 0x0000, 0x0000, 0x0000, 0x0021, 0x0883, 0x0021, 0x0000,
  0x0000, 0x0000, 0x0000, 0x0000, 0x0000, 0x0000, 0x0000, 0x0000, 0x0000, 0x0000, 0x0000, 0x0000, 0x0000, 0x0000, 0x0000, 0x0000,
  0x0000, 0x0000, 0x0000, 0x0000, 0x0000, 0x0000, 0x0000, 0x0000, 0x0000, 0x0000, 0x1905, 0x1926, 0x0001, 0x0000, 0x0000, 0x0000,
  0x0000, 0x0000, 0x0000, 0x0000, 0x0000, 0x0000, 0x0000, 0x0000, 0x0000, 0x0000, 0x0000, 0x0000, 0x0000, 0x0000, 0x0000, 0x0000,
  0x0000, 0x0000, 0x0000, 0x2146, 0x10A3, 0x0000, 0x0000, 0x0000, 0x0000, 0x0000, 0x0000, 0x0000, 0x0000, 0x0000, 0x0000, 0x10A3,
  0x2146, 0x0021, 0x0000, 0x0000, 0x0000, 0x0021, 0x2147, 0x0001, 0x0000, 0x0000, 0x0000, 0x0000, 0x0000, 0x0000, 0x0000, 0x0000,
  0x0000, 0x0000, 0x0000, 0x0000, 0x0000, 0x0000, 0x0000, 0x0000, 0x0000, 0x0000, 0x0000, 0x0000, 0x0000, 0x0000, 0x0000, 0x0000,
  0x08C2, 0x0082, 0x08A2, 0x0021, 0x0000, 0x0020, 0x0021, 0x0021, 0x0883, 0x0062, 0x0000, 0x0062, 0x0882, 0x0082, 0x0062, 0x0001,
  0x0062, 0x0062, 0x0021, 0x0000, 0x0000, 0x0000, 0x0042, 0x0021, 0x0000, 0x0000, 0x0042, 0x0000, 0x0000, 0x0041, 0x0021, 0x0000,
  0x0000, 0x0000, 0x0000, 0x0000, 0x0000, 0x0000, 0x0000, 0x0000, 0x0000, 0x0000, 0x0000, 0x0000, 0x0000, 0x0000, 0x0000, 0x0000,
  0x0000, 0x0000, 0x0000, 0x18E5, 0x0842, 0x10A3, 0x0000, 0x0000, 0x0000, 0x10C4, 0x2167, 0x1905, 0x29A9, 0x0883, 0x1083, 0x1083,
  0x0883, 0x0883, 0x1083, 0x0883, 0x0883, 0x0882, 0x0882, 0x0883, 0x0021, 0x0000, 0x0000, 0x0000, 0x0862, 0x0021, 0x0882, 0x0882,
  0x0842, 0x0842, 0x10A3, 0x2987, 0x29A8, 0x10A3, 0x0000, 0x0000, 0x0021, 0x0883, 0x0883, 0x0883, 0x0883, 0x0883, 0x0883, 0x29A8,
  0x18E4, 0x29A8, 0x0041, 0x0000, 0x0000, 0x18E5, 0x31EA, 0x2126, 0x0001, 0x0000, 0x0000, 0x10C4, 0x0021, 0x1905, 0x0000, 0x0000,
  0x0000, 0x0000, 0x0000, 0x0000, 0x0000, 0x0000, 0x0000, 0x0000, 0x0000, 0x0000, 0x0000, 0x0000, 0x0021, 0x08A2, 0x0081, 0x0021,
  0x0021, 0x0000, 0x0000, 0x0000, 0x0000, 0x0000, 0x0062, 0x08A3, 0x0062, 0x0021, 0x0000, 0x0021, 0x0883, 0x0062, 0x0000, 0x0000,
  0x0042, 0x0082, 0x0062, 0x0021, 0x0000, 0x0000, 0x0001, 0x0000, 0x0000, 0x0021, 0x0062, 0x0042, 0x0000, 0x0000, 0x0000, 0x0000,
  0x0041, 0x0062, 0x0041, 0x0000, 0x0000, 0x0000, 0x0000, 0x0000, 0x0000, 0x0000, 0x0000, 0x0000, 0x0000, 0x0000, 0x0000, 0x0000,
  0x0000, 0x0000, 0x0000, 0x31A8, 0x10A3, 0x1925, 0x0000, 0x0000, 0x0000, 0x18E5, 0x29A8, 0x2146, 0x320A, 0x2167, 0x1905, 0x31E9,
  0x2988, 0x1906, 0x2988, 0x2147, 0x31EA, 0x18E5, 0x2126, 0x31EA, 0x0842, 0x0000, 0x0000, 0x0000, 0x1905, 0x2167, 0x31E9, 0x2147,
  0x31EA, 0x10C4, 0x31C9, 0x31C9, 0x1905, 0x2167, 0x0000, 0x0000, 0x0021, 0x2167, 0x3A0B, 0x2967, 0x31C9, 0x2126, 0x29A8, 0x31C9,
  0x18E5, 0x31C9, 0x0862, 0x0000, 0x0000, 0x18E4, 0x31EA, 0x31EA, 0x0021, 0x0000, 0x0000, 0x2167, 0x0842, 0x29A8, 0x0000, 0x0000,
  0x0000, 0x0000, 0x0000, 0x0000, 0x0000, 0x0000, 0x0000, 0x0000, 0x0000, 0x0000, 0x0000, 0x0081, 0x08E2, 0x08A2, 0x08A2, 0x0062,
  0x0041, 0x0041, 0x0001, 0x0000, 0x0000, 0x0062, 0x08E3, 0x0882, 0x0021, 0x0000, 0x0000, 0x0000, 0x0062, 0x0000, 0x0000, 0x0000,
  0x0021, 0x0062, 0x0082, 0x0082, 0x0001, 0x0000, 0x0000, 0x0000, 0x0000, 0x0041, 0x0000, 0x0000, 0x0000, 0x0001, 0x0021, 0x0082,
  0x0883, 0x0062, 0x0883, 0x08C3, 0x0041, 0x0000, 0x0000, 0x0000, 0x0000, 0x0000, 0x0000, 0x0000, 0x0000, 0x0000, 0x0000, 0x0000,
  0x0000, 0x0000, 0x0000, 0x29A8, 0x10A3, 0x2125, 0x0000, 0x0000, 0x0000, 0x0862, 0x1905, 0x2967, 0x2146, 0x10C5, 0x31E9, 0x18E4,
  0x2126, 0x10C4, 0x320A, 0x2147, 0x31C9, 0x2988, 0x1905, 0x2988, 0x0000, 0x0000, 0x0000, 0x10A3, 0x10C4, 0x31EA, 0x3A0A, 0x0001,
  0x320A, 0x2987, 0x29C9, 0x29A8, 0x0882, 0x18E5, 0x0000, 0x0000, 0x0000, 0x31EA, 0x2988, 0x10C4, 0x2987, 0x2167, 0x1905, 0x31EA,
  0x2147, 0x2147, 0x0000, 0x0000, 0x0000, 0x18E5, 0x31C9, 0x10C4, 0x0000, 0x0000, 0x0000, 0x2167, 0x0841, 0x2988, 0x0000, 0x0000,
  0x0000, 0x0000, 0x0000, 0x0000, 0x0000, 0x0000, 0x0000, 0x0000, 0x0000, 0x0000, 0x0041, 0x08E3, 0x08A2, 0x0882, 0x0082, 0x0061,
  0x0062, 0x0041, 0x0061, 0x0061, 0x0000, 0x08A3, 0x0883, 0x0021, 0x0000, 0x0000, 0x0000, 0x0021, 0x0021, 0x0000, 0x0000, 0x0000,
  0x0000, 0x0000, 0x0062, 0x0062, 0x0001, 0x0000, 0x0000, 0x0000, 0x0000, 0x0000, 0x0000, 0x0000, 0x0000, 0x0021, 0x0062, 0x0042,
  0x0041, 0x0882, 0x08A3, 0x08A3, 0x0903, 0x0041, 0x0000, 0x0000, 0x0000, 0x0000, 0x0000, 0x0000, 0x0000, 0x0000, 0x0000, 0x0000,
  0x0000, 0x0000, 0x0000, 0x29A8, 0x10A3, 0x2125, 0x0000, 0x0000, 0x0000, 0x0862, 0x18E5, 0x10C4, 0x31C9, 0x10A4, 0x1083, 0x18E5,
  0x1905, 0x0842, 0x1906, 0x10A3, 0x2167, 0x18E4, 0x10C4, 0x2147, 0x0000, 0x0000, 0x0000, 0x0842, 0x2167, 0x2126, 0x2146, 0x0000,
  0x10C4, 0x0041, 0x1905, 0x2166, 0x0883, 0x1905, 0x0000, 0x0000, 0x0000, 0x18E5, 0x29A8, 0x10C4, 0x2967, 0x0862, 0x2167, 0x2167,
  0x1926, 0x2147, 0x0000, 0x0000, 0x0000, 0x1905, 0x10C4, 0x2146, 0x0000, 0x0000, 0x0000, 0x2167, 0x0842, 0x29A8, 0x0000, 0x0000,
  0x0000, 0x0000, 0x0000, 0x0000, 0x0000, 0x0000, 0x0000, 0x0000, 0x0000, 0x0000, 0x0882, 0x0061, 0x0061, 0x0041, 0x0021, 0x0020,
  0x0021, 0x0001, 0x0041, 0x08A2, 0x0021, 0x0883, 0x0021, 0x0000, 0x0000, 0x0000, 0x0000, 0x0062, 0x0042, 0x0000, 0x0000, 0x0000,
  0x0000, 0x0000, 0x0000, 0x0001, 0x0000, 0x0000, 0x0000, 0x0000, 0x0000, 0x0000, 0x0082, 0x0882, 0x0021, 0x0000, 0x0000, 0x0021,
  0x0041, 0x0062, 0x0041, 0x0062, 0x08A2, 0x08E3, 0x0000, 0x0000, 0x0000, 0x0000, 0x0000, 0x0000, 0x0000, 0x0000, 0x0000, 0x0000,
  0x0000, 0x0000, 0x0000, 0x0841, 0x0021, 0x0021, 0x0000, 0x0000, 0x0000, 0x0001, 0x0021, 0x0000, 0x0021, 0x0021, 0x0000, 0x0021,
  0x0021, 0x0000, 0x0000, 0x0021, 0x0021, 0x0000, 0x0021, 0x0021, 0x0000, 0x0000, 0x0000, 0x0000, 0x0000, 0x0000, 0x0021, 0x0000,
  0x0000, 0x0000, 0x0021, 0x0021, 0x0001, 0x0021, 0x0000, 0x0000, 0x0000, 0x0000, 0x0021, 0x0021, 0x0021, 0x0000, 0x0000, 0x0021,
  0x0000, 0x0021, 0x0000, 0x0000, 0x0000, 0x0021, 0x2147, 0x0862, 0x0000, 0x0000, 0x0000, 0x0041, 0x0001, 0x0842, 0x0000, 0x0000,
  0x0000, 0x0000, 0x0000, 0x0000, 0x0000, 0x0000, 0x0000, 0x0000, 0x0000, 0x0000, 0x0001, 0x0000, 0x0000, 0x0000, 0x0000, 0x0000,
  0x0000, 0x0082, 0x08A3, 0x0062, 0x0001, 0x0021, 0x0000, 0x0000, 0x0000, 0x0000, 0x0021, 0x0062, 0x0001, 0x0000, 0x0000, 0x0000,
  0x0000, 0x0000, 0x0000, 0x0000, 0x0000, 0x0000, 0x0000, 0x0000, 0x0000, 0x0041, 0x08A3, 0x0882, 0x08A2, 0x0882, 0x0001, 0x0000,
  0x0021, 0x0000, 0x0000, 0x0000, 0x0021, 0x0061, 0x0000, 0x0000, 0x0000, 0x0000, 0x0000, 0x0000, 0x0000, 0x0000, 0x0000, 0x0000,
  0x0000, 0x0000, 0x0000, 0x0000, 0x0000, 0x0000, 0x0000, 0x0000, 0x0000, 0x0000, 0x0000, 0x0000, 0x0000, 0x0000, 0x0000, 0x0000,
  0x0000, 0x0000, 0x0000, 0x0000, 0x0000, 0x0000, 0x0000, 0x0000, 0x0000, 0x0000, 0x0000, 0x0000, 0x0000, 0x0000, 0x0000, 0x0000,
  0x0000, 0x0000, 0x0000, 0x0000, 0x0000, 0x0000, 0x0000, 0x0000, 0x0000, 0x0000, 0x0000, 0x0000, 0x0000, 0x0000, 0x0000, 0x0000,
  0x0000, 0x0000, 0x0000, 0x0000, 0x0000, 0x0000, 0x0000, 0x0000, 0x0000, 0x0000, 0x0000, 0x0000, 0x0000, 0x0000, 0x0000, 0x0000,
  0x0000, 0x0000, 0x0000, 0x0000, 0x0000, 0x0000, 0x0000, 0x0000, 0x0000, 0x0000, 0x0000, 0x0000, 0x0000, 0x0000, 0x0000, 0x0000,
  0x0000, 0x08C3, 0x08A3, 0x0021, 0x0000, 0x0000, 0x0000, 0x0000, 0x0000, 0x0000, 0x0021, 0x0001, 0x0000, 0x0000, 0x0000, 0x0000,
  0x0000, 0x0000, 0x0000, 0x0000, 0x0000, 0x0000, 0x0000, 0x0000, 0x0000, 0x0042, 0x0042, 0x0042, 0x0882, 0x08C3, 0x0061, 0x0000,
  0x0000, 0x0000, 0x0000, 0x0000, 0x0000, 0x0000, 0x0000, 0x0000, 0x0000, 0x0000, 0x0000, 0x0000, 0x0000, 0x0000, 0x0000, 0x0000,
  0x0000, 0x0000, 0x0000, 0x0000, 0x0000, 0x0000, 0x0000, 0x0000, 0x0000, 0x0000, 0x0000, 0x0000, 0x0000, 0x0000, 0x0000, 0x0000,
  0x0000, 0x0000, 0x0000, 0x0000, 0x0000, 0x0000, 0x0000, 0x0000, 0x0000, 0x0000, 0x0000, 0x0000, 0x0000, 0x0000, 0x0000, 0x0000,
  0x0000, 0x0000, 0x0000, 0x0000, 0x0000, 0x0000, 0x0000, 0x0000, 0x0000, 0x0000, 0x0000, 0x0000, 0x0000, 0x0000, 0x0000, 0x0000,
  0x0000, 0x0000, 0x0000, 0x0000, 0x0000, 0x0000, 0x0000, 0x0000, 0x0000, 0x0000, 0x0000, 0x0000, 0x0000, 0x0000, 0x0000, 0x0000,
  0x0000, 0x0000, 0x0000, 0x0000, 0x0000, 0x0000, 0x0000, 0x0000, 0x0000, 0x0000, 0x0000, 0x0000, 0x0000, 0x08C2, 0x08C2, 0x0041,
  0x0020, 0x0061, 0x0021, 0x0000, 0x0000, 0x0000, 0x0000, 0x0000, 0x0000, 0x0000, 0x0000, 0x0000, 0x0000, 0x0000, 0x0000, 0x0000,
  0x0000, 0x0000, 0x0000, 0x0000, 0x0000, 0x0000, 0x0000, 0x0000, 0x0000, 0x0041, 0x0021, 0x0021, 0x0042, 0x0882, 0x0021, 0x0000,
  0x0000, 0x0000, 0x0000, 0x0000, 0x0000, 0x0000, 0x0041, 0x0883, 0x08A3, 0x0082, 0x0021, 0x0021, 0x0000, 0x0000, 0x0000, 0x0000,
  0x0000, 0x0000, 0x0000, 0x0001, 0x2147, 0x0842, 0x10C4, 0x10C4, 0x0000, 0x1926, 0x0883, 0x0000, 0x0000, 0x0000, 0x18E4, 0x10C4,
  0x0021, 0x2147, 0x0883, 0x10A3, 0x1926, 0x0001, 0x10C4, 0x10C4, 0x0862, 0x1905, 0x10A3, 0x0000, 0x0000, 0x0000, 0x1905, 0x0883,
  0x10C4, 0x10A3, 0x0021, 0x10C4, 0x10E5, 0x0842, 0x1083, 0x0000, 0x10C4, 0x0000, 0x0000, 0x0000, 0x0000, 0x10A3, 0x1905, 0x0021,
  0x1926, 0x10A4, 0x0021, 0x2147, 0x0041, 0x10C4, 0x10C4, 0x0000, 0x2147, 0x10C4, 0x10A3, 0x1926, 0x0842, 0x0000, 0x0000, 0x0000,
  0x0000, 0x0000, 0x0000, 0x0000, 0x0000, 0x0000, 0x0000, 0x0000, 0x0000, 0x0000, 0x0000, 0x0061, 0x0082, 0x0062, 0x08A2, 0x0062,
  0x0082, 0x0041, 0x0041, 0x0000, 0x0000, 0x0000, 0x0000, 0x0000, 0x0000, 0x0000, 0x0000, 0x0000, 0x0000, 0x0000, 0x0000, 0x0000,
  0x0000, 0x0000, 0x0000, 0x0000, 0x0000, 0x0000, 0x0000, 0x0000, 0x0000, 0x0021, 0x0000, 0x0000, 0x0000, 0x0021, 0x0000, 0x0000,
  0x0000, 0x0000, 0x0000, 0x0000, 0x0021, 0x0062, 0x0882, 0x0062, 0x0882, 0x0062, 0x0882, 0x08A2, 0x0021, 0x0000, 0x0000, 0x0000,
  0x0000, 0x0000, 0x0000, 0x0000, 0x1925, 0x0001, 0x2147, 0x29A8, 0x0000, 0x29A9, 0x0862, 0x0000, 0x0000, 0x0000, 0x2146, 0x0883,
  0x0021, 0x31C9, 0x10A3, 0x1926, 0x2126, 0x0021, 0x320A, 0x2967, 0x0883, 0x29C9, 0x10E4, 0x0000, 0x0000, 0x0000, 0x2126, 0x18E5,
  0x1905, 0x29A8, 0x0021, 0x2167, 0x2167, 0x0842, 0x18E5, 0x0021, 0x1926, 0x0842, 0x0000, 0x0000, 0x0000, 0x18E5, 0x2988, 0x0021,
  0x2988, 0x10A4, 0x0001, 0x1905, 0x0000, 0x1905, 0x1926, 0x0000, 0x29C9, 0x18E5, 0x18E5, 0x29A9, 0x0862, 0x0000, 0x0000, 0x0000,
  0x0000, 0x0000, 0x0000, 0x0000, 0x0000, 0x0000, 0x0000, 0x0000, 0x0000, 0x0000, 0x0061, 0x0903, 0x08A2, 0x0062, 0x0062, 0x0021,
  0x0041, 0x0882, 0x0082, 0x0021, 0x0000, 0x0000, 0x0000, 0x0000, 0x0000, 0x0000, 0x0000, 0x0000, 0x0000, 0x0000, 0x0000, 0x0000,
  0x0000, 0x0000, 0x0000, 0x0000, 0x0000, 0x0000, 0x0000, 0x0000, 0x0000, 0x0000, 0x0000, 0x0000, 0x0000, 0x0000, 0x0000, 0x0000,
  0x0000, 0x0000, 0x0021, 0x0000, 0x0041, 0x0062, 0x0041, 0x0041, 0x0021, 0x0021, 0x0062, 0x0883, 0x0883, 0x0021, 0x0000, 0x0000,
  0x0000, 0x0000, 0x0000, 0x0000, 0x0041, 0x0000, 0x0041, 0x0041, 0x0000, 0x0882, 0x0862, 0x0000, 0x0000, 0x0000, 0x0041, 0x0842,
  0x0000, 0x0041, 0x0041, 0x0021, 0x0882, 0x0000, 0x0842, 0x0842, 0x0021, 0x0041, 0x0021, 0x0000, 0x0000, 0x0000, 0x0882, 0x0021,
  0x0041, 0x0042, 0x0021, 0x0041, 0x0041, 0x0021, 0x10A3, 0x0021, 0x0842, 0x0883, 0x0000, 0x0000, 0x0000, 0x0041, 0x0041, 0x0021,
  0x0862, 0x0882, 0x0000, 0x0041, 0x0000, 0x0021, 0x0862, 0x0000, 0x0041, 0x0842, 0x0041, 0x0041, 0x0021, 0x0000, 0x0000, 0x0000,
  0x0000, 0x0000, 0x0000, 0x0000, 0x0000, 0x0000, 0x0000, 0x0000, 0x0000, 0x0021, 0x08E3, 0x0082, 0x0062, 0x08C2, 0x0021, 0x0000,
  0x0062, 0x0062, 0x0021, 0x0042, 0x0042, 0x0000, 0x0000, 0x0000, 0x0000, 0x0000, 0x0000, 0x0000, 0x0000, 0x0000, 0x0000, 0x0000,
  0x0000, 0x0000, 0x0000, 0x0000, 0x0000, 0x0000, 0x0000, 0x0000, 0x0000, 0x0000, 0x0021, 0x0021, 0x0000, 0x0000, 0x0000, 0x0000,
  0x0021, 0x0062, 0x08A2, 0x0062, 0x0000, 0x0000, 0x0001, 0x0021, 0x0021, 0x0021, 0x0021, 0x0021, 0x0062, 0x0082, 0x0001, 0x0000,
  0x0000, 0x0000, 0x0000, 0x0000, 0x0000, 0x0000, 0x0000, 0x0000, 0x0000, 0x0000, 0x0000, 0x0000, 0x0000, 0x0000, 0x0000, 0x0000,
  0x0000, 0x0000, 0x0000, 0x0000, 0x0000, 0x0000, 0x0000, 0x0000, 0x0001, 0x0000, 0x0000, 0x0000, 0x0000, 0x0000, 0x0000, 0x0000,
  0x0000, 0x0001, 0x0000, 0x0000, 0x0000, 0x0000, 0x0000, 0x0000, 0x0000, 0x0000, 0x0000, 0x0000, 0x0000, 0x0000, 0x0000, 0x0000,
  0x0000, 0x0000, 0x0000, 0x0000, 0x0000, 0x0000, 0x0000, 0x0000, 0x0000, 0x0000, 0x0000, 0x0000, 0x0000, 0x0000, 0x0000, 0x0000,
  0x0000, 0x0000, 0x0000, 0x0000, 0x0000, 0x0000, 0x0000, 0x0000, 0x0000, 0x0081, 0x0062, 0x0061, 0x0021, 0x0021, 0x0000, 0x0021,
  0x0082, 0x0041, 0x0000, 0x0000, 0x0041, 0x0000, 0x0000, 0x0000, 0x0000, 0x0000, 0x0000, 0x0000, 0x0000, 0x0000, 0x0000, 0x0000,
  0x0000, 0x0000, 0x0000, 0x0000, 0x0000, 0x0000, 0x0000, 0x0000, 0x0000, 0x0000, 0x0021, 0x0062, 0x0062, 0x0001, 0x0000, 0x0000,
  0x0042, 0x0882, 0x08A3, 0x08A2, 0x0062, 0x0000, 0x0000, 0x0000, 0x0000, 0x0000, 0x0000, 0x0000, 0x0000, 0x0021, 0x0021, 0x0000,
  0x0000, 0x0000, 0x0000, 0x0000, 0x0000, 0x0000, 0x0000, 0x0000, 0x0000, 0x0000, 0x0000, 0x0000, 0x0000, 0x0000, 0x0000, 0x0000,
  0x0000, 0x0000, 0x0000, 0x0000, 0x0000, 0x0000, 0x0000, 0x0000, 0x0021, 0x0042, 0x0042, 0x0042, 0x0021, 0x0021, 0x0021, 0x0883,
  0x2147, 0x0021, 0x0041, 0x0000, 0x0042, 0x0042, 0x0042, 0x0041, 0x0001, 0x0000, 0x0000, 0x0000, 0x0000, 0x0000, 0x0000, 0x0000,
  0x0000, 0x0000, 0x0000, 0x0000, 0x0000, 0x0000, 0x0000, 0x0000, 0x0000, 0x0000, 0x0000, 0x0000, 0x0000, 0x0000, 0x0000, 0x0000,
  0x0000, 0x0000, 0x0000, 0x0000, 0x0000, 0x0000, 0x0000, 0x0000, 0x0000, 0x0000, 0x0000, 0x0000, 0x0000, 0x0000, 0x0000, 0x0082,
  0x0082, 0x0000, 0x0000, 0x0000, 0x0000, 0x0000, 0x0000, 0x0000, 0x0000, 0x0000, 0x0000, 0x0000, 0x0000, 0x0000, 0x0000, 0x0000,
  0x0000, 0x0000, 0x0000, 0x0000, 0x0000, 0x0000, 0x0000, 0x0000, 0x0000, 0x0000, 0x0001, 0x0041, 0x0882, 0x0062, 0x0001, 0x0000,
  0x0062, 0x0041, 0x0042, 0x0041, 0x0082, 0x0021, 0x0000, 0x0000, 0x0021, 0x0041, 0x08A3, 0x0882, 0x0001, 0x0000, 0x0000, 0x0000,
  0x0000, 0x0021, 0x0041, 0x0041, 0x0021, 0x0000, 0x0000, 0x0000, 0x0000, 0x0000, 0x0000, 0x0000, 0x0000, 0x0000, 0x0000, 0x0000,
  0x0000, 0x0000, 0x0000, 0x0000, 0x0000, 0x0000, 0x0000, 0x0001, 0x0884, 0x10A5, 0x10C5, 0x10E5, 0x1906, 0x0883, 0x1906, 0x2147,
  0x2168, 0x1926, 0x10E5, 0x10C5, 0x10C5, 0x10C5, 0x10C5, 0x10A4, 0x0021, 0x0000, 0x0000, 0x0000, 0x0000, 0x0000, 0x0000, 0x0000,
  0x0000, 0x0000, 0x0000, 0x0000, 0x0000, 0x0000, 0x0000, 0x0000, 0x0000, 0x0000, 0x0000, 0x0000, 0x0000, 0x0000, 0x0000, 0x0000,
  0x0000, 0x0000, 0x0000, 0x0000, 0x0000, 0x0000, 0x0062, 0x0062, 0x0061, 0x0021, 0x0000, 0x0000, 0x0000, 0x0000, 0x0000, 0x0062,
  0x0041, 0x0000, 0x0000, 0x0000, 0x0000, 0x0000, 0x0000, 0x0000, 0x0000, 0x0000, 0x0000, 0x0000, 0x0000, 0x0000, 0x0000, 0x0000,
  0x0000, 0x0000, 0x0000, 0x0000, 0x0000, 0x0000, 0x0000, 0x0000, 0x0000, 0x0000, 0x0000, 0x0000, 0x0021, 0x0062, 0x0021, 0x0000,
  0x0000, 0x0000, 0x0000, 0x0000, 0x0041, 0x0021, 0x0000, 0x0000, 0x0061, 0x0062, 0x0883, 0x08A3, 0x08C3, 0x0021, 0x0041, 0x0000,
  0x0021, 0x0082, 0x0082, 0x0041, 0x0041, 0x0062, 0x0021, 0x0000, 0x0000, 0x0000, 0x0000, 0x0000, 0x0000, 0x0000, 0x0000, 0x0000,
  0x0000, 0x0000, 0x0000, 0x0000, 0x0000, 0x0000, 0x0000, 0x0000, 0x0000, 0x0000, 0x0000, 0x0000, 0x0042, 0x0021, 0x0042, 0x2168,
  0x1906, 0x10A4, 0x0021, 0x0842, 0x0000, 0x0000, 0x0000, 0x0000, 0x0000, 0x0000, 0x0000, 0x0000, 0x0000, 0x0000, 0x0000, 0x0000,
  0x0000, 0x0000, 0x0000, 0x0000, 0x0000, 0x0000, 0x0000, 0x0000, 0x0000, 0x0000, 0x0000, 0x0000, 0x0000, 0x0000, 0x0000, 0x0000,
  0x0000, 0x0000, 0x0000, 0x0000, 0x0000, 0x0021, 0x08C3, 0x0062, 0x08A3, 0x08A2, 0x0062, 0x0000, 0x0000, 0x0000, 0x0000, 0x0020,
  0x0000, 0x0000, 0x0000, 0x0000, 0x0000, 0x0000, 0x0000, 0x0000, 0x0000, 0x0000, 0x0000, 0x0000, 0x0000, 0x0000, 0x0000, 0x0000,
  0x0000, 0x0000, 0x0000, 0x0000, 0x0000, 0x0000, 0x0000, 0x0000, 0x0000, 0x0000, 0x0000, 0x0000, 0x0000, 0x0000, 0x0000, 0x0000,
  0x0000, 0x0000, 0x0000, 0x0000, 0x0000, 0x0000, 0x0000, 0x0000, 0x0001, 0x0041, 0x0042, 0x0883, 0x0042, 0x0062, 0x08C3, 0x0062,
  0x0021, 0x0021, 0x0041, 0x0021, 0x0062, 0x0062, 0x0062, 0x0021, 0x0000, 0x0000, 0x0062, 0x0042, 0x0000, 0x0000, 0x0000, 0x0000,
  0x0000, 0x0000, 0x0000, 0x0000, 0x0000, 0x0000, 0x0000, 0x0000, 0x0000, 0x0000, 0x0000, 0x0000, 0x0000, 0x0000, 0x0000, 0x0021,
  0x10C4, 0x0000, 0x0000, 0x0000, 0x0000, 0x0000, 0x0000, 0x0000, 0x0000, 0x0000, 0x0000, 0x0000, 0x0000, 0x0000, 0x0000, 0x0000,
  0x0000, 0x0000, 0x0000, 0x0000, 0x0000, 0x0000, 0x0000, 0x0000, 0x0000, 0x0000, 0x0000, 0x0000, 0x0000, 0x0000, 0x0000, 0x0000,
  0x0000, 0x0000, 0x0000, 0x0000, 0x0041, 0x08A3, 0x0042, 0x0062, 0x0042, 0x0062, 0x0041, 0x0021, 0x08A2, 0x0041, 0x0021, 0x0021,
  0x0082, 0x0062, 0x0000, 0x0000, 0x0000, 0x0000, 0x0000, 0x0000, 0x0000, 0x0000, 0x0000, 0x0000, 0x0000, 0x0000, 0x0000, 0x0000,
  0x0000, 0x0000, 0x0000, 0x0000, 0x0000, 0x0000, 0x0000, 0x0000, 0x0000, 0x0000, 0x0000, 0x0000, 0x0000, 0x0000, 0x0000, 0x0000,
  0x0000, 0x0000, 0x0000, 0x0000, 0x0000, 0x0000, 0x0000, 0x0000, 0x0000, 0x0000, 0x0000, 0x0041, 0x0021, 0x0021, 0x0062, 0x0883,
  0x0062, 0x0000, 0x0041, 0x0021, 0x0041, 0x0041, 0x0021, 0x0062, 0x0000, 0x0041, 0x0062, 0x0062, 0x0041, 0x0021, 0x0042, 0x0021,
  0x0000, 0x0000, 0x0000, 0x0000, 0x0000, 0x0000, 0x0000, 0x0000, 0x0000, 0x0000, 0x0000, 0x0000, 0x0000, 0x0000, 0x0000, 0x0000,
  0x0000, 0x0000, 0x0000, 0x0000, 0x0000, 0x0000, 0x0000, 0x0000, 0x0000, 0x0000, 0x0000, 0x0000, 0x0000, 0x0000, 0x0000, 0x0000,
  0x0000, 0x0000, 0x0000, 0x0000, 0x0000, 0x0000, 0x0000, 0x0000, 0x0000, 0x0000, 0x0000, 0x0000, 0x0000, 0x0000, 0x0000, 0x0000,
  0x0001, 0x0001, 0x0000, 0x0000, 0x0082, 0x0041, 0x0062, 0x0021, 0x0001, 0x0021, 0x0000, 0x08A2, 0x08A2, 0x0041, 0x0000, 0x0021,
  0x0082, 0x0062, 0x0000, 0x0000, 0x0000, 0x0000, 0x0000, 0x0000, 0x0000, 0x0000, 0x0000, 0x0000, 0x0000, 0x0000, 0x0000, 0x0000,
  0x0000, 0x0000, 0x0000, 0x0000, 0x0000, 0x0000, 0x0000, 0x0000, 0x0000, 0x0000, 0x0000, 0x0000, 0x0000, 0x0000, 0x0000, 0x0000,
  0x0000, 0x0000, 0x0000, 0x0000, 0x0000, 0x0000, 0x0000, 0x0000, 0x0000, 0x0000, 0x0000, 0x0000, 0x0000, 0x0000, 0x0021, 0x0021,
  0x0041, 0x0000, 0x0000, 0x0000, 0x0000, 0x0000, 0x0000, 0x0021, 0x0001, 0x0021, 0x0000, 0x0041, 0x0021, 0x0062, 0x0042, 0x0042,
  0x0021, 0x0000, 0x0000, 0x0000, 0x0000, 0x0000, 0x0000, 0x0000, 0x0000, 0x0000, 0x0000, 0x0000, 0x0000, 0x0000, 0x0000, 0x0000,
  0x0000, 0x0000, 0x0000, 0x0000, 0x0000, 0x0000, 0x0000, 0x0000, 0x0000, 0x0000, 0x0000, 0x0000, 0x0000, 0x0000, 0x0000, 0x0000,
  0x0000, 0x0000, 0x0000, 0x0000, 0x0000, 0x0000, 0x0000, 0x0000, 0x0000, 0x0000, 0x0000, 0x0000, 0x0000, 0x0000, 0x0001, 0x0021,
  0x0082, 0x0082, 0x0021, 0x0000, 0x0001, 0x0000, 0x0000, 0x0000, 0x0000, 0x0000, 0x0041, 0x0041, 0x0041, 0x0021, 0x0000, 0x0000,
  0x0041, 0x0021, 0x0000, 0x0000, 0x0000, 0x0000, 0x0000, 0x0000, 0x0000, 0x0000, 0x0000, 0x0000, 0x0000, 0x0000, 0x0000, 0x0000,
  0x0000, 0x0000, 0x0000, 0x0000, 0x0000, 0x0000, 0x0000, 0x0000, 0x0000, 0x0000, 0x0000, 0x0000, 0x0000, 0x0000, 0x0000, 0x0000,
  0x0000, 0x0000, 0x0000, 0x0000, 0x0000, 0x0000, 0x0000, 0x0000, 0x0000, 0x0000, 0x0000, 0x0000, 0x0000, 0x0000, 0x0000, 0x0000,
  0x0000, 0x0000, 0x0000, 0x0000, 0x0000, 0x0000, 0x0000, 0x0000, 0x0000, 0x0000, 0x0000, 0x0000, 0x0001, 0x0021, 0x0001, 0x0041,
  0x0062, 0x0021, 0x0000, 0x0000, 0x0000, 0x0000, 0x0000, 0x0000, 0x0000, 0x0000, 0x0000, 0x0000, 0x0000, 0x0000, 0x0000, 0x0000,
  0x0000, 0x0000, 0x0000, 0x0000, 0x0000, 0x0000, 0x0000, 0x0000, 0x0000, 0x0000, 0x0000, 0x0000, 0x0000, 0x0000, 0x0000, 0x0000,
  0x0000, 0x0000, 0x0000, 0x0000, 0x0000, 0x0000, 0x0000, 0x0000, 0x0000, 0x0000, 0x0000, 0x0000, 0x0000, 0x0000, 0x0041, 0x0062,
  0x0021, 0x0021, 0x0062, 0x0021, 0x0000, 0x0000, 0x0000, 0x0000, 0x0000, 0x0000, 0x0000, 0x0000, 0x0000, 0x0000, 0x0000, 0x0000,
  0x0000, 0x0000, 0x0000, 0x0000, 0x0000, 0x0000, 0x0000, 0x0000, 0x0000, 0x0000, 0x0000, 0x0000, 0x0000, 0x0000, 0x0000, 0x0000,
};

// Torch Flame Frames (11x11 pixels)
static const uint16_t PROGMEM lc_flame_frame_0[121] = {
  0x0020, 0x0000, 0x0000, 0x0000, 0x0000, 0x60E0, 0x58E0, 0xDAC0, 0xBA00, 0x2860, 0x0000,
  0x2081, 0x1840, 0x0000, 0x0800, 0x1020, 0xA9A0, 0xDAA0, 0xEB20, 0x3060, 0x0000, 0x0000,
  0x30A1, 0x2060, 0x0000, 0x1000, 0xA1C0, 0xEB00, 0xEB40, 0x8160, 0x0800, 0x0000, 0x1820,
  0x30A1, 0x3080, 0x0800, 0x1000, 0xA9C0, 0xF380, 0xF400, 0xD260, 0x1820, 0x1020, 0x50A0,
  0x2080, 0x3080, 0x1020, 0x4080, 0x1820, 0xBA40, 0xFCE0, 0xF420, 0xB1E0, 0x3060, 0x68E0,
  0x2080, 0x38A0, 0x1820, 0x78E0, 0x3880, 0xB9E0, 0xFCE2, 0xFD63, 0xE360, 0x60E0, 0xB9C0,
  0x48E1, 0x40C1, 0x1020, 0xCA80, 0xD260, 0xEB40, 0xF524, 0xFE88, 0xF3E0, 0xE2E0, 0xDA20,
  0x40E1, 0x48C0, 0x8960, 0xF320, 0xF400, 0xFCA1, 0xFED1, 0xFECD, 0xFCE1, 0xF460, 0xEB60,
  0x38C1, 0x40A0, 0xA1A0, 0xF3C0, 0xFD21, 0xFE6A, 0xFF34, 0xFEAD, 0xFE08, 0xFD41, 0xF400,
  0x2881, 0x3880, 0x8100, 0xF3C0, 0xFD83, 0xFF13, 0xFF35, 0xFF12, 0xFEF2, 0xFDA4, 0xF3E0,
  0x30A1, 0x2060, 0x0820, 0xA9C0, 0xF420, 0xFE68, 0xFF34, 0xFF35, 0xFE27, 0xFD00, 0xB220,
};
static const uint16_t PROGMEM lc_flame_frame_1[121] = {
  0x0020, 0x0000, 0x0000, 0x0000, 0x0000, 0x60E0, 0x58E0, 0xDAC0, 0xBA00, 0x2860, 0x0000,
  0x2081, 0x2060, 0x0000, 0x1000, 0xA1C0, 0xEB00, 0xEB40, 0x8160, 0x0800, 0x0000, 0x0000,
  0x30A1, 0x3080, 0x0800, 0x1000, 0xA9C0, 0xF380, 0xF400, 0xD260, 0x1820, 0x1020, 0x1820,
  0x30A1, 0x3080, 0x1020, 0x4080, 0x1820, 0xBA40, 0xFCE0, 0xF420, 0xB1E0, 0x3060, 0x50A0,
  0x2080, 0x38A0, 0x1820, 0x78E0, 0x3880, 0xB9E0, 0xFCE2, 0xFD63, 0xE360, 0x60E0, 0x68E0,
  0x2080, 0x40C1, 0x1020, 0xCA80, 0xD260, 0xEB40, 0xF524, 0xFE88, 0xF3E0, 0xE2E0, 0xB9C0,
  0x48E1, 0x48C0, 0x8960, 0xF320, 0xF400, 0xFCA1, 0xFED1, 0xFECD, 0xFCE1, 0xF460, 0xDA20,
  0x40E1, 0x40A0, 0xA1A0, 0xF3C0, 0xFD21, 0xFE6A, 0xFF34, 0xFEAD, 0xFE08, 0xFD41, 0xEB60,
  0x38C1, 0x3880, 0x8100, 0xF3C0, 0xFD83, 0xFF13, 0xFF35, 0xFF12, 0xFEF2, 0xFDA4, 0xF400,
  0x2881, 0x3880, 0x8100, 0xF3C0, 0xFD83, 0xFF13, 0xFF35, 0xFF12, 0xFEF2, 0xFDA4, 0xF3E0,
  0x30A1, 0x2060, 0x0820, 0xA9C0, 0xF420, 0xFE68, 0xFF34, 0xFF35, 0xFE27, 0xFD00, 0xB220,
};
static const uint16_t PROGMEM lc_flame_frame_2[121] = {
  0x0020, 0x0000, 0x0000, 0x0000, 0x0000, 0x60E0, 0x58E0, 0xDAC0, 0xBA00, 0x2860, 0x0000,
  0x2081, 0x1840, 0x1840, 0x0000, 0x0800, 0x1020, 0xA9A0, 0xDAA0, 0xEB20, 0x3060, 0x0000,
  0x30A1, 0x2060, 0x2060, 0x0000, 0x1000, 0xA1C0, 0xEB00, 0xEB40, 0x8160, 0x0800, 0x1820,
  0x30A1, 0x3080, 0x3080, 0x0800, 0x1000, 0xA9C0, 0xF380, 0xF400, 0xD260, 0x1820, 0x50A0,
  0x2080, 0x3080, 0x3080, 0x1020, 0x4080, 0x1820, 0xBA40, 0xFCE0, 0xF420, 0xB1E0, 0x68E0,
  0x2080, 0x38A0, 0x38A0, 0x1820, 0x78E0, 0x3880, 0xB9E0, 0xFCE2, 0xFD63, 0xE360, 0xB9C0,
  0x48E1, 0x40C1, 0x40C1, 0x1020, 0xCA80, 0xD260, 0xEB40, 0xF524, 0xFE88, 0xF3E0, 0xDA20,
  0x40E1, 0x48C0, 0x48C0, 0x8960, 0xF320, 0xF400, 0xFCA1, 0xFED1, 0xFECD, 0xFCE1, 0xEB60,
  0x38C1, 0x40A0, 0x40A0, 0xA1A0, 0xF3C0, 0xFD21, 0xFE6A, 0xFF34, 0xFEAD, 0xFE08, 0xF400,
  0x2881, 0x3880, 0x3880, 0x8100, 0xF3C0, 0xFD83, 0xFF13, 0xFF35, 0xFF12, 0xFEF2, 0xF3E0,
  0x30A1, 0x2060, 0x0820, 0xA9C0, 0xF420, 0xFE68, 0xFF34, 0xFF35, 0xFE27, 0xFD00, 0xB220,
};
static const uint16_t* const lc_flame_frames[3] = {
  lc_flame_frame_0, lc_flame_frame_1, lc_flame_frame_2
};

// Villain Eye Frames (4x3 pixels)
static const uint16_t PROGMEM lc_eye_frame_0[12] = {
  0x1001, 0x5881, 0x3841, 0x0001, 0x8943, 0xEA24, 0x6082, 0x0822, 0xB1C4, 0xA122, 0x1022, 0x2064
};
static const uint16_t PROGMEM lc_eye_frame_1[12] = {
  0x0000, 0x8800, 0x8800, 0x0000, 0x8800, 0xF9C0, 0xFFE0, 0x8800, 0x0000, 0xD880, 0xB840, 0x0000
};
static const uint16_t PROGMEM lc_eye_frame_2[12] = {
  0x0000, 0x0000, 0x0000, 0x0000, 0x0000, 0x8800, 0x9000, 0x0000, 0x0000, 0x5800, 0x4800, 0x0000
};
static const uint16_t* const lc_eye_frames[3] = {
  lc_eye_frame_0, lc_eye_frame_1, lc_eye_frame_2
};

// Hero Cape Frames (9x6 pixels)
static const uint16_t PROGMEM lc_cape_frame_0[54] = {
  0x0000, 0x0800, 0x2020, 0x5041, 0x6842, 0x7062, 0x7062, 0x7062, 0x8882,
  0x3820, 0x6900, 0x9961, 0x8082, 0x7882, 0x7042, 0x7042, 0x7042, 0x6842,
  0xAA62, 0x8141, 0x8941, 0xAA22, 0x8902, 0x7862, 0x7042, 0x7042, 0x6842,
  0x4900, 0xB282, 0x99C1, 0x9182, 0x9182, 0x88E1, 0x6862, 0x6042, 0x5842,
  0x0000, 0x1860, 0x9A41, 0x9981, 0x91C2, 0x8961, 0x6021, 0x78C2, 0x78A2,
  0x0000, 0x0000, 0x6181, 0xA9C1, 0xAA41, 0x70A1, 0x99E1, 0x8941, 0x3840,
};
static const uint16_t PROGMEM lc_cape_frame_1[54] = {
  0x3820, 0x6900, 0x9961, 0x8082, 0x7882, 0x7042, 0x7042, 0x7042, 0x6842,
  0xAA62, 0x8141, 0x8941, 0xAA22, 0x8902, 0x7862, 0x7042, 0x7042, 0x6842,
  0x4900, 0xB282, 0x99C1, 0x9182, 0x9182, 0x88E1, 0x6862, 0x6042, 0x5842,
  0x0000, 0x1860, 0x9A41, 0x9981, 0x91C2, 0x8961, 0x6021, 0x78C2, 0x78A2,
  0x0000, 0x0000, 0x6181, 0xA9C1, 0xAA41, 0x70A1, 0x99E1, 0x8941, 0x3840,
  0x0000, 0x0000, 0x50C0, 0xAA41, 0xA222, 0xB221, 0x48A0, 0x1800, 0x5820,
};
static const uint16_t* const lc_cape_frames[2] = {
  lc_cape_frame_0, lc_cape_frame_1
};

// River Water Shimmer Points (x, y, baseColor, shimmerColor)
struct WaterShimmerPoint {
  int16_t x;
  int16_t y;
  uint16_t baseColor;
  uint16_t shimmerColor;
};

static const WaterShimmerPoint PROGMEM lc_water_shimmers[5] = {
  { 52, 114, 0x1925, 0xFCE0 },
  { 66, 116, 0x1166, 0xFDE0 },
  { 78, 118, 0x11A7, 0xFE40 },
  { 88, 115, 0x1186, 0xFD80 },
  { 97, 119, 0x0924, 0xFC80 }
};

// Fallback: Original full Lopaka-generated raw array (preserved per spec Section 15)
static const uint16_t PROGMEM image_LostCrownLoading_pixels[20480] = {
  0x6400, 0x6400, 0x6400, 0x8500, 0xA600, 0xC708, 0x8500, 0x2200, 0x4300, 0x4300, 0x4300, 0x4300, 0x4300, 0x4300, 0x4300, 0x4300,
  0x4300, 0x4300, 0x4300, 0x4300, 0x4300, 0x4300, 0x4300, 0x4300, 0x4300, 0x4300, 0x4300, 0x4300, 0x4300, 0x4300, 0x4300, 0x4300,
  0x4300, 0x4300, 0x4300, 0x4300, 0x4300, 0x4300, 0x4300, 0x4300, 0x4300, 0x4300, 0x4300, 0x2200, 0x4300, 0x4300, 0x4300, 0x4300,
  0x4300, 0x4300, 0x4300, 0x4300, 0x4300, 0x4300, 0x2300, 0x2300, 0x2300, 0x2200, 0x4200, 0x4300, 0x4300, 0x4300, 0x4300, 0x4300,
  0x2200, 0x2200, 0x2200, 0x2200, 0x2200, 0x2200, 0x2200, 0x2200, 0x4200, 0x4200, 0x2200, 0x2200, 0x2200, 0x2200, 0x2200, 0x8318,
  0x2200, 0x2200, 0x4300, 0x4300, 0x2300, 0x2300, 0x2200, 0x2200, 0x2200, 0x2300, 0x2200, 0x2100, 0x2100, 0x2200, 0x2200, 0x2200,
  0x6210, 0x6210, 0x2200, 0x2200, 0x2200, 0x2200, 0x2200, 0x4300, 0x4300, 0x4300, 0x2300, 0xA418, 0x4300, 0x4300, 0x4300, 0x2200,
  0x2200, 0x2200, 0x2200, 0x4200, 0x4300, 0x4300, 0x4300, 0xA708, 0xC708, 0x8600, 0x2100, 0x0000, 0x0000, 0x0000, 0x0000, 0x0000,
  0x4400, 0x6400, 0x6400, 0x8500, 0xA600, 0xC808, 0xA600, 0x2300, 0x4300, 0x4300, 0x4300, 0x4300, 0x4300, 0x4300, 0x4300, 0x4300,
  0x4300, 0x4300, 0x4300, 0x4300, 0x4300, 0x4300, 0x4300, 0x4300, 0x4300, 0x4300, 0x4300, 0x4300, 0x4300, 0x4300, 0x4300, 0x4300,
  0x4300, 0x4300, 0x4300, 0x4300, 0x4300, 0x4300, 0x4300, 0x4300, 0x4300, 0x4300, 0x4300, 0x4300, 0x4300, 0x4300, 0x4300, 0x4300,
  0x4300, 0x2300, 0x4300, 0x4300, 0x4300, 0x4300, 0x2300, 0x2200, 0x2300, 0x2300, 0x2300, 0x4300, 0x4300, 0x4300, 0x4300, 0x2200,
  0x4300, 0x2200, 0x2200, 0x2200, 0x2200, 0x2200, 0x2200, 0x2200, 0x2300, 0x2300, 0x2300, 0x2300, 0x2200, 0x2200, 0x4200, 0xA230,
  0x2200, 0x2200, 0x4300, 0x4300, 0x2300, 0x2200, 0x2200, 0x2200, 0x2200, 0x2200, 0x2200, 0x2200, 0x2200, 0x2200, 0x2200, 0x2200,
  0x8220, 0x6218, 0x4208, 0x2200, 0x2200, 0x2200, 0x2200, 0x2200, 0x4300, 0x4300, 0x8218, 0xA228, 0x4300, 0x4300, 0x4300, 0x2300,
  0x2300, 0x4300, 0x2200, 0x6400, 0x4300, 0x4300, 0x6400, 0xC808, 0xA708, 0x8600, 0x4300, 0x2008, 0x0000, 0x0000, 0x0000, 0x0000,
  0x4400, 0x6400, 0x8500, 0x8600, 0xA708, 0xC708, 0x6400, 0x4300, 0x4300, 0x4300, 0x4300, 0x4400, 0x4300, 0x4300, 0x4300, 0x4300,
  0x4300, 0x4300, 0x4300, 0x4300, 0x4300, 0x4300, 0x4300, 0x4300, 0xA310, 0x477B, 0x2200, 0x4300, 0x4300, 0x4300, 0x4300, 0x4300,
  0x4300, 0x4300, 0x4300, 0x4300, 0x4300, 0x4300, 0x4300, 0x4300, 0x4300, 0x4300, 0x4300, 0x4300, 0x4300, 0x4300, 0x4300, 0x4300,
  0x4300, 0x4300, 0x4300, 0x4300, 0x4300, 0x4300, 0x4300, 0x4300, 0x4300, 0x4300, 0x4300, 0x2300, 0x4200, 0x2200, 0x4200, 0x4300,
  0x2300, 0x2200, 0x2200, 0x2300, 0x4300, 0x4300, 0x4300, 0x2300, 0x4300, 0x2300, 0x4300, 0x4300, 0x4300, 0x2200, 0x4208, 0x4110,
  0x6120, 0x2200, 0x4300, 0x4300, 0x2100, 0x2200, 0x2200, 0x6218, 0x4108, 0x2200, 0x0100, 0x0100, 0x0100, 0x2100, 0x2100, 0x2100,
  0x8120, 0x2100, 0x2100, 0x2200, 0x2200, 0x2200, 0x4108, 0x6218, 0x4300, 0x6310, 0x6118, 0x4208, 0x4200, 0x4300, 0x4300, 0x4300,
  0x2300, 0x2300, 0x2300, 0x4300, 0x4300, 0x4300, 0x4300, 0xA600, 0xA708, 0x8500, 0x8500, 0x2200, 0x0000, 0x0000, 0x0000, 0x0000,
  0x4300, 0x6400, 0x6500, 0xA700, 0xE808, 0xA608, 0x4300, 0x4300, 0x6400, 0x4300, 0x4300, 0x4300, 0x4300, 0x4300, 0x4300, 0x4300,
  0x4300, 0x4300, 0x4300, 0x4300, 0x4300, 0x4300, 0x4300, 0x4300, 0xE318, 0x4262, 0x4200, 0x4300, 0x4300, 0x4300, 0x4300, 0x4300,
  0x4300, 0x4300, 0x4300, 0x4300, 0x4300, 0x4300, 0x4300, 0x4300, 0x4300, 0x4300, 0x4300, 0x4300, 0x4300, 0x4300, 0x4300, 0x4300,
  0x4300, 0xC608, 0x8400, 0x4300, 0x4300, 0x4300, 0x4300, 0x4300, 0x6500, 0x6500, 0x2300, 0x4300, 0x2300, 0x2200, 0x4200, 0x4300,
  0x4300, 0x2200, 0x4300, 0x4300, 0x4300, 0x4300, 0x4300, 0x4300, 0x4300, 0x4300, 0x4300, 0x4300, 0x4300, 0x6310, 0x6218, 0x0100,
  0x6218, 0xA220, 0x4300, 0x2200, 0x0100, 0x2200, 0x6310, 0x8218, 0x4110, 0x6218, 0x0100, 0x0100, 0x0100, 0x0100, 0x0100, 0x0100,
  0x2100, 0x6218, 0x2100, 0x2100, 0x2200, 0x2200, 0x6118, 0x4108, 0x4300, 0x6218, 0x2108, 0x6210, 0xA228, 0x4300, 0x4400, 0x4300,
  0x4300, 0x4300, 0x4300, 0x4300, 0x4300, 0x4300, 0x4300, 0x6400, 0xA608, 0xA708, 0x8500, 0x6500, 0x0000, 0x2100, 0x0000, 0x0000,
  0x4300, 0x4300, 0x6400, 0x8600, 0xA600, 0x6400, 0x6400, 0x6500, 0x6500, 0x6500, 0x4300, 0x4300, 0x4300, 0x4300, 0x4300, 0x4300,
  0x4300, 0x4300, 0x4300, 0x2521, 0xA85A, 0x4300, 0x2621, 0x4521, 0x8110, 0x047B, 0x6208, 0x8439, 0x6308, 0x4300, 0x885A, 0x4300,
  0x4300, 0x4300, 0x4300, 0x4300, 0x4300, 0x4300, 0x4300, 0x4300, 0x4300, 0x4300, 0x4300, 0x4300, 0x4300, 0x4300, 0x4300, 0x4300,
  0x4300, 0x4300, 0x4300, 0x4300, 0x4300, 0x4300, 0x4300, 0x6500, 0x8500, 0x8600, 0x8600, 0x4300, 0x4300, 0x2300, 0x2300, 0x2300,
  0x4300, 0x4300, 0x4300, 0x4300, 0x4300, 0x4300, 0x4300, 0x4300, 0x4300, 0x4300, 0x4300, 0x4300, 0x4300, 0xC328, 0x2349, 0x2108,
  0xC238, 0x4208, 0x4300, 0x2200, 0x2200, 0x2200, 0x2100, 0x4118, 0x2100, 0x2100, 0x0100, 0x0100, 0x8220, 0x2100, 0x0100, 0x2100,
  0x6218, 0x4210, 0x4218, 0x2100, 0x0100, 0x2100, 0x6218, 0x2100, 0x2100, 0x2200, 0x2108, 0xA228, 0xA220, 0x4300, 0x4400, 0x4300,
  0x4300, 0x4300, 0x4300, 0x4300, 0x4300, 0x4300, 0x4300, 0x4300, 0x6400, 0x2200, 0x0000, 0x0000, 0x0000, 0x0000, 0x0000, 0x0000,
  0x4300, 0x4300, 0x4400, 0x8500, 0x8600, 0x4300, 0x4300, 0x6400, 0x6500, 0x6500, 0x6400, 0x6400, 0x8600, 0x6500, 0x4400, 0x4300,
  0x4300, 0x4300, 0x4300, 0xC318, 0xC251, 0x4208, 0xA310, 0xA410, 0x8272, 0xC6FD, 0x2139, 0x6308, 0x4300, 0xE320, 0xE259, 0x4300,
  0x4300, 0x4300, 0x4300, 0x4300, 0x4300, 0x4300, 0x4300, 0x4300, 0x4300, 0x4300, 0x4300, 0x4300, 0x4300, 0x4300, 0x4300, 0x4300,
  0x4300, 0x4300, 0x4300, 0x4300, 0x4300, 0x4400, 0x6500, 0x6500, 0x6500, 0x8600, 0xA700, 0x6400, 0x6500, 0x4300, 0x4300, 0x4300,
  0x4300, 0x4300, 0x4300, 0x4300, 0x4300, 0x4300, 0x4300, 0x4300, 0x4300, 0x4300, 0x4300, 0x4300, 0x4300, 0x4300, 0x2341, 0xC138,
  0x4110, 0x2200, 0x4300, 0x2200, 0x0100, 0x2100, 0x0100, 0x6118, 0x6218, 0x2108, 0x0100, 0x0100, 0xA230, 0x6218, 0x0100, 0x2100,
  0xA230, 0x4108, 0x6218, 0x2108, 0x0100, 0x4210, 0x6210, 0x4208, 0x0100, 0x4210, 0x2100, 0xA228, 0x4300, 0x4400, 0x4400, 0x4400,
  0x4300, 0x4300, 0x4300, 0x6500, 0xA708, 0x8600, 0x4400, 0x4400, 0x4300, 0x4110, 0x0000, 0x0000, 0x0000, 0x0000, 0x0000, 0x0000,
  0x4300, 0x4300, 0x4300, 0x4400, 0x6500, 0x4300, 0x4300, 0x4300, 0x4300, 0x4400, 0x6500, 0x6500, 0x8600, 0x8600, 0xC708, 0x6400,
  0x4300, 0x4300, 0x4300, 0x4300, 0xA562, 0xA46A, 0x4200, 0xC120, 0xE3E4, 0x08FE, 0x21A3, 0x2100, 0x6108, 0x65BC, 0x2329, 0x4300,
  0x4300, 0x4300, 0x4300, 0x4300, 0x4300, 0x4300, 0x4300, 0x4300, 0x4300, 0x4300, 0x4300, 0x4300, 0x4300, 0x4300, 0x4300, 0x4300,
  0x4300, 0x4300, 0x4300, 0x4300, 0x4300, 0x4400, 0x4400, 0x6500, 0x8500, 0x8600, 0x6500, 0x6500, 0x6500, 0x4300, 0x4300, 0x4300,
  0x4300, 0x4300, 0x4300, 0x4300, 0x4300, 0x4300, 0x4300, 0x4300, 0x4300, 0x4300, 0x4300, 0x4300, 0x4300, 0x4300, 0x4300, 0x0382,
  0x6120, 0x2108, 0x2200, 0x2208, 0x2100, 0x0100, 0x2100, 0xA228, 0x6218, 0x6118, 0x0100, 0x4110, 0xA228, 0x8228, 0x4210, 0x2100,
  0x8220, 0x4208, 0x4208, 0x4108, 0x2108, 0x8220, 0x2100, 0x6218, 0x2100, 0x4210, 0x2100, 0x8220, 0x4300, 0x4400, 0x4400, 0x4400,
  0x4300, 0x4300, 0x8500, 0xE908, 0xE808, 0xC708, 0x8600, 0x6400, 0x6400, 0x4110, 0x0000, 0x0000, 0x0000, 0x0000, 0x0000, 0x0000,
  0x4300, 0x4300, 0x4300, 0x4400, 0x4300, 0x4300, 0x4300, 0x4300, 0x4300, 0x4300, 0x4400, 0x6400, 0x4400, 0x8600, 0xC708, 0xA600,
  0x4300, 0x4300, 0x4300, 0x4300, 0x4239, 0x03F5, 0x836A, 0x21A3, 0x64FD, 0xE7C4, 0xE2FC, 0xC069, 0x25BC, 0xA1BB, 0x2200, 0x4300,
  0x4300, 0x4300, 0x6400, 0x4300, 0x4300, 0x4300, 0x4300, 0x4300, 0x4300, 0x4300, 0x4300, 0x4300, 0x4300, 0x4300, 0x4300, 0x4300,
  0x4300, 0x4300, 0x4300, 0x4300, 0x4300, 0x4300, 0x4300, 0x4300, 0x6500, 0x6500, 0x4300, 0x4300, 0x4300, 0x4300, 0x4300, 0x4300,
  0xE710, 0x4300, 0x4300, 0x4300, 0x4300, 0x4300, 0x4300, 0x4300, 0x4300, 0x4300, 0x4300, 0x4300, 0x4300, 0x4300, 0x4300, 0x8261,
  0xC238, 0x4118, 0x2108, 0x8220, 0x8220, 0x0100, 0x2108, 0xC238, 0x4108, 0xA228, 0x2108, 0x6120, 0x6218, 0x4110, 0x6218, 0x2100,
  0x6118, 0x2108, 0x2100, 0x6218, 0x4110, 0x4210, 0x0100, 0x4110, 0x2108, 0x4210, 0x6218, 0x2100, 0x4400, 0x4400, 0x4400, 0x4400,
  0x6400, 0xA600, 0x2A11, 0x0909, 0xA708, 0xC708, 0x8600, 0xA600, 0xA700, 0xC320, 0x4018, 0x4018, 0x0000, 0x2108, 0x0000, 0x0000,
  0x4300, 0x4300, 0x4400, 0x4400, 0x4300, 0x4300, 0x4300, 0x4300, 0x4300, 0x4300, 0x4300, 0x4300, 0x4300, 0x4400, 0x4400, 0x6400,
  0x4400, 0xEB29, 0x2811, 0x4400, 0x4108, 0xC2B3, 0x42E4, 0xC2F4, 0x64BC, 0xE220, 0x42D4, 0xE0E3, 0x02E4, 0xE071, 0x2200, 0x4300,
  0x4300, 0xCC52, 0x4300, 0x4300, 0x4300, 0x4300, 0x4300, 0x4300, 0x4300, 0x4300, 0x4300, 0x4300, 0x2300, 0x2300, 0x4300, 0x4300,
  0x4300, 0x4300, 0x4300, 0x4300, 0x4300, 0x4300, 0x4300, 0x4300, 0x4300, 0x4300, 0x4300, 0x4300, 0x4300, 0x4300, 0x4300, 0x4300,
  0x4300, 0x4300, 0x4300, 0x4400, 0x4300, 0x4300, 0x4400, 0x4300, 0x4400, 0x4300, 0x4300, 0x4300, 0x4300, 0x4300, 0x4208, 0xE379,
  0xA130, 0xC138, 0x4110, 0x8228, 0xC238, 0x4110, 0x2108, 0xA230, 0x4208, 0x6118, 0x6118, 0x6118, 0x2108, 0x2100, 0x6118, 0x0100,
  0x6218, 0x4108, 0x6218, 0x4208, 0x4208, 0x2208, 0x2108, 0x2108, 0x2100, 0x2100, 0x4210, 0x2200, 0x4400, 0x4400, 0x4400, 0x4400,
  0x8600, 0x2A11, 0x4A11, 0xC808, 0xA708, 0xA600, 0x8600, 0xA708, 0xA608, 0x8500, 0x8310, 0x4010, 0x0000, 0x0000, 0x0000, 0x0000,
  0x4300, 0x4300, 0x4300, 0x4300, 0x4300, 0x4300, 0x4300, 0x4300, 0x4300, 0x4300, 0x4300, 0x4300, 0x4300, 0x4300, 0x4300, 0x4300,
  0x4400, 0x4400, 0x8508, 0x8408, 0x4200, 0xC09A, 0x409A, 0x01A3, 0xA4A3, 0xC249, 0x00A3, 0x609A, 0x20C3, 0xC128, 0x2300, 0xE610,
  0x4300, 0x2200, 0x4300, 0x4300, 0x4300, 0x4300, 0x4300, 0x4300, 0x4300, 0x4300, 0x4300, 0x4300, 0x2300, 0x2300, 0x4300, 0x4300,
  0x4300, 0x4300, 0x4300, 0x4300, 0x4300, 0x4300, 0x4300, 0x4300, 0x4300, 0x4300, 0x4300, 0x4300, 0x4300, 0x4300, 0x4300, 0x4300,
  0x4300, 0x4300, 0x4300, 0x6400, 0x4300, 0x4400, 0x4400, 0x4400, 0x4300, 0x4400, 0x4400, 0x4300, 0x4400, 0x4400, 0xA228, 0x6271,
  0x8138, 0x8120, 0x0241, 0x6118, 0x4110, 0xA230, 0x4110, 0xC238, 0x2108, 0x4210, 0x6220, 0x4110, 0x4110, 0x4108, 0x6218, 0x8220,
  0x8220, 0x8220, 0x4110, 0x4210, 0x4210, 0x6210, 0x2108, 0x4210, 0x6210, 0x2108, 0x4210, 0x2200, 0x6400, 0x6400, 0x4400, 0x6400,
  0x0909, 0x2A11, 0xE808, 0xE808, 0xA600, 0x8600, 0x8600, 0x8600, 0x6500, 0x6500, 0x6500, 0x2100, 0x0000, 0x0000, 0x0000, 0x0000,
  0x4300, 0x4300, 0x4300, 0x4300, 0x4300, 0x4300, 0x4300, 0x4300, 0x4300, 0xE549, 0x6339, 0xE482, 0x0483, 0x0583, 0x0483, 0x0483,
  0x0483, 0x0483, 0x0452, 0x0552, 0x2200, 0x2039, 0x4393, 0xE5A3, 0xE4B3, 0x45B4, 0x82AB, 0x01A3, 0x007A, 0x4010, 0x6721, 0x0642,
  0x057B, 0x0583, 0x0483, 0x0583, 0x0583, 0x2583, 0x2583, 0x2583, 0x0583, 0x0483, 0xE482, 0x0329, 0xE449, 0x4300, 0x4300, 0x4300,
  0x4300, 0x4300, 0x4300, 0x4300, 0x4300, 0x4300, 0x4300, 0x4300, 0x4300, 0x4300, 0x4300, 0x4300, 0x4300, 0x4300, 0x4300, 0x4300,
  0x4300, 0x4400, 0x6400, 0x6400, 0x6400, 0x6400, 0x6500, 0x6400, 0x4400, 0x6400, 0x6400, 0x4400, 0x4400, 0x4400, 0x237A, 0x2180,
  0x2148, 0xC140, 0x8120, 0xC238, 0x0000, 0x8128, 0x4110, 0x6120, 0x8220, 0x4110, 0xA228, 0xA228, 0x8228, 0x4110, 0x6218, 0x4110,
  0x0100, 0x0100, 0x2100, 0x0100, 0x4108, 0x2100, 0x0100, 0x0100, 0x0100, 0x2108, 0x6218, 0x2200, 0x6400, 0x6400, 0x6400, 0x6400,
  0xC808, 0x4B11, 0xE808, 0xC808, 0xA600, 0xA608, 0x8600, 0x6500, 0x8500, 0x6500, 0x6400, 0x2100, 0x0000, 0x0000, 0x0000, 0x0000,
  0x4300, 0x4300, 0x4300, 0x4300, 0x4300, 0x4300, 0x4300, 0x4300, 0x4300, 0x446A, 0x6108, 0x8118, 0x8118, 0x8118, 0x8118, 0x8110,
  0x8110, 0x8118, 0x6110, 0xC220, 0x2100, 0x4010, 0x8018, 0x8010, 0x6010, 0x6010, 0x6010, 0x6010, 0x6018, 0x2000, 0xA408, 0x4108,
  0x8118, 0x8118, 0x8118, 0x8110, 0xA118, 0xA118, 0x8118, 0x8118, 0x8118, 0xA118, 0xA118, 0x2229, 0x8441, 0x4300, 0x4300, 0x4300,
  0x4300, 0x4300, 0x4300, 0x4300, 0x4300, 0x4300, 0x4300, 0x4300, 0x4300, 0x4300, 0x4300, 0x4300, 0x4300, 0x4300, 0x4400, 0x4400,
  0x4400, 0x6400, 0x6500, 0x6500, 0x6500, 0x6500, 0x6500, 0x6500, 0x6500, 0x6500, 0x6400, 0x6400, 0x4400, 0x6400, 0x46A3, 0xC5CA,
  0x2178, 0x8040, 0x6020, 0xE140, 0x2110, 0x8228, 0x8228, 0x4110, 0x8228, 0x8228, 0x6220, 0x2108, 0x4110, 0x4110, 0x6218, 0x6218,
  0x8228, 0x8228, 0x6220, 0x6218, 0x6218, 0x6218, 0x4210, 0x6218, 0x4108, 0x2108, 0x2200, 0x4300, 0x6500, 0x6500, 0x6500, 0x6500,
  0x8500, 0x0911, 0x2911, 0xA708, 0xA600, 0xA608, 0x8500, 0x8600, 0x6500, 0x6400, 0x6400, 0x4210, 0x0000, 0x0000, 0x0000, 0x0000,
  0x4300, 0x4300, 0x4300, 0x4300, 0x4300, 0x4300, 0x4300, 0x4300, 0x4300, 0x4300, 0x4300, 0x2200, 0x4108, 0x4008, 0x4108, 0x2100,
  0x0100, 0x0100, 0x0100, 0x0000, 0x2000, 0x2008, 0x4008, 0x2008, 0x0000, 0x0000, 0x0000, 0x0000, 0x0000, 0x4008, 0x4008, 0x4008,
  0x2000, 0x0000, 0x0000, 0x4008, 0x4108, 0x4008, 0x4008, 0x4008, 0x4008, 0x4008, 0x2100, 0x4200, 0x4200, 0x2300, 0x4300, 0x4300,
  0x4300, 0x4300, 0x4300, 0x4300, 0x4300, 0x4300, 0x4300, 0x4300, 0x4300, 0x4300, 0x4300, 0x4300, 0x6400, 0x4300, 0x6400, 0x6400,
  0x6400, 0x6500, 0x6500, 0x6500, 0x8600, 0x6500, 0x6500, 0x6500, 0x6500, 0x6500, 0x6500, 0x6500, 0x6400, 0x6400, 0x447A, 0x63B9,
  0x4180, 0xC150, 0xA128, 0xE140, 0x2108, 0x8228, 0x8228, 0x4118, 0x2108, 0x6210, 0x6220, 0xA228, 0x8228, 0xA228, 0xA230, 0x8228,
  0x4210, 0x4110, 0x2108, 0x2100, 0x0100, 0x0100, 0x2100, 0x2108, 0x2108, 0x4210, 0x6218, 0x4208, 0x6400, 0x6500, 0x6500, 0x8600,
  0x8500, 0xA600, 0x0909, 0xE808, 0xA700, 0xA608, 0xA708, 0x6500, 0x8600, 0x4400, 0x4400, 0x6208, 0x0000, 0x0000, 0x0000, 0x0000,
  0x4300, 0x4300, 0x4300, 0x4300, 0x4300, 0x4300, 0x4300, 0x4300, 0x4300, 0x4300, 0x4300, 0x2100, 0x489C, 0x2BF6, 0xEAED, 0x645A,
  0x0100, 0x0100, 0x0100, 0x0000, 0xE56A, 0x6CF6, 0x2AF6, 0x2AF6, 0x6583, 0x2000, 0x0000, 0x0000, 0xE56A, 0x4BF6, 0x4AF6, 0x4AF6,
  0x858B, 0x2000, 0x4108, 0x8DF6, 0x4BF6, 0x6BF6, 0xAEFE, 0x6CF6, 0x4BF6, 0x0CE6, 0x2100, 0x4300, 0x4300, 0x4300, 0x4300, 0x4300,
  0x4300, 0x4300, 0x4300, 0x4300, 0x4300, 0x4300, 0x4300, 0x4300, 0x4300, 0x4300, 0x4300, 0x4400, 0x8600, 0x6400, 0x6400, 0x6400,
  0x6500, 0x8500, 0x8600, 0xA600, 0xA600, 0x8600, 0xA600, 0x8500, 0x8500, 0x8600, 0x6500, 0x6500, 0x6500, 0x6400, 0x8410, 0xE3C2,
  0x4170, 0x8171, 0xA028, 0xA130, 0x4110, 0x4110, 0x2108, 0x8228, 0x8228, 0xA228, 0xC230, 0xA230, 0x8220, 0x4210, 0x2100, 0x2100,
  0x2100, 0x0100, 0x0100, 0x0100, 0x0100, 0x0100, 0x0100, 0x0100, 0x0100, 0x2100, 0x2100, 0x2108, 0x6500, 0xA600, 0xE808, 0xA700,
  0xA700, 0x8600, 0xC808, 0xC808, 0xC708, 0xE808, 0xA600, 0x8600, 0x6400, 0x6400, 0x4400, 0x6210, 0x0000, 0x0000, 0x0000, 0x0000,
  0x4300, 0x4300, 0x4300, 0x4300, 0x6400, 0xC708, 0x4300, 0x4300, 0x4300, 0x4300, 0x4300, 0x2200, 0x0221, 0xE8FD, 0xA4D4, 0x0000,
  0x2100, 0x2100, 0x0100, 0x845A, 0x87ED, 0x65F5, 0x626A, 0xC6CC, 0x08FE, 0x0573, 0x0000, 0x6362, 0xE9F5, 0xA4D4, 0x6362, 0x83A3,
  0x25F5, 0x047B, 0x4008, 0xC5CC, 0x6362, 0x65BC, 0x29FE, 0x8493, 0x6272, 0xE7D4, 0x2100, 0x4300, 0x4300, 0x4300, 0x4300, 0x4300,
  0x4300, 0x4300, 0x4300, 0x4300, 0x4300, 0x4300, 0x4300, 0x4300, 0x4300, 0x4300, 0x4300, 0x4300, 0x6400, 0x6400, 0x6500, 0x6500,
  0x8600, 0xA600, 0xA700, 0xA700, 0xC700, 0xC700, 0xC808, 0xA700, 0xA600, 0xC700, 0x8600, 0x8600, 0x8600, 0x6500, 0x8500, 0xE49A,
  0x0282, 0x829A, 0x6018, 0x4110, 0x8228, 0x6218, 0x8228, 0xC238, 0xA230, 0x6118, 0x4110, 0x2100, 0x0100, 0x0100, 0x0100, 0x0100,
  0x0100, 0x0100, 0x0100, 0x0100, 0x0100, 0x0100, 0x0100, 0x0100, 0x0100, 0x0100, 0x2100, 0x2200, 0x8600, 0xE908, 0xE908, 0xE808,
  0xC808, 0xA708, 0x8600, 0xC708, 0x0911, 0xC708, 0x8600, 0x8500, 0x8500, 0x6400, 0x4300, 0x8310, 0x0000, 0x0000, 0x0000, 0x0000,
  0x4300, 0x4300, 0x4300, 0x4300, 0x4300, 0x4300, 0x4300, 0x4300, 0x4300, 0x4300, 0x4300, 0x4300, 0x2421, 0x29FE, 0xA4D4, 0x0100,
  0x2100, 0x2100, 0x2100, 0xE693, 0x85FD, 0x4262, 0x0000, 0x6239, 0x85FD, 0x67B4, 0x0000, 0xC49B, 0x65FD, 0x4139, 0x0000, 0x2008,
  0x62AB, 0xA27A, 0x2008, 0xA020, 0x0100, 0x2994, 0x65FD, 0x225A, 0x2100, 0x6059, 0x2100, 0x4300, 0x4300, 0x4300, 0x4300, 0x4300,
  0x4300, 0x4300, 0x4300, 0x4300, 0x4300, 0x4300, 0x4300, 0x4300, 0x4300, 0x4300, 0x4300, 0x6400, 0x6500, 0x6400, 0x8500, 0x8600,
  0xA700, 0xC700, 0xE808, 0x0809, 0x0909, 0x0909, 0x0909, 0x0809, 0xC700, 0xC700, 0xA700, 0x8600, 0x8500, 0x8500, 0x8500, 0xC420,
  0xA4C3, 0xE140, 0x2010, 0xA228, 0x8220, 0x8220, 0x6118, 0x2100, 0x2100, 0x0100, 0x0100, 0x0100, 0x0100, 0x0100, 0x0100, 0x0100,
  0x0100, 0x0100, 0x0100, 0x0100, 0x0100, 0x0100, 0x0100, 0x2100, 0x2100, 0x2100, 0x0100, 0x4300, 0xC700, 0x0909, 0x0909, 0xE808,
  0xC800, 0xA700, 0xC808, 0x4B11, 0x0911, 0xC708, 0xA600, 0x6400, 0x6400, 0x6500, 0x6500, 0xA418, 0x0000, 0x0000, 0x0000, 0x0000,
  0x6400, 0x4300, 0x4300, 0x4300, 0x4300, 0x4300, 0x4300, 0x4300, 0x4300, 0x4300, 0x4300, 0x4300, 0x2321, 0xA6FD, 0x64D4, 0x0100,
  0x2100, 0x2100, 0x2100, 0xC593, 0x64FD, 0x025A, 0x0000, 0x2131, 0x65FD, 0x25B4, 0x0000, 0x639B, 0x24FD, 0x028B, 0x2000, 0x0000,
  0x0000, 0x0000, 0x0000, 0x0100, 0x0100, 0xC693, 0x44FD, 0xE259, 0x2200, 0x2200, 0x2200, 0x4300, 0x4300, 0x4300, 0x4300, 0x4300,
  0x4300, 0x4300, 0x4300, 0x4300, 0x4300, 0x4300, 0x4300, 0x4300, 0x4300, 0x6400, 0x6500, 0x6400, 0x6500, 0x8500, 0xA600, 0xA700,
  0xC700, 0x0909, 0x2909, 0x6A11, 0x8B11, 0x6B11, 0x6B11, 0x4A11, 0x2A09, 0xE808, 0xC808, 0xA700, 0xA600, 0x8500, 0x8500, 0x2200,
  0x0131, 0x4249, 0xE148, 0xE248, 0x6118, 0x2108, 0x2200, 0x4200, 0x4300, 0x2200, 0x0100, 0x0100, 0x0100, 0x0100, 0x2100, 0x0100,
  0x2100, 0x0100, 0x0100, 0x0100, 0x0100, 0x0100, 0x0100, 0x2100, 0x0100, 0x2100, 0x0100, 0x2100, 0x4300, 0xC808, 0xE808, 0x6500,
  0xE808, 0xC700, 0x2A11, 0x4B11, 0xE808, 0xA708, 0x6500, 0x4400, 0x6500, 0x8500, 0x4400, 0xC418, 0x0000, 0x0000, 0x0000, 0x0000,
  0xE808, 0xE808, 0x6500, 0x4300, 0x4300, 0x4300, 0x4300, 0x4300, 0x4300, 0x4300, 0x4300, 0x4300, 0xE120, 0xC3F4, 0x23CC, 0x0100,
  0x2100, 0x2100, 0x2100, 0x4293, 0xE3F4, 0xE159, 0x0000, 0x0131, 0xE3F4, 0xC3B3, 0x0000, 0x4008, 0x82B3, 0xA3F4, 0x04ED, 0xC4EC,
  0x817A, 0x2000, 0x0100, 0x0100, 0x0000, 0x4393, 0xC2F4, 0xC159, 0x2200, 0x4200, 0x4300, 0x4300, 0x4300, 0x4300, 0x4300, 0x4300,
  0x4300, 0x4300, 0x4300, 0x4300, 0x6400, 0xE808, 0x2911, 0xA608, 0x4400, 0x4400, 0x6500, 0x6500, 0x8500, 0xA600, 0xC700, 0xE808,
  0x2909, 0x6B11, 0xAC19, 0x4E2A, 0x104B, 0x104B, 0xAF3A, 0xAC19, 0x6B11, 0x4A11, 0x0909, 0xE808, 0x8500, 0x6500, 0x2100, 0x0100,
  0x036A, 0x24B3, 0xC181, 0x4108, 0x2200, 0x4300, 0x4300, 0x2200, 0x4300, 0x4300, 0x2100, 0x0100, 0x0100, 0x0100, 0x0100, 0x2100,
  0x0100, 0x0100, 0x0100, 0x0100, 0x0100, 0x0100, 0x0100, 0x2100, 0x2100, 0x0100, 0x0100, 0x0100, 0x0100, 0x2200, 0x8500, 0x6400,
  0x0909, 0x4B11, 0x4B11, 0xE908, 0xC808, 0xC708, 0x6500, 0x4300, 0x6400, 0x6400, 0x4400, 0xC420, 0x0000, 0x0000, 0x0000, 0x0000,
  0xC808, 0x0909, 0xE808, 0x6400, 0x4300, 0x4300, 0x4300, 0x4400, 0x4400, 0x4300, 0x4300, 0x4300, 0xC120, 0x62F4, 0x81CB, 0x0100,
  0x2200, 0x2200, 0x2100, 0xE192, 0x62F4, 0xC159, 0x0000, 0x0031, 0x82F4, 0x42B3, 0x0000, 0x0100, 0x0000, 0x8059, 0xE161, 0x02DC,
  0x82F4, 0x617A, 0x0000, 0x0100, 0x0000, 0xE292, 0x42F4, 0x8151, 0x2200, 0x4300, 0x4300, 0x4300, 0x4300, 0x4300, 0x4300, 0x4300,
  0x4300, 0x4300, 0x4300, 0x6400, 0xA600, 0xC808, 0xE808, 0x2A11, 0xC708, 0x4400, 0x6400, 0x8500, 0xA600, 0xA700, 0xC808, 0x0909,
  0x4A11, 0xAC19, 0xF26B, 0xB7AD, 0x9ACE, 0xF9AD, 0xD784, 0x534B, 0xED21, 0x8C11, 0x4A09, 0x0909, 0x8500, 0x6400, 0x2300, 0x4200,
  0xE48A, 0x44B3, 0x8120, 0x6318, 0x6310, 0x4308, 0x2200, 0x0100, 0x2100, 0x2200, 0x2200, 0x0100, 0x0100, 0x0100, 0x0100, 0x0100,
  0x0100, 0x0100, 0x2100, 0x2100, 0x0100, 0x0100, 0x0100, 0x0100, 0x0100, 0x0100, 0x2100, 0x0100, 0x0100, 0x0100, 0x4300, 0xE808,
  0x2A09, 0x4A11, 0x0909, 0xE808, 0xC808, 0xA600, 0x4400, 0x4300, 0x4400, 0x4400, 0x4400, 0xC420, 0x0000, 0x0000, 0x0000, 0x0000,
  0xC708, 0xC808, 0x2A11, 0xE808, 0x6400, 0x4400, 0x4400, 0x4400, 0x4400, 0x4400, 0x4300, 0x4300, 0xC220, 0xC1EB, 0x61C3, 0x0100,
  0x2200, 0x6108, 0x8118, 0xC192, 0x22EC, 0xA059, 0x0000, 0x0031, 0x62F4, 0x21AB, 0x0000, 0x4231, 0x8149, 0x2000, 0x0000, 0x0031,
  0x83F4, 0x82BB, 0x0000, 0x0100, 0x0000, 0xA192, 0x01EC, 0x6051, 0x2200, 0x4300, 0x4300, 0x4300, 0x4300, 0x4300, 0x4300, 0x4300,
  0x6500, 0x6500, 0x4300, 0x8600, 0x8600, 0xA600, 0xC708, 0x2911, 0x6B11, 0x8500, 0x6500, 0x8600, 0xA700, 0xC700, 0x2909, 0x4A11,
  0x0D22, 0x569D, 0x99C6, 0xBACE, 0xB8A5, 0x766C, 0xB453, 0xB453, 0x534B, 0x0E22, 0x6B11, 0x2909, 0xE808, 0xC800, 0xA700, 0xC700,
  0x6208, 0xE238, 0x8428, 0x6318, 0x6310, 0x2200, 0x0100, 0x0100, 0x0100, 0x2200, 0x4308, 0x2200, 0x0100, 0x0100, 0x0100, 0x0100,
  0x0100, 0x2200, 0x4308, 0x4300, 0x2100, 0x0100, 0x0100, 0x0100, 0x0100, 0x0100, 0x2100, 0x2100, 0x2100, 0x8600, 0xE908, 0x2A09,
  0x0909, 0xA600, 0xE808, 0xC808, 0x8500, 0x6500, 0x4400, 0x4400, 0x4300, 0x4300, 0x4300, 0xE420, 0x0000, 0x0000, 0x0000, 0x0000,
  0x8600, 0xC708, 0xE808, 0x4A11, 0x6500, 0x4400, 0x6400, 0x8500, 0x4400, 0x4400, 0x4400, 0x4400, 0xA120, 0xC1EB, 0x61C3, 0x2008,
  0x4108, 0xC292, 0xE161, 0xA192, 0x22EC, 0x01AB, 0x6018, 0x6182, 0x42EC, 0x21AB, 0x0000, 0x239B, 0x62F4, 0x417A, 0x8018, 0xA28A,
  0x22EC, 0x41B3, 0x0000, 0x0100, 0x0000, 0x618A, 0xE1EB, 0x6051, 0x2200, 0x4300, 0x4300, 0x4300, 0x4300, 0x4300, 0x4300, 0x6400,
  0x6500, 0xA600, 0x8500, 0x8500, 0x6500, 0x8600, 0xA708, 0xE808, 0x4A11, 0x6400, 0x8500, 0xA600, 0xC700, 0xE808, 0x4A09, 0x6B11,
  0x715B, 0xBAD6, 0x19B6, 0xD8AD, 0x3664, 0x744B, 0xF23A, 0x3243, 0xF13A, 0x3243, 0xAC19, 0x4A09, 0x0909, 0xC808, 0xC808, 0xA600,
  0x2100, 0xC430, 0xA530, 0x4308, 0x2200, 0x0100, 0x0100, 0x2210, 0x2208, 0x2200, 0x4308, 0x4308, 0x2100, 0x0100, 0x0100, 0x0100,
  0x2100, 0x4300, 0x0100, 0x0100, 0x2200, 0x0100, 0x0100, 0x0100, 0x0100, 0x0100, 0x0100, 0x2100, 0x2100, 0x2200, 0x6400, 0xA708,
  0xC808, 0x6500, 0xC808, 0x8600, 0x6400, 0x6500, 0x4400, 0x4300, 0x4300, 0x4300, 0x4400, 0xE520, 0x0000, 0x0000, 0x0000, 0x0000,
  0x8600, 0x8600, 0xE908, 0x0909, 0x6400, 0x8500, 0xC708, 0xA600, 0x6400, 0x6400, 0x4400, 0x4300, 0x235A, 0x63F4, 0x62F4, 0x82F4,
  0x62EC, 0x22EC, 0xC161, 0x2000, 0xE1AA, 0x42EC, 0x62F4, 0x42EC, 0x81C3, 0x4010, 0x0100, 0x4008, 0x41BB, 0x21EC, 0x62F4, 0x22EC,
  0x41C3, 0x6010, 0x0100, 0x0100, 0x8018, 0xE4B3, 0x42F4, 0x8182, 0x4200, 0x4300, 0x4300, 0x4300, 0x4300, 0x4300, 0x4300, 0x4300,
  0x6400, 0x6500, 0x8600, 0x8500, 0x6500, 0x6500, 0x8500, 0xE808, 0x0911, 0x2A11, 0x4A11, 0xA600, 0xC708, 0x0809, 0x6A11, 0xAC19,
  0xF8AD, 0x39B6, 0x7ABE, 0x967C, 0xB453, 0xF23A, 0x9032, 0x902A, 0x323B, 0xB132, 0x9032, 0x6B11, 0x0909, 0x0909, 0xC808, 0x4300,
  0x8218, 0x0541, 0x6318, 0x2200, 0x0100, 0x0110, 0x8158, 0x4138, 0x0100, 0x4308, 0x4308, 0x4308, 0x4300, 0x0100, 0x0100, 0x0100,
  0x2200, 0x2100, 0x2100, 0x2200, 0x2200, 0x0100, 0x0100, 0x0100, 0x0100, 0x0100, 0x0100, 0x0100, 0x2100, 0x2100, 0x2100, 0x2200,
  0x2200, 0x4400, 0xA608, 0xA700, 0x6400, 0x4400, 0x4400, 0x4300, 0x4400, 0x8500, 0x8600, 0xC418, 0x0000, 0x0000, 0x0000, 0x0000,
  0x8500, 0xA608, 0xC808, 0xC700, 0x8600, 0xC808, 0xA600, 0x8600, 0x8500, 0x6500, 0x4400, 0x2200, 0x025A, 0x016A, 0x016A, 0x016A,
  0xE161, 0xE169, 0xC028, 0x2200, 0x6110, 0x016A, 0xE161, 0xC161, 0xA020, 0x2100, 0x2100, 0x2100, 0x8018, 0x016A, 0xE169, 0xE161,
  0xA020, 0x0000, 0x2100, 0x2100, 0xC020, 0x016A, 0xE161, 0xE161, 0x2100, 0x4300, 0x4300, 0x4300, 0x4300, 0x4300, 0x4300, 0x4300,
  0x4300, 0x4400, 0x6400, 0x8500, 0x6400, 0x6500, 0x6500, 0xA600, 0xE808, 0x2A11, 0x4A11, 0x2911, 0xE800, 0x0809, 0x6B11, 0xCC19,
  0x79C6, 0x989D, 0xDAD6, 0xF784, 0xB553, 0x734B, 0x5343, 0x702A, 0xB132, 0x702A, 0xF13A, 0x6B11, 0x4A09, 0xE808, 0xE808, 0xA600,
  0x6210, 0x0541, 0x2200, 0x0100, 0x0108, 0x4389, 0x24EA, 0x8260, 0x2208, 0x6410, 0x6408, 0x4308, 0x4200, 0x0100, 0x0100, 0x0100,
  0x2100, 0x2200, 0x0100, 0x2200, 0x2200, 0x0100, 0x0100, 0x0100, 0x0100, 0x0100, 0x0100, 0x0100, 0x2100, 0x2100, 0x2100, 0x2200,
  0x2200, 0x0100, 0xA608, 0xA600, 0x4300, 0x4400, 0x4400, 0x4300, 0xA708, 0xC708, 0xA708, 0x6208, 0x0000, 0x0000, 0x0000, 0x0000,
  0x6500, 0x6500, 0xA708, 0xA700, 0xC808, 0xA708, 0x8500, 0x8500, 0x6500, 0x6400, 0xC831, 0xA731, 0x8631, 0x2519, 0x2200, 0x4200,
  0xA731, 0x8631, 0xA731, 0xA731, 0xC731, 0xC410, 0x4200, 0x2200, 0x2200, 0x4629, 0xA731, 0xA731, 0xE418, 0x2200, 0x2521, 0xA631,
  0xA631, 0x2200, 0x2100, 0x2100, 0x6629, 0x8631, 0x8631, 0xE418, 0xA731, 0xA731, 0x4300, 0x6308, 0xA831, 0xA831, 0x8729, 0x4300,
  0x4300, 0x6400, 0x4400, 0x6400, 0x6500, 0x4300, 0x6500, 0x8600, 0xA708, 0xC708, 0x2911, 0x8C19, 0x4A11, 0x4A11, 0x8C11, 0xAC19,
  0xDAD6, 0x5895, 0x7895, 0x99C6, 0x556C, 0xD77C, 0x3664, 0xF23A, 0xF23A, 0xD23A, 0xF23A, 0x6B11, 0x4A11, 0x0909, 0xC708, 0xC708,
  0xC708, 0xA320, 0x6310, 0x0100, 0x0118, 0xC4B1, 0x22A1, 0x2210, 0x6420, 0x6410, 0x6408, 0x4308, 0x2200, 0x2100, 0x0100, 0x0100,
  0x2200, 0x2200, 0x0100, 0x4200, 0x2200, 0x0100, 0x0100, 0x0100, 0x0100, 0x0100, 0x0100, 0x0100, 0x2100, 0x0100, 0x2100, 0x2100,
  0x6400, 0x6400, 0x4400, 0x4300, 0x6400, 0xC808, 0xA708, 0xA600, 0xE808, 0xA708, 0x8600, 0x2100, 0x0000, 0x0000, 0x2100, 0x0000,
  0x6400, 0x6500, 0xA600, 0xA600, 0x8600, 0x8600, 0x8500, 0x6400, 0x4300, 0xEC5A, 0x1BDF, 0x1BDF, 0x1BDF, 0xD6B5, 0x4621, 0x8308,
  0x75AD, 0x3BE7, 0x3CE7, 0x3BDF, 0x3CE7, 0x139D, 0x6300, 0x4300, 0xE839, 0x78CE, 0x3BE7, 0x3BDF, 0x75AD, 0xA310, 0x6D6B, 0x5CE7,
  0xB6B5, 0x4300, 0x4300, 0x2200, 0x139D, 0x5CE7, 0x9294, 0xE739, 0xFADE, 0xDAD6, 0x4200, 0xC510, 0xD6B5, 0x1BDF, 0xCF7B, 0x4400,
  0x4400, 0x6400, 0x6500, 0x6400, 0x6500, 0x8500, 0x6500, 0x6500, 0x8500, 0x8600, 0xC808, 0x0909, 0x4A11, 0x6B11, 0x8B11, 0xCD19,
  0x59BE, 0xF8AD, 0xB774, 0x5895, 0xB8A5, 0x1564, 0x5664, 0x734B, 0x1243, 0x734B, 0x1243, 0x8C11, 0x4A11, 0x0909, 0xE908, 0xE808,
  0xE908, 0x0721, 0x8418, 0x4308, 0x2208, 0x0118, 0x4218, 0x6420, 0x6418, 0x6410, 0x6408, 0x4300, 0x2200, 0x2200, 0x0100, 0x0100,
  0x2200, 0x2200, 0x2200, 0x4300, 0x2100, 0x2100, 0x0100, 0x0100, 0x0100, 0x0100, 0x0100, 0x0100, 0x0100, 0x0100, 0x2100, 0x2100,
  0x2200, 0x2200, 0x2100, 0x2200, 0xE808, 0xE808, 0xA608, 0xC808, 0xA708, 0x8600, 0x6300, 0x2108, 0x0100, 0x0000, 0x0000, 0x0000,
  0x6400, 0x6400, 0x6500, 0xA600, 0x6400, 0x6400, 0x8500, 0x4400, 0x8A52, 0xBAD6, 0x99CE, 0xCB5A, 0x8D6B, 0xDAD6, 0x17BE, 0x4300,
  0x4D6B, 0x3BE7, 0x718C, 0x2942, 0xF39C, 0x1BDF, 0x718C, 0x0519, 0xBAD6, 0xDACE, 0x2C63, 0x0F7C, 0x1BD7, 0x34A5, 0x2521, 0x3CE7,
  0xB294, 0x4300, 0x6300, 0x4300, 0xCF73, 0x1BDF, 0x494A, 0x2200, 0x99CE, 0xFAD6, 0x2D63, 0x4300, 0x718C, 0x1BDF, 0xA731, 0x4400,
  0x4300, 0x4300, 0x4400, 0x6400, 0x6500, 0x6400, 0x6400, 0x8500, 0x6500, 0x6500, 0x8600, 0xA700, 0xE808, 0x0909, 0x6B11, 0xCD19,
  0xF36B, 0xB9CE, 0x19B6, 0xD77C, 0x779D, 0x579D, 0x766C, 0xF55B, 0xD45B, 0x155C, 0x2E22, 0x8B11, 0x4A11, 0x2909, 0x0909, 0xE808,
  0xE808, 0x6749, 0x4300, 0x4308, 0x4308, 0x4308, 0x4408, 0x6418, 0x6410, 0x6408, 0x4300, 0x2200, 0x2200, 0x2200, 0x0100, 0x0100,
  0x2200, 0x4300, 0x8218, 0x2200, 0x2100, 0x2100, 0x0100, 0x0100, 0x0100, 0x0100, 0x0100, 0x0100, 0x2100, 0x2100, 0x2100, 0x2100,
  0x2100, 0x2100, 0x6400, 0xC808, 0xE908, 0xE808, 0x4300, 0x4300, 0x8608, 0xA600, 0xA410, 0x6210, 0x2100, 0x0000, 0x0000, 0x0000,
  0x6400, 0x6400, 0x6400, 0x8600, 0x4400, 0x4400, 0x4400, 0x4400, 0x0C63, 0xFAD6, 0x5084, 0x2200, 0x4300, 0x4D63, 0xAE73, 0x2100,
  0x6D6B, 0x1BDF, 0x2C63, 0x4300, 0xC739, 0x1BDF, 0x34A5, 0x0419, 0x1BDF, 0x34A5, 0x4300, 0x8308, 0x1BDF, 0xF7BD, 0x8210, 0xFBDE,
  0xB294, 0x4300, 0x518C, 0x8729, 0x8E6B, 0xDAD6, 0x4942, 0x4300, 0x79CE, 0xFAD6, 0x38BE, 0x4621, 0x5184, 0xDAD6, 0xA831, 0x4300,
  0x4300, 0x4300, 0x4400, 0x4400, 0x4300, 0x4400, 0x8500, 0x6500, 0x8600, 0x6500, 0x8500, 0xC700, 0xE808, 0x0909, 0x4A09, 0x8B11,
  0x2E2A, 0xF8B5, 0xB9CE, 0x39BE, 0x59BE, 0x79C6, 0x7895, 0x7674, 0x178D, 0xD13A, 0xCD19, 0x8B11, 0x2A09, 0x0909, 0xE808, 0x0909,
  0x0809, 0x0531, 0x4300, 0x4300, 0x2200, 0x4308, 0x4408, 0x6408, 0x6408, 0x4408, 0x4300, 0x2200, 0x4300, 0x2200, 0x0100, 0x0100,
  0x2100, 0x6118, 0x4210, 0x4208, 0x2100, 0x2100, 0x0100, 0x2100, 0x0100, 0x2100, 0x0100, 0x0100, 0x2100, 0x2100, 0x2100, 0x2100,
  0x2100, 0x2100, 0x2200, 0xA600, 0xE908, 0xC708, 0x8600, 0x2200, 0x4300, 0xA608, 0xC610, 0x6210, 0x0000, 0x0000, 0x0000, 0x0000,
  0x6500, 0x6400, 0x6400, 0x6400, 0x4400, 0x6400, 0x4400, 0x4400, 0xEB5A, 0x99C6, 0x708C, 0x4300, 0x4300, 0x4300, 0x4300, 0x2300,
  0x4D63, 0xBACE, 0x5084, 0x4942, 0x34A5, 0xBACE, 0xAE6B, 0x0519, 0xDACE, 0xF39C, 0x4300, 0x8308, 0xDAD6, 0xD6B5, 0x8210, 0xBACE,
  0xB294, 0x8408, 0x99CE, 0x8A4A, 0x6D6B, 0x79C6, 0x2942, 0x2200, 0x37BE, 0xBACE, 0x99CE, 0xD294, 0x107C, 0x99C6, 0xA831, 0x4300,
  0x4300, 0x4300, 0x4300, 0x4300, 0x4300, 0x4400, 0x6500, 0x6400, 0x8500, 0x8500, 0xA600, 0xA700, 0xC700, 0xE808, 0x2A09, 0x4A11,
  0xCD19, 0x2E2A, 0xB484, 0x59C6, 0xBAD6, 0x39B6, 0x39B6, 0xB7A5, 0xF142, 0xEE21, 0xAC19, 0x4A11, 0x2A09, 0x0909, 0x0909, 0x0909,
  0x6831, 0x8418, 0x4300, 0x4308, 0x4308, 0x2100, 0x4300, 0x4408, 0x4408, 0x4408, 0x4300, 0x4308, 0x4300, 0x4300, 0x2100, 0x0100,
  0x6118, 0x4110, 0x0100, 0x2100, 0x4210, 0x2100, 0x2100, 0x2100, 0x2100, 0x2100, 0x0100, 0x2100, 0x0100, 0x2100, 0x2100, 0x2100,
  0x2100, 0x2100, 0x2100, 0x2200, 0x4400, 0x4300, 0x2200, 0x2200, 0x2200, 0x8608, 0xA608, 0x8310, 0x2108, 0x0000, 0x0000, 0x0000,
  0x6500, 0x6500, 0x6400, 0x6400, 0x6400, 0x6400, 0x4400, 0x4400, 0xAA4A, 0x38B6, 0x107C, 0x4300, 0x4300, 0x4300, 0x4300, 0x4300,
  0xEC5A, 0x38B6, 0x79C6, 0x18B6, 0x38B6, 0x2C5B, 0x4200, 0x0519, 0x59BE, 0xD28C, 0x4300, 0x6308, 0x38BE, 0x55A5, 0x8310, 0xF7AD,
  0x55A5, 0xCB52, 0xF7B5, 0x75A5, 0x2D63, 0xB7A5, 0xE839, 0x2200, 0xD7AD, 0x38BE, 0xCF73, 0xD7AD, 0x55A5, 0x18B6, 0x6729, 0x4400,
  0x4400, 0x4400, 0x4400, 0x4400, 0x4400, 0x4400, 0x6400, 0x4400, 0x6400, 0x8500, 0x8500, 0x8600, 0xA700, 0xC808, 0x0909, 0x4A09,
  0x6B11, 0xAC19, 0xCE19, 0xF042, 0xF36B, 0xF36B, 0xD363, 0x6F32, 0xCD19, 0xAC19, 0x6B11, 0x4A09, 0x2A09, 0x0909, 0x0909, 0x0909,
  0xA841, 0x4300, 0x4300, 0x2200, 0x2200, 0x0100, 0x0100, 0x2200, 0x4308, 0x6408, 0x4308, 0x4308, 0x4308, 0x4200, 0x2100, 0x2100,
  0x8218, 0x8220, 0x2100, 0x4208, 0x4210, 0x0100, 0x2100, 0x2100, 0x2100, 0x2100, 0x2100, 0x2100, 0x2100, 0x0100, 0x2100, 0x2100,
  0x2100, 0x2100, 0x2100, 0x2100, 0x2200, 0x2200, 0x2100, 0x2100, 0x4400, 0x8608, 0xA608, 0x8418, 0x2108, 0x0000, 0x2100, 0x0000,
  0x6500, 0x6500, 0x6500, 0x6500, 0x6500, 0x6400, 0x6400, 0x4400, 0x493A, 0xB79D, 0x8E63, 0x4300, 0x4300, 0xC829, 0xC829, 0x2200,
  0xCC52, 0xB7A5, 0xEC52, 0x8E63, 0x769D, 0x8F63, 0x4300, 0xE410, 0x769D, 0x3174, 0x4300, 0x6308, 0x979D, 0x927C, 0x2200, 0xEC52,
  0x769D, 0x769D, 0xD48C, 0x3595, 0x769D, 0x5274, 0x4200, 0x2200, 0x559D, 0x559D, 0x6208, 0x1495, 0x979D, 0x7695, 0x4621, 0x4400,
  0x4400, 0x4400, 0x4400, 0x4400, 0x4400, 0x6400, 0x6400, 0x4400, 0x4400, 0x6400, 0x8500, 0xA600, 0xA600, 0xC700, 0xE808, 0x2909,
  0x4A09, 0x6B11, 0xAC19, 0xCD19, 0xCD19, 0xEE21, 0xED21, 0xCD19, 0x8C11, 0x6B11, 0x2A09, 0x0909, 0xE808, 0xE808, 0x0909, 0x0909,
  0xC708, 0x6400, 0x2200, 0x0100, 0x0100, 0x2100, 0x2100, 0x2100, 0x2200, 0x4308, 0x4308, 0x4308, 0x2200, 0x4200, 0x0100, 0x2100,
  0x4110, 0xA228, 0x8220, 0x6210, 0x4210, 0x2100, 0x2100, 0x2100, 0x2100, 0x0100, 0x2100, 0x0100, 0x2100, 0x2100, 0x2100, 0x2100,
  0x2100, 0x2100, 0x2100, 0x2100, 0x2100, 0x2100, 0x2200, 0x2200, 0x4408, 0x4408, 0x6408, 0x2100, 0x2100, 0x6208, 0x0000, 0x0000,
  0xA700, 0x8600, 0x6500, 0x6500, 0x6500, 0x6400, 0x6400, 0x6400, 0x293A, 0x568D, 0xD484, 0x6621, 0xC831, 0x7695, 0xF48C, 0x2200,
  0xAB4A, 0x7695, 0xAB4A, 0xA310, 0xD484, 0x5695, 0x6A42, 0xC410, 0x5695, 0x148D, 0xA729, 0x4A42, 0x5695, 0x5174, 0x4300, 0x8B42,
  0x769D, 0x769D, 0x2942, 0xB37C, 0x979D, 0x9284, 0x4300, 0x4300, 0xD484, 0xD484, 0x4400, 0xE831, 0x368D, 0x368D, 0x4721, 0x4400,
  0x4400, 0x4400, 0x4400, 0x6400, 0x6400, 0x4400, 0x4400, 0x4400, 0x8500, 0x8500, 0x6500, 0x8600, 0xA600, 0xC700, 0xE808, 0x0909,
  0x0909, 0x2A09, 0x6B11, 0x6B11, 0xAC19, 0xAC19, 0xAC11, 0x8C11, 0x6B11, 0x4A09, 0x2A09, 0xE808, 0xE908, 0x0909, 0x0909, 0x0909,
  0x0909, 0xC708, 0x4200, 0x2100, 0x2100, 0x0100, 0x2100, 0x0100, 0x0100, 0x2200, 0x4308, 0x4308, 0x4300, 0x2200, 0x2100, 0x2100,
  0x2100, 0x6110, 0xA228, 0x4210, 0x2100, 0x2100, 0x2100, 0x2100, 0x2100, 0x2100, 0x2100, 0x0100, 0x2100, 0x0100, 0x2100, 0x2100,
  0x2100, 0x2100, 0x2100, 0x2100, 0x2200, 0x2200, 0x2208, 0x2208, 0x2200, 0x2200, 0x8310, 0x8310, 0x6308, 0x2100, 0x0000, 0x0000,
  0x2A09, 0x4A11, 0xA708, 0x6500, 0x6500, 0x6400, 0x6400, 0x6400, 0x4200, 0xEC52, 0x7695, 0x7695, 0x3595, 0xB384, 0x4621, 0x6300,
  0x4D5B, 0x5695, 0x6E63, 0x4200, 0xA731, 0x7695, 0x517C, 0xC410, 0x093A, 0xF48C, 0x5595, 0x358D, 0x937C, 0xC410, 0x4300, 0xC310,
  0xB7A5, 0xAF63, 0x4200, 0xE831, 0x368D, 0x4A3A, 0x4300, 0x2619, 0xF584, 0x1585, 0x0519, 0x2100, 0x8E63, 0x368D, 0x293A, 0x4400,
  0x4400, 0x6400, 0x6400, 0x6400, 0x6400, 0x6400, 0x6400, 0x4400, 0xE708, 0xE708, 0x6400, 0x8500, 0x8600, 0xA600, 0xC708, 0xE808,
  0xE808, 0x0909, 0x2909, 0x2A09, 0x4B11, 0x4A09, 0x4A09, 0x4A09, 0x2A09, 0x2A09, 0x2A09, 0x0909, 0x0909, 0xE808, 0xC708, 0x0909,
  0x0909, 0x4300, 0x2100, 0x2200, 0x2200, 0x2100, 0x0100, 0x0100, 0x0100, 0x2100, 0x2200, 0x4300, 0x2200, 0x2100, 0x2100, 0x2100,
  0x2100, 0x2100, 0x2100, 0x2100, 0x2100, 0x2100, 0x2100, 0x2100, 0x2100, 0x2100, 0x2100, 0x2100, 0x2100, 0x2100, 0x2200, 0x2200,
  0x2200, 0x2200, 0x2200, 0x2200, 0x2200, 0x2200, 0x2200, 0x2208, 0x2200, 0xC418, 0xC418, 0x2100, 0x2100, 0x0000, 0x0000, 0x0000,
  0x2A11, 0x2A11, 0x0911, 0x6500, 0x6500, 0x6500, 0x6400, 0x6400, 0x6400, 0x6300, 0x6A42, 0x293A, 0x293A, 0x6629, 0x4300, 0x6300,
  0x6A42, 0x4942, 0x4942, 0x4200, 0xC410, 0x4942, 0x4942, 0xE418, 0x6400, 0xC731, 0x293A, 0x293A, 0x2519, 0x4300, 0x4400, 0x6300,
  0x4942, 0xC410, 0x4300, 0x4200, 0x4942, 0xA310, 0x4400, 0x6629, 0x493A, 0x493A, 0x6521, 0x4300, 0x4521, 0x4942, 0xC731, 0x4300,
  0x6400, 0x6400, 0x6400, 0x6400, 0x6500, 0x6400, 0x4400, 0x6400, 0x6400, 0x8500, 0x8500, 0x6500, 0x8500, 0x8600, 0xA600, 0xA700,
  0xE808, 0xE808, 0xE808, 0x0809, 0x2A09, 0x2A11, 0x2A09, 0x2A09, 0x0909, 0x0909, 0x0909, 0x0909, 0x0909, 0x6400, 0xC608, 0x0909,
  0xE808, 0x2200, 0x4300, 0x4400, 0x2200, 0x2200, 0x2100, 0x0100, 0x0100, 0x2100, 0x2100, 0x2100, 0x2100, 0x2100, 0x2100, 0x2100,
  0x2100, 0x2100, 0x2100, 0x2100, 0x2100, 0x2100, 0x2100, 0x2100, 0x2200, 0x2208, 0x2208, 0x2208, 0x2208, 0x2208, 0x2310, 0x2310,
  0x2310, 0x2208, 0x2208, 0x2310, 0x2208, 0x2308, 0x2200, 0x2200, 0x2200, 0xA318, 0x2108, 0x0000, 0x0000, 0x0000, 0x0000, 0x0000,
  0x0909, 0x2A11, 0x0909, 0xA600, 0xA608, 0x8500, 0x6500, 0x6500, 0x6500, 0x6400, 0x4300, 0x4300, 0x6400, 0x4300, 0x4400, 0x4300,
  0x4300, 0x4300, 0x4300, 0x4400, 0x4300, 0x4300, 0x4300, 0x4400, 0x6400, 0x4300, 0x6400, 0x4300, 0x4300, 0x4400, 0x6400, 0x6400,
  0x4300, 0x4300, 0x4300, 0x4300, 0x4400, 0x4300, 0x4300, 0x4400, 0x4300, 0x4300, 0x4300, 0x4400, 0x6300, 0x4300, 0x4300, 0x6400,
  0x6400, 0x4400, 0x4400, 0x6400, 0x6400, 0x6400, 0x6400, 0x6500, 0x8500, 0x8500, 0x8500, 0x8500, 0x8600, 0x8600, 0x8600, 0xA600,
  0xC700, 0xE808, 0xC708, 0xE808, 0xE908, 0xE808, 0x0909, 0x0909, 0x0909, 0x0909, 0x0909, 0x0909, 0x2A09, 0x4300, 0xA600, 0xC708,
  0x4200, 0x2200, 0xE808, 0xC708, 0x2200, 0x2200, 0x2200, 0x2100, 0x2100, 0x2100, 0x2100, 0x2100, 0x2100, 0x2100, 0x2100, 0x2100,
  0x2100, 0x2100, 0x2200, 0x2208, 0x2208, 0x2210, 0x2210, 0x2210, 0x2310, 0x2310, 0x2310, 0x2310, 0x2310, 0x2308, 0x2310, 0x2310,
  0x4310, 0x4310, 0x2310, 0x2310, 0x4308, 0x2308, 0x2308, 0x2300, 0x2200, 0x4210, 0x0000, 0x0000, 0x4208, 0x2100, 0x2100, 0x0000,
  0xC808, 0xE908, 0x0911, 0x4A11, 0x6B11, 0x2A11, 0x8500, 0x6500, 0x6500, 0xA408, 0xA441, 0x8341, 0x8372, 0xA47A, 0xA47A, 0xA47A,
  0xA47A, 0xA47A, 0xA47A, 0xA47A, 0xA47A, 0xA47A, 0xA47A, 0x4429, 0x6400, 0x4300, 0x6462, 0x4429, 0x6400, 0x6400, 0xC449, 0xC57A,
  0xA47A, 0xC47A, 0xC47A, 0xC47A, 0xC47A, 0xC47A, 0xC47A, 0xC47A, 0xA472, 0xA47A, 0x847A, 0x6372, 0x6308, 0xC349, 0x6400, 0x6400,
  0x6400, 0x6400, 0x6400, 0x6400, 0x6500, 0x6500, 0x6500, 0x8500, 0x8500, 0x8500, 0x8500, 0x8500, 0x8600, 0x8600, 0x8600, 0x8600,
  0xA600, 0xA700, 0xA708, 0xC708, 0xC808, 0xC708, 0xE808, 0xE908, 0x0909, 0x0909, 0x0909, 0x0909, 0x2A09, 0xE808, 0x4200, 0x0100,
  0x4300, 0xC708, 0x0909, 0x0909, 0x4300, 0x2200, 0x2200, 0x2200, 0x2200, 0x2100, 0x2100, 0x2100, 0x2100, 0x2100, 0x2100, 0x2100,
  0x2218, 0x2218, 0x2220, 0x2218, 0x2218, 0x2218, 0x2318, 0x2310, 0x2310, 0x2310, 0x2310, 0x2310, 0x2208, 0x2208, 0x2200, 0x2208,
  0x2308, 0x2308, 0x2208, 0x4310, 0x4310, 0x2308, 0x2308, 0x2200, 0x0100, 0x0000, 0x8310, 0x8310, 0x6310, 0x0000, 0x0000, 0x0000,
  0xC808, 0x0909, 0x2A11, 0x4B11, 0x8C11, 0x4B19, 0xA708, 0x6500, 0x6500, 0x8500, 0xE418, 0xE418, 0x0329, 0x0329, 0x0329, 0x0329,
  0x0329, 0xE228, 0x0229, 0x0229, 0x0229, 0x0229, 0x0329, 0x2331, 0x637A, 0xE459, 0x846A, 0xE38A, 0x0229, 0xA38A, 0x8251, 0x2231,
  0x2331, 0x0329, 0x0329, 0x0329, 0x0229, 0x0329, 0x0329, 0x0329, 0x0329, 0x0329, 0x0329, 0xE320, 0x6400, 0xE418, 0x6400, 0x6400,
  0x6400, 0x6400, 0x6400, 0x6400, 0x6500, 0x8500, 0x8500, 0x8500, 0x8500, 0xA608, 0xA608, 0xA608, 0xA600, 0x8600, 0xA600, 0xA600,
  0xA600, 0xA600, 0xA708, 0xA708, 0xA708, 0xC708, 0xC708, 0xE808, 0xE808, 0x2909, 0x0909, 0xE908, 0x0909, 0x2909, 0x0909, 0x0909,
  0x0909, 0x0909, 0x0909, 0x2909, 0xE808, 0x2200, 0x2200, 0x2200, 0x2100, 0x2100, 0x2100, 0x2100, 0x0100, 0x2108, 0x2218, 0x2220,
  0x2218, 0x2210, 0x2208, 0x2208, 0x2208, 0x2208, 0x2210, 0x2210, 0x2310, 0x2310, 0x2310, 0x2310, 0x2310, 0x2310, 0x2310, 0x2310,
  0x2308, 0x2308, 0x2308, 0x4308, 0x4308, 0x4308, 0x2200, 0x4108, 0x0521, 0xC418, 0x8310, 0x4208, 0x2108, 0x0000, 0x0000, 0x0000,
  0xE808, 0xE808, 0x0911, 0x4B11, 0x4B11, 0x6C19, 0x0911, 0x6500, 0x6500, 0x6500, 0x6500, 0x6500, 0x6500, 0x6500, 0x6500, 0x6500,
  0x6400, 0x6400, 0x6500, 0x6500, 0x6500, 0x6500, 0x6431, 0x6372, 0x0329, 0x63A3, 0xC572, 0x2331, 0x43A3, 0xA310, 0x23A3, 0x8308,
  0x6500, 0x6400, 0x6400, 0x6400, 0x6400, 0x6400, 0x6400, 0x6400, 0x6400, 0x6400, 0x6400, 0x6400, 0x6400, 0x6400, 0x6400, 0x6400,
  0x6400, 0x6500, 0x6500, 0x6500, 0x8500, 0x8500, 0x8600, 0x8600, 0xC708, 0x2A11, 0x6B19, 0x8C19, 0x4A19, 0xA608, 0xA600, 0xA600,
  0xA600, 0xA600, 0xA708, 0xC708, 0xC708, 0xC708, 0xC708, 0xC808, 0x0909, 0x0909, 0x0909, 0x2A11, 0x2909, 0x2909, 0x0909, 0xA608,
  0xE808, 0x0909, 0x0909, 0x0909, 0xA608, 0x2200, 0x2200, 0x2200, 0x2100, 0x2100, 0x2100, 0x2110, 0x2228, 0x2228, 0x2210, 0x2208,
  0x2200, 0x2200, 0x2200, 0x2200, 0x2200, 0x2200, 0x2200, 0x2200, 0x2200, 0x2208, 0x2208, 0x2310, 0x2310, 0x2310, 0x2310, 0x4310,
  0x4310, 0x2310, 0x4310, 0x4310, 0x4310, 0x4308, 0x6208, 0xE520, 0x8310, 0x6310, 0x4208, 0x2108, 0x2000, 0x0000, 0x0000, 0x0000,
  0xE808, 0xE808, 0xE808, 0x2911, 0x0911, 0x2A11, 0xA608, 0x6500, 0x8500, 0x8500, 0x6500, 0x8500, 0x6500, 0x6500, 0x6500, 0x6500,
  0x6500, 0x6500, 0x6500, 0x6500, 0x6500, 0x6400, 0xA408, 0x8408, 0x6400, 0x045A, 0xA382, 0xA38A, 0xA410, 0x6400, 0xC410, 0x6400,
  0x6400, 0x6400, 0x6400, 0x6400, 0x6400, 0x6400, 0x6500, 0x6400, 0x6400, 0x6400, 0x6400, 0x6400, 0x6500, 0x6500, 0x8500, 0x6500,
  0x6500, 0x6500, 0x8500, 0x8500, 0x8500, 0x8500, 0x8500, 0xA608, 0x0911, 0xE810, 0xE810, 0x2911, 0x8B19, 0x6B19, 0xA608, 0xA600,
  0xA608, 0xA708, 0xA700, 0xA708, 0xA708, 0xC708, 0xC708, 0xC708, 0xE908, 0xE908, 0x0909, 0x0909, 0x0909, 0x0909, 0x8500, 0x6400,
  0xE908, 0x0909, 0x0909, 0xA608, 0x2200, 0x2200, 0x2200, 0x2200, 0x2200, 0x2200, 0x2210, 0x2238, 0x2220, 0x2218, 0x4320, 0x4320,
  0x2318, 0x2210, 0x2208, 0x2200, 0x2200, 0x2100, 0x2200, 0x2200, 0x2200, 0x2200, 0x2200, 0x2200, 0x2200, 0x2308, 0x2310, 0x2310,
  0x2310, 0x4310, 0x4310, 0x4308, 0x4308, 0x2308, 0x8210, 0x0429, 0x6210, 0x6210, 0x0000, 0x0000, 0x0000, 0x0000, 0x0000, 0x0000,
  0xE808, 0xE808, 0xE808, 0xC708, 0xE808, 0xC708, 0xA600, 0xC808, 0xE808, 0xA600, 0x8500, 0x8500, 0x8500, 0x6500, 0x6500, 0x6500,
  0x6500, 0x6500, 0x6500, 0x6500, 0x6500, 0x6400, 0x6400, 0x6400, 0x6400, 0x6400, 0x0352, 0xE418, 0x6400, 0x6400, 0x6400, 0x6500,
  0x6500, 0x6500, 0x6400, 0x6400, 0x6400, 0x6500, 0x6500, 0x6500, 0x6500, 0x6500, 0x6500, 0x6500, 0x6500, 0x6400, 0x6500, 0x8500,
  0x6500, 0x8500, 0x8500, 0xC708, 0xE810, 0xA608, 0x8600, 0xE808, 0xE810, 0xE808, 0xE808, 0x0909, 0x4A11, 0x8C21, 0x2A11, 0xA608,
  0xA608, 0xA600, 0xE808, 0x2911, 0xC708, 0xC708, 0xC808, 0xC808, 0xC808, 0xE808, 0x0909, 0x0909, 0x0909, 0xC708, 0x2200, 0x4300,
  0x6400, 0xA600, 0x6400, 0x2200, 0x2200, 0x2200, 0x2200, 0x2200, 0x2200, 0x2200, 0x2228, 0x2220, 0x2220, 0x2220, 0x2228, 0x2228,
  0x2320, 0x2210, 0x2318, 0x2310, 0x2208, 0x2208, 0x2200, 0x2200, 0x2200, 0x2200, 0x2200, 0x2200, 0x2200, 0x2200, 0x2200, 0x2308,
  0x4308, 0x4308, 0x2308, 0x4310, 0x4308, 0x2300, 0x8218, 0xE330, 0x4110, 0x0000, 0x0000, 0x0000, 0x4108, 0x0000, 0x2100, 0x0000,
  0xE808, 0xE808, 0xE908, 0x8400, 0xE808, 0x0911, 0x0911, 0x4A11, 0x6B11, 0x2A11, 0x8600, 0x8500, 0x8500, 0x8500, 0x6500, 0x6500,
  0x6500, 0x6500, 0x6500, 0x6500, 0x6500, 0x6500, 0x6400, 0x6400, 0x6400, 0x6400, 0x6400, 0x6400, 0x6400, 0x6400, 0x6400, 0x6400,
  0x6500, 0x6500, 0x6400, 0x6400, 0x6500, 0x6500, 0x6500, 0x6500, 0x6500, 0x6500, 0x6500, 0x6500, 0x6500, 0x6400, 0x6500, 0x6500,
  0x6500, 0x8500, 0x8600, 0x2911, 0x4B19, 0x2A11, 0xE808, 0xC808, 0xE808, 0xC708, 0xC708, 0xE808, 0xE810, 0x6B19, 0x2911, 0xC708,
  0xA608, 0xE908, 0x6B19, 0x8C19, 0x6B19, 0xC808, 0xC808, 0xE808, 0xE808, 0xE808, 0x0909, 0x0909, 0x0909, 0xA608, 0x2200, 0x2200,
  0x2200, 0x2200, 0x2200, 0x2200, 0x2200, 0x2200, 0x2200, 0x2100, 0x4208, 0x4108, 0x4210, 0x2200, 0x2200, 0x2200, 0x2200, 0x2200,
  0x2210, 0x2318, 0x2318, 0x2310, 0x2200, 0x2208, 0x2308, 0x2308, 0x2200, 0x2200, 0x2200, 0x2200, 0x2200, 0x2200, 0x2200, 0x2200,
  0x2200, 0x2200, 0x2200, 0x2200, 0x2200, 0x2200, 0x4208, 0xC138, 0x2010, 0x0000, 0x6110, 0x2008, 0x8318, 0x2000, 0x0000, 0x0000,
  0xE808, 0xE908, 0xE708, 0x2100, 0x4200, 0x0911, 0x0A11, 0x2A11, 0x4A11, 0x6B19, 0x0909, 0x8500, 0x8500, 0x6500, 0x6500, 0x6500,
  0x6500, 0x6500, 0x6500, 0x6500, 0x6500, 0x6500, 0x6500, 0x6500, 0x6500, 0x6500, 0x6500, 0x6500, 0x6400, 0x6500, 0x6500, 0x6500,
  0x6500, 0x6500, 0x6500, 0x6500, 0x6500, 0x6500, 0x6500, 0x6500, 0x6500, 0x6500, 0x6500, 0x6500, 0x6500, 0x6500, 0x8500, 0x8500,
  0x8500, 0x8500, 0xC708, 0xE808, 0x0911, 0x4A19, 0x2A11, 0x0911, 0xC808, 0xC708, 0xC708, 0xC708, 0xE810, 0x0911, 0x2A11, 0x6B19,
  0x2911, 0x6B19, 0x4B11, 0x4A11, 0x6B19, 0x2911, 0xE808, 0xE908, 0xE908, 0xE808, 0xE908, 0xC708, 0xE908, 0xC708, 0x4200, 0x2200,
  0x2200, 0x2200, 0x2200, 0x2200, 0x2200, 0x2200, 0x4208, 0xE238, 0x0241, 0xA228, 0x8220, 0x6210, 0x4300, 0x4300, 0x2200, 0x2200,
  0x2200, 0x2200, 0x2210, 0x2310, 0x2310, 0x2208, 0x2200, 0x2308, 0x2310, 0x2308, 0x2200, 0x2200, 0x2200, 0x2200, 0x2200, 0x2200,
  0x2200, 0x2200, 0x2300, 0x2200, 0x2200, 0x2200, 0x4300, 0x4300, 0xC228, 0xA318, 0x8310, 0x0000, 0x2100, 0x0000, 0x0000, 0x0000,
  0xE808, 0xE808, 0x2100, 0x0000, 0x2100, 0xA508, 0x2A11, 0x0909, 0x0911, 0x4B11, 0x0809, 0x8600, 0x8600, 0x8600, 0x8500, 0x8500,
  0x8500, 0x8500, 0x6500, 0x6500, 0x6500, 0x6500, 0x6500, 0x6500, 0x6500, 0x6500, 0x6500, 0x6500, 0x6500, 0x6500, 0x6500, 0x6500,
  0x6500, 0x6500, 0x6500, 0x6500, 0x6500, 0x6500, 0x8500, 0x8500, 0x8500, 0x6500, 0x6500, 0x6500, 0x8500, 0x8500, 0x8600, 0xA608,
  0xE808, 0xE808, 0xE808, 0xC808, 0xE808, 0xE808, 0xE910, 0xE808, 0xC708, 0xC808, 0xC708, 0xC708, 0xE808, 0xE808, 0x2A11, 0x2A11,
  0x6B19, 0x2A11, 0x0911, 0x0911, 0x2911, 0x6B19, 0x4A11, 0x2A11, 0x0909, 0x0909, 0xE908, 0x6400, 0xC708, 0x6400, 0x2200, 0x2200,
  0x2200, 0x2200, 0x2200, 0x2200, 0x2200, 0xA228, 0xA228, 0x6210, 0x4208, 0x2200, 0x2200, 0x2200, 0x2200, 0x2200, 0x4300, 0x2200,
  0x2200, 0x2200, 0x2200, 0x2308, 0x4318, 0x2310, 0x2308, 0x2200, 0x2308, 0x4310, 0x4310, 0x4300, 0x2200, 0x2200, 0x2200, 0x4300,
  0x4300, 0x4300, 0x2300, 0x4300, 0x4300, 0x4408, 0x6408, 0x4400, 0xC420, 0xE328, 0x4108, 0x2000, 0x2108, 0x0000, 0x0000, 0x0000,
  0xE908, 0xC708, 0x0000, 0x0000, 0x0000, 0x6310, 0x0911, 0x0909, 0x0A11, 0xE908, 0x8600, 0xA608, 0x8500, 0x8500, 0x8500, 0x8500,
  0x8500, 0x8500, 0x8500, 0x6500, 0x6500, 0x6500, 0x6500, 0x6500, 0x6500, 0x6500, 0x6500, 0x6500, 0x8500, 0x8500, 0x6500, 0x6500,
  0x6500, 0x6500, 0x6500, 0x6500, 0x6500, 0x8500, 0x8500, 0x8500, 0x8500, 0x8500, 0x6500, 0x6500, 0x8500, 0x8600, 0xA608, 0xC708,
  0xC708, 0xC708, 0xC708, 0xC808, 0xC708, 0xC708, 0xC708, 0xC708, 0xC708, 0xC808, 0xC708, 0xC808, 0xC708, 0xC808, 0xE808, 0x0911,
  0x0911, 0x0911, 0xE808, 0xE808, 0xE808, 0x0911, 0x4A11, 0x0911, 0x2A11, 0x2A09, 0xC808, 0x4300, 0x2200, 0x2200, 0x2200, 0x2200,
  0x2200, 0x2200, 0x2200, 0x2200, 0x8218, 0x6118, 0x2200, 0x2200, 0x2200, 0x2200, 0x2200, 0x2200, 0x2200, 0x2200, 0x2200, 0x2200,
  0x2200, 0x2200, 0x2200, 0x2200, 0x2210, 0x4310, 0x2310, 0x2308, 0x2200, 0x4308, 0x4410, 0x4310, 0x4408, 0x4308, 0x4300, 0x4300,
  0x4300, 0x4300, 0x4300, 0x4400, 0x4400, 0x4508, 0x6408, 0x6408, 0xC420, 0xE428, 0x8310, 0x4108, 0x6210, 0x2108, 0x0000, 0x0000,
  0xE908, 0xE808, 0x6400, 0x0000, 0x2108, 0x8408, 0xE908, 0x0909, 0x0909, 0x0909, 0xC708, 0x0911, 0xA708, 0x8600, 0x8500, 0x8500,
  0x8500, 0xE710, 0xCA29, 0x8500, 0x8500, 0x8500, 0x8921, 0x2819, 0xCA29, 0x2719, 0x8921, 0x6921, 0xAA29, 0x6921, 0x8921, 0x4819,
  0x6921, 0xAA29, 0x2819, 0xE710, 0x4819, 0x8500, 0x8500, 0x8500, 0x8500, 0x6500, 0x6500, 0x8500, 0x8500, 0x8500, 0x8500, 0x8500,
  0x8500, 0x8500, 0x8500, 0x8600, 0x8600, 0x8600, 0xA600, 0x8600, 0xA600, 0xC708, 0xC708, 0xC708, 0xA708, 0xC708, 0xC708, 0xE808,
  0xC808, 0xC808, 0xC708, 0xE808, 0xE808, 0x0909, 0x0909, 0x0909, 0x0909, 0xE808, 0x4308, 0x2208, 0x2208, 0x2200, 0x2200, 0x2200,
  0x2200, 0x2200, 0x2200, 0x6218, 0x6210, 0x4300, 0x4400, 0x2200, 0x2200, 0x2200, 0x2200, 0x2200, 0x2200, 0x2200, 0x2200, 0x2200,
  0x2200, 0x2200, 0x2200, 0x2200, 0x2200, 0x4310, 0x4310, 0x4310, 0x4308, 0x4300, 0x4308, 0x4410, 0x6408, 0x4410, 0x6508, 0x4408,
  0x4300, 0x4300, 0x4300, 0x4400, 0x6508, 0x8608, 0x6408, 0x6508, 0xC420, 0xE330, 0x6210, 0x2000, 0x2108, 0x0000, 0x0000, 0x0000,
  0xC708, 0x2200, 0x0000, 0x0000, 0x0000, 0x0008, 0x8510, 0xE908, 0xE808, 0xE808, 0x0911, 0x2911, 0x2A11, 0xA708, 0xA600, 0x8600,
  0x8500, 0x0B32, 0x6D3A, 0xE710, 0x8500, 0xC608, 0x6921, 0x4821, 0x8A21, 0xCA31, 0xEB31, 0x0B32, 0x2C3A, 0x0B32, 0x0C3A, 0x0F53,
  0xEB31, 0x8921, 0xA600, 0x4C3A, 0xA608, 0x8500, 0x8500, 0x8500, 0x8500, 0x8500, 0x8500, 0x8500, 0x8500, 0x8500, 0x8500, 0x8500,
  0x8500, 0x8500, 0x8500, 0x8500, 0x8500, 0x8600, 0x8600, 0x8600, 0x8600, 0x8600, 0xA600, 0x8600, 0x8600, 0xA600, 0xA600, 0xC708,
  0xA708, 0xC700, 0xA708, 0xE808, 0xE808, 0x0909, 0x0909, 0x0909, 0xA708, 0x4318, 0x2218, 0x2200, 0x2200, 0x2200, 0x2200, 0x2200,
  0x2200, 0x2200, 0x2200, 0xC328, 0x8500, 0x6400, 0x2200, 0x2200, 0x2200, 0x2200, 0x2200, 0x2200, 0x2200, 0x2200, 0x2200, 0x2200,
  0x2200, 0x2200, 0x2300, 0x2200, 0x2200, 0x2300, 0x4410, 0x4410, 0x4410, 0x4308, 0x4300, 0x4408, 0x6408, 0x6408, 0x6408, 0x6508,
  0x6408, 0x4308, 0x4308, 0x6408, 0xA608, 0xC710, 0x6508, 0x6508, 0x6308, 0x6218, 0xA220, 0x6208, 0x8210, 0x4108, 0x0000, 0x0000,
  0x8500, 0x0000, 0x0000, 0x0000, 0x2100, 0x0010, 0x2220, 0xE808, 0xE808, 0xE808, 0xE808, 0xE808, 0xE808, 0xE808, 0xE808, 0x8600,
  0x8600, 0x4819, 0x2811, 0xC608, 0x8500, 0xC608, 0xA929, 0xC608, 0xCA29, 0xE710, 0x8921, 0x2819, 0x4819, 0x2819, 0x4819, 0x4919,
  0x4819, 0x8921, 0xA608, 0x2819, 0x8500, 0x8500, 0x8500, 0x8500, 0x8500, 0x8500, 0x8500, 0x8500, 0x8500, 0x8500, 0x8500, 0x8500,
  0x8500, 0x8500, 0x8600, 0x8600, 0x8600, 0x8600, 0x8600, 0x8600, 0x8600, 0x8600, 0x8600, 0x8600, 0x8600, 0xA608, 0xA608, 0xA708,
  0xC708, 0xE808, 0xC708, 0xC808, 0xE808, 0xE808, 0xE808, 0xC710, 0x4428, 0x2218, 0x2200, 0x2200, 0x2200, 0x2200, 0x2200, 0x2200,
  0x2200, 0x4200, 0xA320, 0x8508, 0x6400, 0x2200, 0x2200, 0x2200, 0x2200, 0x2200, 0x2200, 0x2200, 0x2200, 0x2200, 0x2200, 0x2200,
  0x2200, 0x2200, 0x2200, 0x4300, 0x2200, 0x2200, 0x4308, 0x6510, 0x4410, 0x6408, 0x4408, 0x6408, 0x6408, 0x2200, 0x6408, 0x6508,
  0x6408, 0x4408, 0x6508, 0xC710, 0xE810, 0xA708, 0xA608, 0x6508, 0xC420, 0x0439, 0xE428, 0xA318, 0x8210, 0x4108, 0x0000, 0x0000,
  0x4300, 0x0000, 0x0000, 0x0000, 0x2100, 0x0010, 0x0120, 0x6420, 0x0909, 0xE808, 0xC708, 0xA708, 0xA600, 0xA600, 0x8600, 0xA608,
  0x8600, 0x8500, 0x8500, 0x8500, 0x8500, 0x8500, 0x6500, 0x8500, 0x8500, 0x8500, 0x8500, 0x8500, 0x8500, 0x6500, 0x8500, 0x8500,
  0x8500, 0x6500, 0x8500, 0x8500, 0x8500, 0x8500, 0x8500, 0x8500, 0x8500, 0x8500, 0x8500, 0x8500, 0x8600, 0xA708, 0x8600, 0x8500,
  0x8600, 0x8600, 0x8600, 0x8600, 0x8600, 0x8600, 0x8600, 0x8600, 0x8600, 0x8600, 0x8600, 0x8600, 0xA600, 0xA600, 0xA608, 0xA708,
  0xA708, 0xC808, 0xC808, 0xC808, 0xE808, 0xE808, 0xA610, 0x4328, 0x4310, 0x2208, 0x2200, 0x2308, 0x2200, 0x2200, 0x2200, 0x2200,
  0x2200, 0x8310, 0xA418, 0x6400, 0x4300, 0x2200, 0x2200, 0x2200, 0x2200, 0x2200, 0x2200, 0x2200, 0x2200, 0x2200, 0x2200, 0x2200,
  0x2200, 0x2200, 0x2200, 0x4300, 0x4300, 0x4300, 0x2300, 0x4408, 0x6510, 0x6408, 0x6410, 0x6408, 0x2100, 0x0000, 0x2200, 0x6508,
  0x6508, 0x4408, 0x6508, 0xC710, 0xA608, 0xA710, 0x8608, 0x8608, 0xC420, 0x0331, 0x8310, 0x8210, 0x6210, 0x2008, 0x0000, 0x0000,
  0x6400, 0x0000, 0x0000, 0x0000, 0x2100, 0x0010, 0x0120, 0x0130, 0x8520, 0xE908, 0xC708, 0xA700, 0xA600, 0x8600, 0x8600, 0x8600,
  0x8500, 0x8500, 0x8500, 0x8600, 0x8600, 0x8500, 0x8500, 0xA600, 0x8500, 0x8500, 0x8500, 0x8500, 0x8500, 0x8500, 0x8600, 0x6500,
  0x8500, 0x8500, 0x8500, 0x8500, 0x8500, 0x8500, 0x8500, 0x8500, 0x8600, 0x8600, 0x8500, 0x8600, 0xC708, 0xE908, 0xC708, 0x8600,
  0x8600, 0x8600, 0x8600, 0x8600, 0x8600, 0x8600, 0x8600, 0x8600, 0x8600, 0x8600, 0x8600, 0x8600, 0xA600, 0xA600, 0xA608, 0xA708,
  0xA708, 0xC708, 0xC808, 0xC808, 0xC808, 0xA608, 0x4420, 0x4310, 0x4308, 0x2308, 0x2200, 0x2308, 0x2200, 0x2200, 0x2200, 0x2200,
  0x2200, 0xC420, 0x6400, 0x6400, 0x2200, 0x4300, 0x2200, 0x2200, 0x2200, 0x2200, 0x2200, 0x2200, 0x2200, 0x2200, 0x4200, 0x6400,
  0xE810, 0xE710, 0x6400, 0x4300, 0x4300, 0x4400, 0x4300, 0x4300, 0x8508, 0x6508, 0x8508, 0x2100, 0x0000, 0x0000, 0x0000, 0x4300,
  0xA608, 0x8510, 0x4408, 0xC710, 0xA710, 0xA608, 0xA608, 0xC710, 0x0629, 0x0339, 0xC328, 0x4108, 0x2008, 0x0000, 0x0000, 0x0000,
  0x8500, 0x0000, 0x0000, 0x0000, 0x2100, 0x0010, 0x0128, 0x0120, 0x4228, 0xC710, 0xE808, 0xC808, 0xA600, 0xA608, 0x8600, 0x8600,
  0x8600, 0x8500, 0x0711, 0x8E42, 0x8921, 0x2819, 0xCB29, 0x4C3A, 0xAA21, 0x0B32, 0xCA29, 0xCA29, 0xEB29, 0x8921, 0xCA29, 0x8921,
  0x0719, 0x2819, 0x8500, 0x8500, 0x8500, 0x8500, 0x8600, 0x8600, 0x8600, 0xA600, 0xA708, 0xC708, 0xC808, 0xC808, 0xC808, 0xC708,
  0xA708, 0x8600, 0x8600, 0xA600, 0x8600, 0x8600, 0x8600, 0x8600, 0xA600, 0x8600, 0x8600, 0x8600, 0xA608, 0xC708, 0xC708, 0xC710,
  0xC708, 0xC708, 0xC808, 0xE808, 0xC810, 0x6420, 0x4418, 0x4410, 0x4410, 0x4300, 0x4300, 0x4300, 0x2300, 0x4300, 0x4300, 0x2200,
  0x8310, 0x8408, 0x6500, 0x6400, 0x2200, 0x4300, 0x2300, 0x2200, 0x2200, 0x2200, 0x4300, 0x4300, 0x2200, 0x2200, 0x8508, 0x0919,
  0x2919, 0x0811, 0xE810, 0xA608, 0x4300, 0x6400, 0x6400, 0x4300, 0x8508, 0xA708, 0x8310, 0x0000, 0x0000, 0x0000, 0x0000, 0x2100,
  0xA710, 0xC710, 0xA608, 0xC710, 0xC710, 0xC708, 0xA708, 0xC710, 0xC518, 0x6118, 0x8218, 0x2000, 0xA220, 0x4108, 0x0000, 0x0000,
  0x2100, 0x0000, 0x0000, 0x0000, 0x2100, 0x0010, 0x0128, 0x0018, 0x0128, 0x2130, 0xA610, 0xE808, 0xE808, 0xC708, 0xC708, 0x8600,
  0x8600, 0x8600, 0x8600, 0xCA29, 0x4819, 0x2C32, 0xCB29, 0x6D42, 0x4919, 0x0C32, 0xEB31, 0xCB29, 0xEB31, 0xCA29, 0x4D3A, 0xEA29,
  0x0B32, 0x4919, 0x8500, 0x8500, 0x8500, 0x8500, 0x8600, 0x8600, 0x8600, 0x8600, 0x8600, 0x8600, 0x8600, 0xA600, 0xA600, 0x8600,
  0x8600, 0x8600, 0xA600, 0x8600, 0x8600, 0x8600, 0x8600, 0x8600, 0xA600, 0xA600, 0x8600, 0xA600, 0xC708, 0xC708, 0xC708, 0xA608,
  0xC708, 0xC708, 0xC708, 0xC808, 0x6518, 0x4410, 0x6410, 0x4410, 0x4408, 0x2200, 0x4400, 0x2300, 0x4400, 0x6400, 0x4300, 0x4300,
  0xA410, 0x8500, 0x6400, 0x4300, 0x4300, 0x6400, 0x4400, 0x4300, 0x4300, 0x4400, 0x6400, 0x4300, 0x4300, 0x4300, 0x2A19, 0x2919,
  0x0911, 0xE810, 0xE810, 0xE810, 0x6400, 0x6400, 0xA608, 0x8608, 0x8500, 0xC708, 0xC420, 0x0008, 0x0000, 0x0000, 0x0000, 0x4200,
  0xC708, 0xC708, 0xA710, 0xA508, 0xC710, 0xC808, 0xC710, 0xC710, 0xC710, 0x2441, 0xC328, 0x2008, 0x4108, 0x2008, 0x0000, 0x0000,
  0x2200, 0x0000, 0x0000, 0x0000, 0x2100, 0x0010, 0x0128, 0x0020, 0x0020, 0x0128, 0x0140, 0x4338, 0xC710, 0xE808, 0xC808, 0xA708,
  0xA600, 0x8600, 0x8600, 0xC608, 0xC608, 0xC708, 0xC608, 0xE708, 0xE710, 0x0811, 0xC708, 0xC608, 0x0711, 0xC708, 0x4819, 0xE708,
  0xC608, 0xC608, 0x8600, 0x8600, 0x8600, 0x8600, 0x8600, 0x8600, 0x8600, 0x8600, 0x8600, 0x8600, 0x8600, 0x8600, 0x8600, 0x8600,
  0x8600, 0xA600, 0xA600, 0xC708, 0xA608, 0xA600, 0xA600, 0x8600, 0x8600, 0xA600, 0x8600, 0xA708, 0xA608, 0xC708, 0xA608, 0xA608,
  0xC808, 0xC708, 0xC708, 0xA610, 0x6410, 0x6508, 0x6410, 0x6508, 0x4400, 0x4300, 0x6500, 0x4400, 0x6500, 0x6400, 0x4400, 0x6408,
  0xA510, 0x8500, 0x6400, 0x4400, 0x6400, 0x6500, 0x6400, 0x6400, 0x6400, 0x6500, 0x8508, 0xC710, 0x8608, 0x6400, 0x0819, 0x0919,
  0x0911, 0xC710, 0xC710, 0xE810, 0x8508, 0xA708, 0x0811, 0xC708, 0xA708, 0xA608, 0xA608, 0x6210, 0x0000, 0x0000, 0x0100, 0xA608,
  0xC708, 0xC710, 0xC708, 0xA708, 0xC710, 0xC710, 0xC710, 0xC710, 0xA608, 0x2341, 0xA220, 0x2000, 0x6110, 0x2008, 0x0000, 0x0000,
  0x4200, 0x0000, 0x0000, 0x0000, 0x2100, 0x0010, 0x0128, 0x0128, 0x0030, 0x0130, 0x0128, 0x0140, 0x6328, 0xC708, 0xC808, 0xC808,
  0xC708, 0xA608, 0x8600, 0xA600, 0xA600, 0x8600, 0xA600, 0xA600, 0x8600, 0xA600, 0x8600, 0x8600, 0xA600, 0xA600, 0xA600, 0x8600,
  0xA600, 0xA600, 0x8600, 0x8600, 0x8600, 0x8600, 0x8600, 0x8600, 0x8600, 0x8600, 0xA600, 0x8600, 0x8600, 0x8600, 0x8600, 0x8600,
  0xA600, 0xA600, 0xA600, 0xE618, 0xC610, 0xA608, 0xA600, 0xA600, 0xC708, 0xA608, 0xA600, 0xA600, 0xA608, 0xC708, 0xA508, 0x8408,
  0xC708, 0xC708, 0xC708, 0x8510, 0x6410, 0x6410, 0x6508, 0x6400, 0x6400, 0x4400, 0x6500, 0x6500, 0x6500, 0x6500, 0x6500, 0xA510,
  0xA508, 0x8500, 0x6400, 0x6500, 0x6400, 0x8500, 0x6500, 0x6500, 0x6500, 0x8500, 0x2919, 0x2919, 0x2919, 0x2919, 0x2919, 0x0811,
  0xE810, 0xC708, 0xE810, 0xE810, 0xC710, 0x0911, 0xE810, 0xC708, 0x8508, 0x6508, 0xA608, 0x2100, 0x0000, 0x0000, 0x0000, 0x8508,
  0x8508, 0x8508, 0xA608, 0x8508, 0x8508, 0x8508, 0xA608, 0xA608, 0x8408, 0xC228, 0xA220, 0x2000, 0x6110, 0x2008, 0x0000, 0x0000,
  0x4300, 0x0000, 0x0000, 0x0000, 0x2100, 0x0010, 0x0020, 0x0130, 0x0130, 0x0138, 0x0128, 0x0028, 0x2148, 0xA528, 0xC808, 0xC708,
  0xC708, 0xC708, 0xE708, 0xA600, 0xC608, 0x2819, 0xE708, 0x0811, 0xA608, 0x2819, 0x2811, 0xE808, 0xE708, 0xE710, 0x2811, 0xA600,
  0x4819, 0xA600, 0x8600, 0x8600, 0xA600, 0x8600, 0xA600, 0xA600, 0xA600, 0xA600, 0xA600, 0xA600, 0xA600, 0xA600, 0xA600, 0xA600,
  0xA600, 0xA600, 0xA600, 0xC530, 0xA620, 0xA600, 0xA608, 0xA708, 0xA708, 0xA708, 0xC708, 0xA608, 0xA708, 0xC708, 0x6408, 0x4300,
  0xC708, 0xC708, 0xA610, 0x6510, 0x6510, 0x8508, 0x8508, 0x6508, 0x8508, 0x8500, 0x8500, 0x8500, 0x6500, 0x8500, 0x8508, 0xC708,
  0xA500, 0x8500, 0x8500, 0x8608, 0x6500, 0x8600, 0x8500, 0x6400, 0x6500, 0xC708, 0x4A19, 0x2919, 0x0919, 0x0819, 0xE718, 0x0811,
  0xE710, 0xE710, 0xC710, 0xC710, 0x0811, 0xE810, 0xC608, 0x4200, 0x2008, 0x0000, 0x0000, 0x2010, 0x2010, 0x0000, 0x2008, 0x0000,
  0x2108, 0x2108, 0x2108, 0x2008, 0x4108, 0x2108, 0x2108, 0x2108, 0x2108, 0x2108, 0x0000, 0x2100, 0x2108, 0x2108, 0x2000, 0x0000,
  0x4300, 0x0000, 0x0000, 0x0000, 0x2108, 0x2100, 0x2218, 0x0128, 0x0130, 0x0138, 0x0130, 0x0120, 0x0040, 0x8440, 0xC808, 0xC808,
  0xC708, 0xC708, 0xEC29, 0xA608, 0x6921, 0x4D3A, 0x0811, 0x2C32, 0x6919, 0x8E42, 0x6A19, 0x6E3A, 0x8E42, 0xEB29, 0x0C32, 0x8A21,
  0x0C32, 0xC708, 0xA708, 0xA608, 0xA600, 0xA600, 0xA708, 0xA600, 0xA700, 0xA600, 0xA600, 0xA708, 0xA600, 0xA600, 0xA600, 0xA600,
  0xA700, 0xC708, 0xC708, 0xC538, 0x8448, 0xA618, 0xC708, 0xE808, 0xE808, 0xA708, 0xC708, 0xC708, 0xC708, 0xC708, 0x6408, 0x4308,
  0xC708, 0xA710, 0x8510, 0x6510, 0xA608, 0xA608, 0xA608, 0x8500, 0xA608, 0x8500, 0xA608, 0xA608, 0x8500, 0xA708, 0xE618, 0xA608,
  0x8600, 0x8608, 0x8500, 0xA608, 0xA608, 0x8500, 0xA608, 0xC708, 0x8508, 0xC710, 0x2919, 0x0811, 0x0919, 0xE810, 0x8508, 0xE810,
  0xE810, 0xC710, 0xE810, 0xC710, 0xC708, 0xC710, 0xA508, 0x4010, 0x0000, 0x0000, 0x0000, 0x0008, 0x4030, 0x2008, 0x0000, 0x0000,
  0x0000, 0x0000, 0x0000, 0x0000, 0x0000, 0x0000, 0x0000, 0x0000, 0x0000, 0x0000, 0x0000, 0x0000, 0x0000, 0x0000, 0x0000, 0x0000,
  0x4300, 0x0000, 0x0000, 0x0000, 0x2100, 0x6408, 0xE810, 0x8410, 0x0020, 0x0030, 0x0038, 0x0130, 0x0030, 0x6258, 0xE718, 0xC808,
  0xC808, 0xC708, 0xEC29, 0xEB29, 0x8A21, 0x2C32, 0x2911, 0x2D32, 0x0C32, 0x8E42, 0x6919, 0xCA29, 0x2C32, 0x2D32, 0x0C32, 0x0811,
  0x2C32, 0x0811, 0xA700, 0xC708, 0xC708, 0xC708, 0xC708, 0xC708, 0xC708, 0xC708, 0xC708, 0xC708, 0xA708, 0xC708, 0xA600, 0xC708,
  0xC708, 0xC708, 0xC708, 0xE540, 0x8458, 0x8468, 0xC718, 0xE808, 0xC708, 0xC708, 0xC708, 0xC808, 0xC708, 0x8500, 0x4300, 0x4300,
  0x6400, 0xA610, 0x8610, 0x8610, 0xA608, 0xA608, 0xC708, 0xA608, 0xC608, 0xA608, 0xC708, 0xA608, 0xA708, 0xC710, 0x0529, 0xA608,
  0xA608, 0xA608, 0xA608, 0xA500, 0xA608, 0xA608, 0x0811, 0x2919, 0x0811, 0x2919, 0xE810, 0xE810, 0xE710, 0xE718, 0xA518, 0xE810,
  0xE810, 0xC710, 0xA608, 0xC608, 0xC708, 0xC608, 0xA608, 0xC140, 0x4018, 0x2010, 0x2008, 0x0000, 0x0018, 0x0008, 0x0000, 0x0000,
  0x0000, 0x0000, 0x0000, 0x0000, 0x0000, 0x0000, 0x0000, 0x0000, 0x0000, 0x0000, 0x0000, 0x0000, 0x0000, 0x0000, 0x0000, 0x0000,
  0x2100, 0x0000, 0x0000, 0x0000, 0x0000, 0xA510, 0x0911, 0x0911, 0x0911, 0x8410, 0x4228, 0x0030, 0x0038, 0x2060, 0xC620, 0xE808,
  0xE808, 0xE808, 0xE808, 0xE808, 0xC700, 0xC700, 0xE808, 0xC700, 0xC708, 0xC708, 0xC708, 0xC700, 0xC708, 0xE808, 0xC708, 0xC708,
  0xC708, 0xC708, 0xC708, 0xC708, 0xC708, 0xC708, 0xC708, 0xC708, 0xC708, 0xC700, 0xC700, 0xE808, 0x6B19, 0x2A11, 0xC708, 0xC708,
  0xC708, 0xC708, 0xE808, 0xE638, 0xA548, 0x8380, 0xA540, 0xA620, 0xC630, 0xC720, 0xC810, 0xC810, 0xC708, 0x4300, 0x4300, 0x4400,
  0x4300, 0x6508, 0xC710, 0xA710, 0xC708, 0xE808, 0xC708, 0xC708, 0xC708, 0xC708, 0xC708, 0xC708, 0xC708, 0xE718, 0x0531, 0xC708,
  0xC708, 0xC708, 0xC708, 0xA608, 0xA608, 0xE810, 0xE810, 0xE710, 0xE810, 0xC710, 0x0811, 0xE810, 0xC710, 0xA510, 0x8410, 0xE810,
  0xC710, 0xC710, 0xC710, 0xC710, 0xC708, 0xC708, 0xC708, 0x8410, 0xC240, 0x6218, 0x2010, 0x0000, 0x0018, 0x0018, 0x0010, 0x0018,
  0x0010, 0x0010, 0x0008, 0x0000, 0x2100, 0x2200, 0x2200, 0x2200, 0x2100, 0x2008, 0x2008, 0x0000, 0x0000, 0x0000, 0x0000, 0x0000,
  0x0000, 0x0000, 0x0000, 0x6208, 0x4208, 0x6208, 0x6408, 0x0A11, 0x0911, 0x2911, 0x0811, 0x6318, 0x0048, 0x0050, 0xC720, 0xE908,
  0xE808, 0xE808, 0xE808, 0xC708, 0xE808, 0xC708, 0xC708, 0xE808, 0xC708, 0xC708, 0xE808, 0xE808, 0xC708, 0xC708, 0xC708, 0xC708,
  0xC708, 0xC708, 0xC708, 0xC708, 0xC708, 0xE808, 0xE808, 0xE808, 0xC708, 0xC708, 0xE808, 0x4A11, 0x8C19, 0x8C19, 0x4B11, 0xC708,
  0xE808, 0xE808, 0xE808, 0xE818, 0x0919, 0xC560, 0x8370, 0xE728, 0x0911, 0xE810, 0xE810, 0xA608, 0x6500, 0x4400, 0x6400, 0x6400,
  0x4300, 0x4300, 0x6500, 0xE710, 0xE810, 0xE810, 0xE810, 0x0811, 0xE808, 0x0811, 0xC708, 0xE810, 0xE810, 0xE718, 0xC420, 0xE808,
  0xE808, 0xE810, 0xE808, 0xE810, 0xE710, 0xC608, 0xC708, 0xC708, 0xC710, 0xE710, 0xE710, 0xE710, 0x0811, 0x8508, 0x4300, 0xC710,
  0xE810, 0xE810, 0xE810, 0xC710, 0xC710, 0xE710, 0xC708, 0xC708, 0xC710, 0xC610, 0x8130, 0x0000, 0x0018, 0x0050, 0x0018, 0x0008,
  0x0028, 0x0038, 0x0038, 0x0030, 0x2110, 0x2100, 0x2200, 0x2200, 0x2200, 0x2008, 0x0008, 0x0000, 0x0000, 0x0000, 0x0000, 0x0000,
  0x0000, 0x0000, 0x0000, 0x2100, 0x2100, 0x6310, 0xC420, 0xC618, 0x0911, 0x2A11, 0x4A11, 0x0911, 0x2118, 0x2050, 0xC720, 0xE808,
  0xE808, 0xE808, 0x0811, 0xCB29, 0x6A19, 0x2911, 0x6A19, 0xCC21, 0x2811, 0xCB21, 0xAB21, 0xAB21, 0xEB29, 0x4911, 0xCB29, 0xE808,
  0xE808, 0xC708, 0xE808, 0xE808, 0xE808, 0xE808, 0xE808, 0xE808, 0xE808, 0xC708, 0x0909, 0x6C19, 0x4A11, 0x6B11, 0x8B19, 0x4A11,
  0x2A11, 0x0909, 0x0911, 0x0719, 0x2A11, 0x0909, 0xC640, 0xC558, 0x0819, 0xE810, 0xC708, 0x8600, 0x6400, 0x8508, 0x8508, 0x8508,
  0x6400, 0x6400, 0x6400, 0xA608, 0x0811, 0xE810, 0x0911, 0x0911, 0xE810, 0x0911, 0x0811, 0x0911, 0xE810, 0xA508, 0x8408, 0xC708,
  0xE810, 0x0811, 0x0811, 0x0811, 0x0811, 0xE810, 0xE810, 0xE810, 0xE810, 0x0811, 0x0811, 0x0811, 0xE718, 0x8418, 0x4300, 0x6508,
  0x0911, 0x0811, 0xE710, 0xE710, 0xC710, 0xC710, 0xC708, 0xE810, 0xC710, 0xC710, 0x6308, 0x0000, 0x0008, 0x2068, 0x0028, 0x0028,
  0x0008, 0x0018, 0x0028, 0x0038, 0x0038, 0x0038, 0x0030, 0x0018, 0x0010, 0x0008, 0x0000, 0x0000, 0x0000, 0x0000, 0x0000, 0x0000,
  0x0000, 0x0000, 0x0000, 0x2100, 0x4208, 0x4208, 0x8218, 0xE430, 0x4A11, 0x2A11, 0x2A11, 0x2A11, 0x4310, 0x0048, 0xE720, 0x0909,
  0x0909, 0xE808, 0x2D32, 0x4D3A, 0x0C32, 0x2D32, 0x0D32, 0x6D3A, 0x4D32, 0xCC21, 0x8B19, 0x0811, 0xAB21, 0xAB21, 0xEC29, 0xE808,
  0xE808, 0xE808, 0xE808, 0xE808, 0xE808, 0xE808, 0xE808, 0xE808, 0x2911, 0x2911, 0x4B11, 0x8C19, 0x4B11, 0x4A11, 0x6B19, 0x8C19,
  0x6B19, 0x6B11, 0x2911, 0xC610, 0x2911, 0x2911, 0x0909, 0x0829, 0x0821, 0x0911, 0x8508, 0x8500, 0xA608, 0x8508, 0xA608, 0xA610,
  0x6408, 0x6508, 0x6400, 0x8508, 0xE810, 0x0911, 0x0911, 0x0911, 0xC708, 0x2911, 0x0911, 0x0911, 0xA510, 0xA520, 0x8510, 0x6408,
  0xE810, 0x0911, 0x0911, 0x0911, 0x0911, 0xC710, 0x0811, 0x0911, 0x0811, 0xE810, 0x0919, 0x0919, 0xA510, 0x8408, 0x4300, 0x4400,
  0x2919, 0x0811, 0xE810, 0x0811, 0xE810, 0xC710, 0xE710, 0xC710, 0xC710, 0xC710, 0x6308, 0x0008, 0x0000, 0x2068, 0x0048, 0x0028,
  0x0028, 0x0010, 0x0018, 0x0020, 0x0030, 0x0038, 0x0040, 0x0040, 0x0038, 0x0030, 0x0028, 0x0028, 0x0020, 0x0018, 0x0018, 0x0010,
  0x0000, 0x0000, 0x0000, 0x4108, 0x0000, 0x2100, 0x6110, 0x2539, 0x6B19, 0x6B19, 0x6B19, 0x4B11, 0x0911, 0x0028, 0x8438, 0x2A11,
  0x2A11, 0x2A11, 0xCC21, 0xAB19, 0x8B19, 0x2C32, 0xAB21, 0x8A19, 0xCC21, 0xCC21, 0x8B21, 0x2911, 0xAB21, 0x6A19, 0xCB29, 0x6919,
  0x6A19, 0x4A19, 0x8A19, 0xE808, 0xE808, 0xE808, 0x0909, 0x2A11, 0x4A11, 0x6C19, 0x4B11, 0x4A11, 0x4A11, 0x0911, 0x4A11, 0x4B11,
  0x4A11, 0x4A11, 0x0909, 0x4300, 0xE708, 0x4A11, 0x2A11, 0x0911, 0x0819, 0xC708, 0xA508, 0xA508, 0xC518, 0xA518, 0xA510, 0xC628,
  0x6408, 0x6410, 0x8508, 0x8508, 0xA608, 0x2911, 0x2A11, 0xE810, 0xC708, 0x2911, 0x2911, 0xE810, 0x4551, 0x6361, 0xC428, 0xA518,
  0xA610, 0x2911, 0x2911, 0x2919, 0x2919, 0xC618, 0x0919, 0x0919, 0x0911, 0x2919, 0x2919, 0x0819, 0x8408, 0x8508, 0x6400, 0x4300,
  0xC608, 0x2911, 0x0911, 0x0919, 0xE810, 0x0811, 0xE810, 0xE810, 0xC710, 0xA710, 0x8508, 0x2010, 0x0000, 0x2040, 0x2070, 0x0020,
  0x0040, 0x0028, 0x0010, 0x0018, 0x0018, 0x0020, 0x0028, 0x0028, 0x0038, 0x0038, 0x0038, 0x0038, 0x0038, 0x0030, 0x0030, 0x0028,
  0x0000, 0x0000, 0x0000, 0x4108, 0x0000, 0x4108, 0xC230, 0x4A19, 0x6B11, 0x6B19, 0x6B19, 0x4B19, 0x2911, 0x2118, 0x2048, 0xC730,
  0x2A11, 0x2A11, 0x2A11, 0x0911, 0x0909, 0xE808, 0x0809, 0x0809, 0x0809, 0x0809, 0x0809, 0x0809, 0x0909, 0xE808, 0xE808, 0xE808,
  0xE808, 0xE808, 0xE808, 0xE808, 0xE808, 0x0809, 0x0809, 0x0909, 0x0909, 0x0909, 0x2A11, 0x2A11, 0x0909, 0xE708, 0x4A11, 0x4A11,
  0x4B11, 0x0811, 0x8500, 0x6400, 0x6400, 0x2911, 0x4A11, 0x4A11, 0x0811, 0xA608, 0xA510, 0x6308, 0x8310, 0x8410, 0xC428, 0xC328,
  0x4308, 0xA320, 0x8310, 0x6408, 0x8508, 0x4A19, 0x2A11, 0xA608, 0x6400, 0x0911, 0x2911, 0x0721, 0x8369, 0x4259, 0xC328, 0xA520,
  0x8510, 0x2A19, 0x2A19, 0x2919, 0x0811, 0x8508, 0x2919, 0x0919, 0x2A19, 0x2A19, 0x2A19, 0xE718, 0x8408, 0x6408, 0x6400, 0x4300,
  0x8508, 0x2919, 0x2919, 0x2A19, 0x0911, 0x0811, 0xE810, 0xE710, 0xE810, 0xC710, 0x8508, 0x2008, 0x0000, 0x4038, 0x4070, 0x0040,
  0x0030, 0x0048, 0x0030, 0x0020, 0x0020, 0x0018, 0x0028, 0x0020, 0x0020, 0x0028, 0x0028, 0x0028, 0x0028, 0x0028, 0x0020, 0x0020,
  0x0000, 0x0000, 0x0000, 0x2100, 0x4108, 0x2100, 0x4108, 0xE810, 0x6C19, 0x6B19, 0x6B19, 0x4A11, 0x6B11, 0x0811, 0x2120, 0x6358,
  0x4B11, 0x2A11, 0x4A11, 0x2A11, 0x0909, 0x0909, 0x0809, 0x0909, 0x0909, 0x0909, 0x0809, 0x0809, 0x0809, 0x0809, 0x0809, 0xE808,
  0xE808, 0xE808, 0xE808, 0x0809, 0x0909, 0x2909, 0x2909, 0x0909, 0x2A11, 0x2A11, 0x2A11, 0x2A11, 0xE810, 0xC710, 0x6B11, 0x6B11,
  0x6B11, 0xE708, 0xA608, 0x6400, 0x6400, 0xC708, 0x6B11, 0x6B11, 0x2921, 0x4911, 0xC320, 0x8218, 0xC328, 0x8410, 0xA418, 0xA418,
  0x6400, 0x6400, 0x8318, 0x8318, 0x0811, 0x4A19, 0xC708, 0x6400, 0x6300, 0xC708, 0x4A19, 0x2911, 0x4459, 0xA371, 0xE430, 0x2441,
  0xE710, 0x2A19, 0x2A19, 0x2919, 0xA610, 0x6500, 0xA608, 0x2A19, 0x4A19, 0x4A19, 0x4A19, 0xC610, 0xA410, 0x6408, 0x4300, 0x4400,
  0x8500, 0x2A19, 0x0919, 0x2919, 0x4A19, 0x4A19, 0x2919, 0x0919, 0x0911, 0x2911, 0xE718, 0x4018, 0x0000, 0x4038, 0x2070, 0x0058,
  0x0030, 0x0040, 0x0048, 0x0030, 0x0028, 0x0020, 0x0128, 0x0028, 0x0120, 0x0020, 0x0020, 0x0120, 0x0020, 0x0020, 0x0020, 0x0020,
  0x0000, 0x0000, 0x0000, 0x6208, 0x4208, 0x6208, 0xA310, 0xA410, 0x8310, 0x6208, 0x2911, 0x6B19, 0x6B11, 0x6B19, 0x2919, 0x6238,
  0x4A19, 0x4B11, 0x4B11, 0xAC19, 0x2911, 0x2A11, 0x2A11, 0x0909, 0x2A11, 0x0909, 0x2A11, 0x0909, 0x0909, 0x0909, 0x0809, 0x0909,
  0xE808, 0x0909, 0x0909, 0x2909, 0x0909, 0x2A11, 0x2A11, 0x2A09, 0x2A11, 0x2A11, 0x4A11, 0x2A11, 0x8500, 0x6400, 0x4A11, 0x6B11,
  0x6B11, 0xA608, 0xE338, 0x8310, 0x6418, 0x0811, 0xAC19, 0x6A11, 0xC610, 0xA608, 0x6400, 0xA510, 0xC520, 0xE528, 0xC428, 0xE438,
  0xC428, 0xA420, 0x8418, 0x8408, 0xA508, 0xC608, 0x8508, 0x8408, 0x6408, 0x6400, 0x0911, 0x4A19, 0x8469, 0x8469, 0xC428, 0x8508,
  0xE710, 0x4A21, 0x4A21, 0xE718, 0xA518, 0x8508, 0x8500, 0x0911, 0x4A19, 0x4A19, 0x0911, 0x8508, 0x8510, 0x8410, 0x4300, 0x6400,
  0x6300, 0x0811, 0xE810, 0x0911, 0x4A19, 0x2A19, 0x0811, 0x0919, 0x0911, 0x2919, 0xA510, 0x6020, 0x0000, 0x2030, 0x4070, 0x2068,
  0x0040, 0x0028, 0x0040, 0x0048, 0x0038, 0x0028, 0x0128, 0x0128, 0x0028, 0x0028, 0x0120, 0x0128, 0x0120, 0x0028, 0x0028, 0x0020,
  0x0000, 0x0000, 0x0000, 0x0000, 0x0000, 0x2000, 0x2108, 0x2100, 0x2108, 0x6210, 0xC230, 0xE808, 0x6B11, 0x6B19, 0x6B11, 0xA510,
  0xE820, 0x4B11, 0x6B11, 0x6B11, 0x6B19, 0xAC19, 0x6B19, 0x4B11, 0x4A11, 0x2911, 0x2A11, 0x2909, 0x2A11, 0x2A11, 0x2A11, 0x2909,
  0x2909, 0x2A11, 0x2A11, 0x2A11, 0x2A11, 0x0911, 0x2911, 0x2A11, 0x4A11, 0x2A11, 0x4A11, 0xA608, 0x8500, 0x6400, 0x8500, 0x4A11,
  0xA608, 0xA418, 0x6408, 0x4300, 0x4300, 0x8500, 0x8B19, 0x4911, 0x8318, 0xC330, 0xC428, 0xC428, 0x8410, 0x6308, 0x6408, 0xC330,
  0x4308, 0x6308, 0x8410, 0x8418, 0x8420, 0x6310, 0x8510, 0xA518, 0x8410, 0x8410, 0x8508, 0x4739, 0x6459, 0x6461, 0xE530, 0x8510,
  0x8508, 0x2821, 0x0721, 0x0539, 0x2449, 0xC520, 0xA510, 0xC710, 0x4A19, 0x0811, 0xA608, 0x6408, 0x6308, 0x6400, 0x4300, 0x4300,
  0x4300, 0x8500, 0x0721, 0x0819, 0x4A19, 0x4A19, 0x0919, 0x2A11, 0xE808, 0x2A19, 0x8408, 0x6028, 0x0000, 0x0000, 0x4068, 0x2070,
  0x2068, 0x0028, 0x0028, 0x0048, 0x0048, 0x0038, 0x0028, 0x4030, 0x4030, 0x0059, 0x0028, 0x0128, 0x0030, 0x0030, 0x0028, 0x0020,
  0x0000, 0x0000, 0x0000, 0x0000, 0x0000, 0x0000, 0x2000, 0x0000, 0x2108, 0x2008, 0x4110, 0xE708, 0x6B11, 0x6B11, 0x6B11, 0x2A11,
  0xE820, 0x6B11, 0x4B11, 0x4A11, 0x4A11, 0x6B19, 0x6C19, 0x8C19, 0x6B11, 0x4A11, 0x4B11, 0x2A11, 0x2A11, 0x4A11, 0x4A11, 0x4A11,
  0x2A11, 0x4A11, 0x4A11, 0x4B11, 0x4A11, 0x0909, 0x4A11, 0x6B11, 0x6B11, 0x6B11, 0x2911, 0xA610, 0xA610, 0x6400, 0x6400, 0xE808,
  0x6B11, 0xA508, 0xC451, 0x8508, 0xA328, 0xC608, 0x8C19, 0x2911, 0x4B11, 0xA508, 0xA420, 0xA418, 0xE530, 0x0349, 0xC430, 0xC328,
  0x6318, 0xC338, 0xA320, 0x8418, 0x8318, 0x8408, 0xA418, 0x8420, 0xC428, 0xA420, 0x8508, 0x2541, 0x8469, 0x8469, 0x0439, 0xA510,
  0x8510, 0xE710, 0x2911, 0x2641, 0xC492, 0xC430, 0xC428, 0x2911, 0x4A19, 0xE808, 0x4A19, 0xC420, 0x4439, 0xC420, 0x4400, 0x2341,
  0x6400, 0x0811, 0x0721, 0xE710, 0x4A19, 0x4A19, 0x2A19, 0xE708, 0xC608, 0x0911, 0x8408, 0x6020, 0x0000, 0x0000, 0x6078, 0x2070,
  0x2068, 0x0038, 0x0028, 0x0030, 0x0040, 0x0048, 0x0040, 0x8048, 0x8038, 0x6038, 0x6040, 0xE050, 0x0028, 0x0028, 0x0020, 0x0028,
  0x0000, 0x0000, 0x0000, 0x4108, 0x4108, 0x2100, 0x2000, 0x2000, 0x2108, 0x0000, 0x0000, 0xA508, 0x0811, 0x0811, 0x0811, 0x0811,
  0x4A11, 0x6B11, 0x4B11, 0x4A11, 0x6B11, 0x6B11, 0x6B11, 0x6B11, 0x4B11, 0x6B11, 0x6B11, 0x4A11, 0x4B11, 0x4A11, 0x4A11, 0x4B11,
  0x4A11, 0x4B11, 0x8C19, 0x6B11, 0x6B11, 0xE808, 0x2911, 0x8C19, 0x8C19, 0x8B19, 0x2919, 0xA510, 0x0529, 0xA518, 0x8410, 0xC608,
  0x6B19, 0xA608, 0x8508, 0x8508, 0x4300, 0xC608, 0x8C19, 0xE708, 0x6B19, 0xC520, 0xC338, 0xC428, 0x8371, 0xC238, 0x4359, 0x0449,
  0xA428, 0xA281, 0xA330, 0xE340, 0xC430, 0x8408, 0xC520, 0xA428, 0xC430, 0xC430, 0xC428, 0xA471, 0xC3B2, 0x8461, 0x2541, 0xA518,
  0xA510, 0x6408, 0x0811, 0x2641, 0x4549, 0xC520, 0xA510, 0xE810, 0xE810, 0xA500, 0x2911, 0x8408, 0xC518, 0x8510, 0x4300, 0x6408,
  0x6400, 0xE708, 0x0441, 0x8410, 0x4A19, 0x2A19, 0xE810, 0xC708, 0xC708, 0xE708, 0x8508, 0x8028, 0x0000, 0x0000, 0x6070, 0x2060,
  0x2068, 0x0050, 0x0028, 0x0030, 0x8040, 0x4069, 0x4069, 0xC150, 0xC048, 0x2061, 0x2061, 0x6040, 0x0128, 0x0028, 0x0020, 0x0028,
  0x0000, 0x0000, 0x0000, 0x4108, 0x8310, 0x6208, 0x6208, 0x2100, 0x4208, 0x4108, 0x4108, 0x2000, 0x2108, 0x6110, 0x2008, 0x6110,
  0xA418, 0xA510, 0x8408, 0x8408, 0xE710, 0x6B19, 0x6B11, 0x6B11, 0x4A11, 0x4A11, 0x4A11, 0x4A11, 0x6B11, 0x4A11, 0x4A11, 0x6B11,
  0x6B11, 0x6B11, 0x6B19, 0x6B11, 0x6B11, 0x8500, 0xA608, 0x8B19, 0x8C19, 0x8C19, 0xA518, 0xA410, 0xA410, 0x4300, 0x4300, 0x6500,
  0x4A11, 0x8508, 0xA510, 0x8508, 0x6400, 0x8508, 0x2911, 0x8400, 0xE708, 0x0539, 0x2292, 0xE440, 0x62A2, 0xE348, 0xE492, 0x6361,
  0xC430, 0xE4C3, 0xE350, 0x2382, 0x0441, 0x8418, 0x4451, 0xE469, 0x2382, 0x0449, 0x0439, 0xA379, 0xC381, 0xA379, 0x4449, 0xA518,
  0xC520, 0x6408, 0x8508, 0x2541, 0x0539, 0xC520, 0xA510, 0xC610, 0xC608, 0xA508, 0xC610, 0x8508, 0x8510, 0x8508, 0x4300, 0x6400,
  0x6300, 0xC420, 0xE428, 0x8408, 0xA608, 0x0911, 0xE808, 0x0811, 0xE708, 0xC708, 0x6300, 0x8030, 0x0000, 0x0000, 0x6068, 0x2058,
  0x2068, 0x2060, 0x0038, 0x2030, 0x2069, 0xA050, 0xA048, 0x2161, 0x8148, 0x6038, 0x4030, 0x0028, 0x0128, 0x0128, 0x0028, 0x0028,
  0x0000, 0x0000, 0x0000, 0x2108, 0x2108, 0x2108, 0x2000, 0x2100, 0x2000, 0x4108, 0x2000, 0x0000, 0x4108, 0x4108, 0x0000, 0x4110,
  0x4110, 0x4110, 0x4110, 0x6118, 0xA130, 0x2819, 0x6B11, 0x6B11, 0x4A11, 0x4B11, 0x4A11, 0x4A11, 0x4A19, 0x4B11, 0x6B19, 0x6B11,
  0x6B11, 0x8C19, 0x8C19, 0x6B11, 0x0809, 0x8600, 0x6400, 0x6B19, 0x8C19, 0x8C19, 0x4A19, 0x8508, 0xE469, 0x8410, 0x8410, 0xE808,
  0xE710, 0xC518, 0x0529, 0xA510, 0x6408, 0x6308, 0x6500, 0xE330, 0xA518, 0xE438, 0xC2A2, 0xE338, 0x04A3, 0x0351, 0xA48A, 0x0349,
  0xA428, 0x44A3, 0xC338, 0x838A, 0x0341, 0xA420, 0x6369, 0x2359, 0x6361, 0x4461, 0x4359, 0x239A, 0xC3BA, 0xE481, 0x8459, 0xC518,
  0xC520, 0x6400, 0x4300, 0x0441, 0x2449, 0xC528, 0xA510, 0x8508, 0x0711, 0x8500, 0x8508, 0xA610, 0xA518, 0xA510, 0x6408, 0xA418,
  0x0531, 0xE430, 0xE430, 0xA420, 0x8408, 0xA508, 0xC708, 0xC708, 0xC608, 0xC708, 0x4200, 0xE048, 0x0000, 0x0000, 0x4068, 0x2058,
  0x2068, 0x2070, 0x2058, 0x0028, 0x2030, 0x0030, 0x0028, 0xE050, 0xE150, 0x2030, 0x0059, 0x0059, 0xC050, 0x0028, 0x0028, 0x0028,
  0x0000, 0x0000, 0x2000, 0x4108, 0x6210, 0x2108, 0x2100, 0x2000, 0x2108, 0x2000, 0x2000, 0x0000, 0x4108, 0x2008, 0x0000, 0x4108,
  0x2008, 0x2008, 0x2008, 0x2010, 0x6028, 0x0819, 0x6B11, 0x6B11, 0x6B11, 0x6B11, 0x6B11, 0x4A11, 0x0911, 0x6B19, 0x6B19, 0x6B11,
  0x4A11, 0x8C19, 0x8C19, 0x8C11, 0xC708, 0xA608, 0x6400, 0xE808, 0x8C19, 0xAC19, 0x4A11, 0xA508, 0xA508, 0x6400, 0x6400, 0xC708,
  0xC608, 0xE528, 0x2539, 0xC518, 0x8418, 0x6408, 0x8408, 0x8359, 0x0539, 0xE530, 0xE430, 0x8410, 0xE428, 0xC520, 0xA420, 0xC420,
  0x8418, 0xA420, 0xA418, 0xC420, 0xA328, 0xA420, 0xE440, 0xA328, 0xC328, 0x0439, 0x038A, 0x03CB, 0x42D3, 0x43A2, 0xA461, 0xC528,
  0x8410, 0x6400, 0x4300, 0xA418, 0x0539, 0xE528, 0x8510, 0x8510, 0x8508, 0x6408, 0xA510, 0xA510, 0x0531, 0xA518, 0x8410, 0x0439,
  0x2531, 0x2451, 0x4459, 0xE430, 0x8408, 0x6408, 0x8508, 0xE810, 0xA608, 0xA608, 0x6300, 0xC140, 0x0000, 0x0000, 0x4060, 0x4070,
  0x2068, 0x2070, 0x2068, 0x0048, 0x0030, 0x6040, 0xE050, 0x2161, 0x4038, 0xA040, 0xE058, 0x2030, 0xE050, 0x8038, 0x0028, 0x0028,
  0x0000, 0x0000, 0x0000, 0x0000, 0x2000, 0x4108, 0x6110, 0x6118, 0x6118, 0x4110, 0x4110, 0x6118, 0x8218, 0x4108, 0x2008, 0x4110,
  0x2008, 0x2008, 0x2008, 0x2008, 0x8030, 0x2819, 0x8C19, 0x6B11, 0x8C19, 0x6B11, 0x8B19, 0x2911, 0xE708, 0x6B11, 0x8C19, 0x8C19,
  0x4A11, 0x8C19, 0x8C19, 0x6B11, 0x8508, 0x8500, 0x6400, 0xA500, 0x8B19, 0x4A11, 0x4A19, 0xA510, 0xC618, 0x8508, 0x6400, 0x6400,
  0xA510, 0xA418, 0xC520, 0xC520, 0xE438, 0xA518, 0x6400, 0x8410, 0x8410, 0x8410, 0xC428, 0x0441, 0x4459, 0x2449, 0xA469, 0xC379,
  0x6369, 0x2451, 0xE340, 0xC430, 0xC428, 0xA320, 0xC430, 0xC428, 0x8318, 0x2451, 0x43A2, 0x45DC, 0xC3B2, 0x43A2, 0xA461, 0xC520,
  0x8408, 0x4308, 0x4300, 0x6408, 0x0541, 0xC520, 0x8410, 0xC428, 0x8410, 0x8408, 0xA518, 0xC420, 0x2449, 0xA420, 0x8418, 0xA320,
  0xA320, 0x2351, 0x0341, 0x6461, 0x6310, 0x8310, 0x6400, 0xC608, 0xA500, 0xA600, 0x6400, 0xA138, 0x0000, 0x0000, 0x0018, 0x6088,
  0x2068, 0x2070, 0x2068, 0x2058, 0x0030, 0x6040, 0x6171, 0x2059, 0x6030, 0x0059, 0xA048, 0x0028, 0x8040, 0xC048, 0x0028, 0x0028,
  0x0000, 0x0000, 0x0000, 0x0000, 0x0000, 0x0000, 0x0000, 0x0000, 0x0000, 0x0000, 0x0000, 0x0000, 0x0000, 0x0008, 0x4010, 0x4010,
  0x6018, 0x6018, 0x6018, 0x4018, 0xC238, 0x8B21, 0xAD19, 0xAD19, 0xAD19, 0xAC19, 0xAC19, 0xE808, 0xA608, 0x8B19, 0xCD19, 0xAC19,
  0xE808, 0xAC19, 0xCD21, 0x2811, 0xE620, 0xA510, 0xA518, 0xA508, 0x6C11, 0xE808, 0x2821, 0x0539, 0xE620, 0xA510, 0x8408, 0x8408,
  0xC528, 0xE620, 0xA418, 0xE528, 0x4472, 0x8418, 0xA418, 0x6369, 0x4461, 0x2359, 0x2449, 0x4459, 0x0349, 0xC330, 0xC428, 0xA318,
  0xE438, 0xA320, 0xE340, 0x2359, 0x4461, 0x4461, 0x0351, 0x8310, 0x6308, 0xA371, 0xE3BA, 0x24B3, 0xC391, 0xE389, 0x6459, 0xA420,
  0x8408, 0x6408, 0x4300, 0x6400, 0xC428, 0xC520, 0xA518, 0xC520, 0xC428, 0x2441, 0xC520, 0x8369, 0x028A, 0x2449, 0xA359, 0x8220,
  0xE248, 0xC3A2, 0xC230, 0x638A, 0x0331, 0x6359, 0x8410, 0x8408, 0xC608, 0xA500, 0x8408, 0x8130, 0x0000, 0x0000, 0x0010, 0x6088,
  0x2070, 0x2068, 0x2068, 0x2079, 0x0048, 0x0028, 0x0028, 0xA048, 0x2061, 0x2038, 0x4030, 0x0028, 0x8040, 0xC050, 0x0028, 0x0028,
  0x0000, 0x0000, 0x0000, 0x0000, 0x0000, 0x0000, 0x0000, 0x0000, 0x0000, 0x0000, 0x0000, 0x0000, 0x0000, 0x0000, 0x0000, 0x0000,
  0x0000, 0x0000, 0x2008, 0x0719, 0x6B19, 0xCD21, 0xCD19, 0xAD19, 0xCD21, 0xED21, 0xAC19, 0xC608, 0xC608, 0x4A11, 0xEE21, 0x6B19,
  0xA608, 0x6A19, 0xCD21, 0x8B19, 0xA508, 0xA608, 0x8400, 0x8408, 0x2911, 0xA608, 0xC518, 0xE628, 0xE620, 0xA510, 0x6408, 0x8410,
  0xE528, 0x0531, 0x8418, 0xC528, 0xC430, 0x8418, 0x8408, 0xE330, 0xC328, 0xC428, 0xE430, 0x2449, 0x2351, 0x0441, 0x0449, 0x6461,
  0xC330, 0x0441, 0x0449, 0xE340, 0xE438, 0x0441, 0xA418, 0x6300, 0x4300, 0x0341, 0x0392, 0x439A, 0x43A2, 0x0392, 0x4351, 0x8410,
  0x8410, 0x6408, 0x6400, 0x6400, 0x8418, 0xE430, 0xC520, 0xC520, 0xC420, 0x2541, 0xC520, 0x037A, 0x8261, 0x2351, 0xE379, 0x8369,
  0x4359, 0x037A, 0x2449, 0x0341, 0x6408, 0xA420, 0x8318, 0xA418, 0xC610, 0x8400, 0x6408, 0x8128, 0x0000, 0x0000, 0x0010, 0x6088,
  0x2070, 0x2068, 0x2068, 0x4079, 0x2060, 0x0050, 0x0028, 0x0030, 0x6071, 0x6038, 0xA048, 0x2038, 0xE050, 0xA048, 0x0028, 0x0028,
  0x0000, 0x0000, 0x0000, 0x0000, 0x4108, 0x0000, 0x0000, 0x0000, 0x2100, 0x0000, 0x0000, 0x0000, 0x0000, 0x0000, 0x0000, 0x0000,
  0x0000, 0x6120, 0xAA31, 0xCD19, 0xCD21, 0xCD19, 0xED21, 0x6B19, 0xCD21, 0xEE21, 0x2811, 0xE618, 0xE610, 0xE810, 0xCD21, 0x2811,
  0xE618, 0xE710, 0xAC21, 0xE710, 0xC510, 0xC618, 0xA510, 0xC518, 0x8408, 0xC608, 0x0631, 0x2551, 0x0541, 0xA518, 0xC420, 0xC430,
  0x6549, 0x8451, 0xC520, 0xE538, 0xE381, 0x0431, 0x0439, 0xC320, 0x4459, 0x6561, 0x0441, 0xE338, 0x2351, 0x2451, 0x0449, 0x6461,
  0xE340, 0xE440, 0x0351, 0xE340, 0x0349, 0x2451, 0xA510, 0xA510, 0x6400, 0x4300, 0x038A, 0x43A2, 0x038A, 0xA371, 0xE330, 0xA418,
  0xA518, 0x6408, 0x6400, 0x4300, 0x6308, 0x0539, 0x0531, 0xE520, 0xE520, 0xE518, 0xA408, 0x4451, 0x2449, 0xC328, 0xC330, 0x0439,
  0x0441, 0xE438, 0xC330, 0x0439, 0x4400, 0x4300, 0x4300, 0x6400, 0x6408, 0x6408, 0x6400, 0xC040, 0x0000, 0x0000, 0x0008, 0x8090,
  0x2078, 0x2068, 0x2068, 0xA070, 0x2089, 0x4060, 0x0038, 0x6038, 0x2061, 0x2030, 0xE058, 0x4069, 0xE050, 0x2030, 0x0028, 0x0028,
  0x0000, 0x0000, 0x0000, 0x0000, 0x4108, 0x2000, 0x4108, 0x2000, 0x4108, 0x0000, 0x2108, 0x2008, 0x0000, 0x2008, 0x0000, 0x4010,
  0x4010, 0x6120, 0xCD19, 0xCD19, 0xCD21, 0xED21, 0xAC19, 0x2911, 0xEE21, 0xEE21, 0x4911, 0xE618, 0xC610, 0x0811, 0xEE21, 0xC510,
  0xC518, 0xC618, 0xC610, 0xC618, 0xC520, 0xC620, 0xC520, 0xA418, 0x8510, 0xC528, 0x6651, 0xA479, 0xC492, 0xC518, 0xA551, 0xE461,
  0x4449, 0xC428, 0xE528, 0xC520, 0x2341, 0x0439, 0x0441, 0xA420, 0x4459, 0x2449, 0x4459, 0x6361, 0x8369, 0xE381, 0x6369, 0x8371,
  0x2451, 0x4361, 0x2359, 0x6369, 0x4359, 0xC428, 0xC518, 0xC520, 0x6400, 0x4300, 0x0439, 0x63AA, 0x8469, 0x6459, 0xE428, 0x8410,
  0xC520, 0x6408, 0x4300, 0x4300, 0x4300, 0xE538, 0x0531, 0xC520, 0xC410, 0xA408, 0xA408, 0x0441, 0x0441, 0xE330, 0xA371, 0xA369,
  0x2382, 0x238A, 0xA369, 0x0382, 0xE338, 0x8418, 0x6408, 0x6400, 0x4300, 0x6300, 0x6408, 0xC140, 0x0000, 0x0000, 0x0008, 0x6080,
  0x4080, 0x2070, 0x2068, 0x2068, 0xC070, 0xA091, 0x8089, 0x4069, 0x8040, 0x0028, 0x2030, 0x4038, 0x2030, 0x0028, 0x0028, 0x0028,
  0x0000, 0x0000, 0x0000, 0x0000, 0x4208, 0x2108, 0x2100, 0x0000, 0x6210, 0x2000, 0x4108, 0x4110, 0x0000, 0x6118, 0x4010, 0x4118,
  0x4018, 0xC240, 0xCD19, 0xCD21, 0xCD21, 0xEE21, 0x6A19, 0xE710, 0x6B19, 0xED21, 0x2819, 0x0629, 0xE618, 0xE710, 0x2811, 0x2639,
  0x2541, 0xC520, 0x6541, 0x0529, 0x6549, 0xA649, 0x6551, 0x2451, 0xE528, 0x246A, 0x2541, 0x6459, 0x6459, 0xE628, 0xA518, 0xC520,
  0xE628, 0xE528, 0xE528, 0xA518, 0xA420, 0xC420, 0xC428, 0x0439, 0xA379, 0xA379, 0x6461, 0x038A, 0x4359, 0x0349, 0xE389, 0xC381,
  0x6369, 0x0351, 0xC381, 0xE389, 0x6369, 0xA420, 0xC428, 0x0531, 0x6408, 0x6300, 0x6300, 0xE381, 0xC379, 0x2449, 0xA410, 0xC520,
  0x8410, 0x8418, 0x4300, 0x6400, 0x4400, 0xA420, 0xE520, 0xA410, 0xC410, 0x4439, 0x2392, 0x048A, 0x038A, 0x439A, 0xE381, 0xC379,
  0xA369, 0x6361, 0xA369, 0x8361, 0x0439, 0x8410, 0x8410, 0xA418, 0xA518, 0x8410, 0xA518, 0x8028, 0x0000, 0x0000, 0x0000, 0x6068,
  0x6090, 0x2070, 0x2068, 0x2068, 0x2068, 0xA078, 0x0079, 0xA050, 0x0028, 0x0028, 0x0028, 0x0030, 0x0030, 0x0028, 0x0028, 0x0028,
  0x0000, 0x0000, 0x0000, 0x0000, 0x6208, 0x8310, 0x6210, 0x0000, 0x6210, 0x4208, 0x4108, 0x4108, 0x2008, 0x8118, 0x6110, 0x4010,
  0x2010, 0x6118, 0xCD19, 0xAD19, 0xCD21, 0xEE21, 0x2819, 0x0719, 0x2819, 0xED21, 0x2819, 0x0721, 0x0629, 0xC618, 0x0629, 0x2631,
  0x2639, 0x2549, 0x8459, 0x2631, 0x2639, 0x0631, 0xC520, 0x0539, 0x0629, 0xE620, 0x0539, 0x6461, 0x4551, 0xE528, 0xC520, 0xC520,
  0xC520, 0xE528, 0xE530, 0xE430, 0x2449, 0x0441, 0x2459, 0x2451, 0xC381, 0x6361, 0xA381, 0x439A, 0x0349, 0x0351, 0xE389, 0x239A,
  0xC389, 0x8371, 0x0392, 0x0392, 0xA379, 0xA418, 0xA328, 0xA320, 0x6308, 0x6408, 0x8308, 0xC381, 0x8461, 0x4449, 0x8410, 0xA418,
  0xA410, 0x6308, 0x6300, 0x8400, 0x6300, 0xA420, 0xA408, 0xA408, 0xC418, 0x2431, 0xC379, 0x2349, 0x6359, 0xA320, 0x0349, 0x0349,
  0x0349, 0xA320, 0xE440, 0x6361, 0x6308, 0x6408, 0x6400, 0x6408, 0x8408, 0x8508, 0x8418, 0x0151, 0x0000, 0x0000, 0x0008, 0x4081,
  0xC098, 0x2078, 0x2068, 0x2068, 0x2068, 0x2068, 0x2058, 0x0048, 0x0030, 0x0028, 0x0020, 0x0028, 0x0040, 0x0030, 0x0028, 0x0028,
  0x0000, 0x0000, 0x0000, 0x0000, 0x6210, 0x8310, 0x8310, 0x2000, 0x8310, 0x8210, 0x6210, 0xA220, 0x2008, 0xA220, 0xA220, 0x6110,
  0xA130, 0x4359, 0xCD19, 0x6B19, 0x6A21, 0xCC21, 0x0721, 0x2729, 0x0821, 0x4821, 0x0621, 0x4641, 0x2641, 0x6649, 0xE520, 0x2549,
  0x2641, 0x8471, 0x6559, 0xE528, 0xE530, 0x2539, 0xA318, 0x0539, 0x0531, 0x0531, 0x4559, 0x4651, 0x4649, 0xC520, 0xC528, 0xE530,
  0x2549, 0x2549, 0x0531, 0x2449, 0x2449, 0x8469, 0x8469, 0x6461, 0x2392, 0x0392, 0x83AA, 0x6371, 0x4361, 0x8379, 0x63A2, 0x43A2,
  0x62AA, 0xE299, 0x63A2, 0xC381, 0x2349, 0xE428, 0x4541, 0xE430, 0x8410, 0x8408, 0x6408, 0x0341, 0x4449, 0xE410, 0xC520, 0xE438,
  0xA418, 0xC430, 0x8408, 0x8510, 0x6400, 0x6300, 0xA300, 0xA410, 0x6308, 0xC518, 0xE428, 0xE481, 0x4359, 0x0441, 0x8369, 0x4361,
  0xA371, 0xE338, 0x6369, 0x4461, 0x6408, 0x8410, 0x6400, 0x8410, 0xA508, 0xA500, 0x8410, 0x6018, 0x0000, 0x0000, 0x0000, 0x6079,
  0x60A1, 0x6091, 0x2068, 0x2060, 0x2068, 0x2068, 0x2068, 0x2060, 0x0048, 0x0030, 0x0120, 0x0020, 0x0038, 0x0040, 0x0030, 0x0028,
  0x0000, 0x0000, 0x0000, 0x0000, 0x6210, 0x6210, 0x6210, 0x2000, 0x8210, 0x8310, 0x6110, 0xC230, 0x4008, 0xE330, 0xA228, 0x8120,
  0xE238, 0x6361, 0xAD21, 0x4A21, 0x2821, 0x8A29, 0x4831, 0x2731, 0x4639, 0x4641, 0x0639, 0x0629, 0x2639, 0x2641, 0x4549, 0x4551,
  0xA420, 0x0349, 0xC238, 0x4108, 0x2100, 0x8118, 0xE338, 0x6118, 0xA128, 0x8218, 0x6559, 0x6559, 0x4551, 0xE528, 0xE530, 0xE530,
  0x4549, 0x0541, 0x2549, 0x4459, 0x6461, 0xA479, 0xE389, 0xC481, 0x83AA, 0x83B2, 0x43CB, 0xE389, 0x8371, 0x039A, 0xE3BA, 0xA3AA,
  0xC3BA, 0x03C3, 0x83AA, 0x8371, 0xE338, 0x0439, 0x4449, 0x0439, 0x6308, 0x6408, 0x6408, 0x6300, 0x4449, 0xE410, 0xC518, 0xA420,
  0xC328, 0xC428, 0x8408, 0x8410, 0x6408, 0x6300, 0x8408, 0x8408, 0xC408, 0x8408, 0xE418, 0xC381, 0x0392, 0x6459, 0xE379, 0xC248,
  0xE289, 0x4451, 0x42A2, 0x038A, 0x8410, 0xA418, 0x6408, 0x8510, 0xA508, 0xC508, 0xC518, 0x0151, 0x0008, 0x0000, 0x0000, 0x8020,
  0x2059, 0x40AA, 0xC099, 0xA070, 0x2068, 0x2068, 0x2068, 0x2068, 0x0058, 0x0038, 0x0128, 0x0020, 0x0030, 0x0040, 0x0030, 0x0030,
  0x0000, 0x0000, 0x0000, 0x0000, 0x2000, 0x0000, 0x0000, 0x0000, 0x4208, 0x6210, 0x4108, 0xA228, 0x2008, 0xC230, 0x8120, 0x8120,
  0xE240, 0x6361, 0x8B21, 0x2821, 0x8651, 0x4739, 0x2631, 0x2731, 0x4651, 0x6559, 0x2641, 0x2639, 0x6561, 0x0492, 0x6461, 0x8571,
  0x8220, 0x2100, 0x2200, 0x2100, 0x2100, 0x0000, 0x2008, 0x6210, 0x6110, 0x6161, 0xC230, 0x2549, 0x4641, 0x2631, 0x4649, 0x2541,
  0x4559, 0x4459, 0x4461, 0xA471, 0x8471, 0x43AA, 0xA2CA, 0x63AA, 0xC3BA, 0xA3DB, 0xE3DB, 0x0392, 0xE291, 0xA2C2, 0x63D3, 0x03BB,
  0x22D3, 0x84F4, 0x23CB, 0x43A2, 0x6359, 0xE438, 0x8371, 0xA469, 0xA418, 0x0339, 0x8410, 0xE330, 0xA439, 0xA439, 0xC420, 0x4349,
  0x2441, 0xA471, 0xA418, 0x0339, 0x8410, 0x8400, 0xA408, 0xE418, 0xC410, 0xA310, 0x2429, 0x43AA, 0xE7E4, 0x0382, 0xC271, 0xE1A9,
  0xA3CB, 0x4359, 0x64E4, 0x25AB, 0xA420, 0xA418, 0x8410, 0xA518, 0x6721, 0xC510, 0xE520, 0x6161, 0x0000, 0x0000, 0x0000, 0x0000,
  0x0000, 0x6018, 0x8020, 0xA0C2, 0xC099, 0x4068, 0x2068, 0x2068, 0x2058, 0x0050, 0x0030, 0x0028, 0x0028, 0x0038, 0x0038, 0x0030,
  0x0000, 0x2100, 0x0000, 0x0000, 0x8310, 0x8310, 0x6208, 0x2100, 0x6210, 0x8210, 0x2100, 0x4108, 0x4110, 0x0000, 0x6118, 0x6110,
  0x6120, 0x6120, 0x4829, 0x6839, 0x8661, 0x6649, 0x4741, 0x4649, 0x8569, 0xC581, 0x4649, 0x4559, 0x8569, 0xC481, 0x6118, 0xE240,
  0x8310, 0x0000, 0x0000, 0x0000, 0x0000, 0x0000, 0x2100, 0x2100, 0x4108, 0x8120, 0x4159, 0xC130, 0x2539, 0x4551, 0x8561, 0x6461,
  0x8469, 0x6461, 0xE481, 0x038A, 0xE391, 0x23C3, 0x24F5, 0x03CB, 0x03C3, 0x63E4, 0x04DC, 0x22A2, 0x82B2, 0xE2CA, 0xA4F4, 0xE3BA,
  0xE2E3, 0x6DFE, 0xE3DB, 0x82B2, 0x4382, 0x2349, 0x6392, 0x848A, 0xA420, 0x4372, 0xA428, 0x0362, 0x4441, 0x237A, 0xE438, 0x84A3,
  0xE340, 0x83AB, 0x8310, 0x0372, 0xA410, 0x8400, 0xC408, 0x4431, 0xE420, 0x8308, 0x2429, 0x239A, 0xE6CB, 0xA371, 0xC381, 0x02A2,
  0x25A3, 0x2349, 0x63AA, 0x038A, 0xA418, 0xA420, 0xA410, 0xE418, 0xC420, 0xC518, 0xE528, 0x4159, 0x0000, 0x0000, 0x0000, 0x0000,
  0x0000, 0x0000, 0x0000, 0x8061, 0xC089, 0x00AA, 0x4070, 0x2068, 0x2060, 0x2058, 0x0050, 0x0028, 0x0020, 0x0020, 0x0038, 0x0030,
  0x0000, 0x2100, 0x0000, 0x0000, 0x8310, 0x4108, 0xA310, 0x2108, 0xA318, 0xA320, 0xA218, 0x8218, 0x2341, 0x2000, 0xA228, 0xE230,
  0x4251, 0x4261, 0x6741, 0x8759, 0x65A2, 0xC579, 0x6649, 0x8659, 0x84AA, 0xE3C2, 0xA571, 0x8571, 0x8471, 0x84CB, 0xE140, 0x0000,
  0x0000, 0x0000, 0x0000, 0x0000, 0x2100, 0x2100, 0x4208, 0x6210, 0x4110, 0x4110, 0x2149, 0xE069, 0xC230, 0x6559, 0x6559, 0x8561,
  0x849A, 0x0492, 0x048A, 0x439A, 0xE391, 0x42AA, 0xCAD4, 0x43A2, 0xA3AA, 0x65C4, 0xA4C3, 0x63A2, 0xE3CB, 0xA2B2, 0xE6DC, 0x63A2,
  0xC2B2, 0x6572, 0xA3A2, 0x038A, 0x8359, 0x0431, 0x2441, 0x2439, 0x8410, 0xA418, 0x8410, 0x0331, 0xA418, 0x6459, 0xE430, 0x8549,
  0xC420, 0x6441, 0x6308, 0xC420, 0xC518, 0xA410, 0xC318, 0xC379, 0x6369, 0xE330, 0xC420, 0x4459, 0x8461, 0xE430, 0xA471, 0x8461,
  0x8469, 0xC328, 0x4459, 0x2451, 0x8410, 0xA320, 0xE438, 0xC420, 0x6461, 0x0539, 0x8318, 0x2059, 0x2008, 0x0000, 0x0000, 0x0000,
  0x0000, 0x0000, 0x0000, 0x0000, 0x2010, 0x8071, 0xE099, 0xC078, 0x2060, 0x2058, 0x0058, 0x0048, 0x0020, 0x0020, 0x0030, 0x0030,
  0x0000, 0x4208, 0x0000, 0x0000, 0x6210, 0x8310, 0x8310, 0x4208, 0x6210, 0xA318, 0xA220, 0x8218, 0x0339, 0x2008, 0x8120, 0xC230,
  0x2251, 0x4261, 0xA759, 0xC679, 0xC5F4, 0x83AA, 0x6659, 0x8569, 0x24EC, 0xA6E4, 0x048A, 0xA479, 0x2482, 0x63B3, 0x0282, 0x0000,
  0x0000, 0x0000, 0x0000, 0x0100, 0x0100, 0x2100, 0x0000, 0x4108, 0x4108, 0x6110, 0x4008, 0xA038, 0x21AB, 0xC330, 0x8561, 0xA471,
  0xA471, 0xA569, 0x0439, 0x0531, 0x0539, 0x0439, 0x2549, 0xE430, 0x2449, 0x2441, 0x2539, 0x0439, 0xE438, 0x0539, 0x0441, 0x6459,
  0x0441, 0x2449, 0x4551, 0x2541, 0x4451, 0xE381, 0x43A2, 0x63AA, 0xE430, 0xC520, 0xC520, 0x8408, 0x8410, 0xA410, 0xC418, 0xC520,
  0x8410, 0xE530, 0xC420, 0xC420, 0xA418, 0xA420, 0xA328, 0xE250, 0xE348, 0xC420, 0xC320, 0x048A, 0xA471, 0x0441, 0x6461, 0xA479,
  0xA469, 0x0439, 0x8371, 0xA379, 0xA428, 0xE340, 0x2449, 0x0349, 0x2449, 0xE430, 0xC420, 0x0049, 0x0000, 0x0000, 0x0000, 0x0000,
  0x0000, 0x2008, 0x0000, 0x0000, 0x0000, 0x0000, 0x8091, 0xE091, 0x0079, 0x4060, 0x0058, 0x0048, 0x0028, 0x0020, 0x0028, 0x0030,
  0x0000, 0x2200, 0x2100, 0x0000, 0x6210, 0x6310, 0x4108, 0x6208, 0x6210, 0xA320, 0x6110, 0xA220, 0x2341, 0x4008, 0xC228, 0xE238,
  0x2249, 0x8271, 0xA761, 0xE589, 0xA58A, 0x249A, 0xC669, 0xC569, 0x4592, 0x4592, 0x8559, 0x6559, 0x4449, 0x6110, 0x6210, 0x0000,
  0x0000, 0x0000, 0x0000, 0x0000, 0x0000, 0x0000, 0x0000, 0x0000, 0x0000, 0x0008, 0x0039, 0x2049, 0x41AB, 0x0339, 0x8561, 0xE481,
  0x24A2, 0xC481, 0x4551, 0x4649, 0x0439, 0x0539, 0x0531, 0xC518, 0xA418, 0xC420, 0xE528, 0xE520, 0xC420, 0xA418, 0xC420, 0xE528,
  0xC420, 0xE528, 0xE430, 0xC428, 0x2541, 0x83AA, 0x84D3, 0xC4CB, 0x0431, 0xE430, 0xC420, 0xA410, 0xA420, 0xC428, 0x0539, 0xE438,
  0xA420, 0x0441, 0xE530, 0x0441, 0xA328, 0xC430, 0x0359, 0xE250, 0xC340, 0xA420, 0xE428, 0xE481, 0xA471, 0x0441, 0xA469, 0x4359,
  0xC379, 0x0439, 0xA471, 0xE389, 0xC330, 0x4359, 0x4361, 0xA379, 0x2451, 0x0449, 0xC428, 0xC171, 0x0000, 0x0000, 0x0000, 0x0000,
  0x2008, 0x2008, 0x0000, 0x0000, 0x0000, 0x0000, 0x4050, 0xA038, 0x8079, 0x8089, 0x8060, 0x0048, 0x0040, 0x0028, 0x0028, 0x0028,
  0x0000, 0x0000, 0x0000, 0x0000, 0x0000, 0x0000, 0x0000, 0x2100, 0x2000, 0x4110, 0x2108, 0x8218, 0x4010, 0x2008, 0xA128, 0xC230,
  0x4261, 0x8279, 0x6749, 0x6741, 0x6651, 0x8659, 0x4739, 0x4741, 0x4641, 0x6651, 0x2631, 0x2639, 0x4641, 0x6218, 0x0000, 0x0000,
  0x0000, 0x0000, 0x0000, 0x0000, 0x0000, 0x0000, 0x0000, 0x0010, 0x8038, 0x0091, 0xC079, 0x0162, 0xC230, 0x8561, 0xE581, 0xA3C2,
  0x22D3, 0x43A2, 0xC479, 0x0621, 0x0539, 0x0529, 0x2539, 0xA410, 0x0531, 0xE530, 0x0631, 0x0531, 0x0531, 0xC428, 0x2539, 0x0541,
  0x2549, 0x0441, 0x2459, 0xE440, 0x2441, 0x83AA, 0x2382, 0x43BB, 0x0439, 0xE530, 0xC420, 0xE530, 0xA320, 0xC420, 0xE428, 0x0441,
  0xA420, 0x4459, 0x0441, 0xA420, 0x0351, 0x6279, 0x4279, 0x0351, 0xC338, 0xA428, 0xC428, 0xA479, 0x2449, 0x2449, 0x8369, 0x6310,
  0x0341, 0x4451, 0xA479, 0xC479, 0x2351, 0x8279, 0xE2A1, 0xE2A1, 0xE389, 0x4459, 0x4451, 0xA169, 0x0000, 0x0000, 0x0000, 0x2000,
  0x0000, 0x2008, 0x0000, 0x0000, 0x0000, 0x0010, 0x2060, 0x0010, 0x0000, 0xE048, 0x6069, 0xA058, 0x0040, 0x0038, 0x0028, 0x0028,
  0x0000, 0x0000, 0x0000, 0x2000, 0x0000, 0x0000, 0x0000, 0x0000, 0x0000, 0x0000, 0x6210, 0x6110, 0x8120, 0x6118, 0x4010, 0xA128,
  0x2159, 0x4261, 0x6741, 0x6741, 0xA661, 0xA661, 0x6741, 0x6741, 0xA669, 0xA661, 0x6649, 0x6659, 0x6659, 0xA320, 0x0000, 0x0000,
  0x0000, 0x0000, 0x0000, 0x0000, 0x0000, 0x0020, 0x4040, 0xE078, 0xC088, 0xE068, 0x4028, 0x2008, 0x2351, 0x8461, 0x44A2, 0x46E4,
  0x25F5, 0xC3C2, 0x0492, 0x0631, 0x2549, 0xC520, 0xE530, 0xA510, 0x0531, 0xA410, 0xC420, 0xA410, 0xE528, 0xA518, 0xE520, 0xC420,
  0x2549, 0xE430, 0x0449, 0xC420, 0xE430, 0x8461, 0x6459, 0xA461, 0xC420, 0xA418, 0xA410, 0xC420, 0x6408, 0xA418, 0xA318, 0xC428,
  0xA520, 0xE338, 0xC330, 0xA328, 0x6371, 0xC2C2, 0x82C2, 0x6271, 0xC338, 0x0441, 0x0439, 0x6461, 0x2449, 0xE430, 0x2441, 0x8410,
  0xE430, 0x0441, 0xA471, 0x43A2, 0x6369, 0x029A, 0x01DB, 0xC2CA, 0x43A2, 0x8371, 0x6461, 0xC171, 0x0000, 0x0008, 0x0000, 0x2108,
  0x4110, 0x4110, 0x2008, 0x0000, 0x0000, 0x0030, 0x2091, 0x2048, 0x0000, 0x0000, 0x6028, 0x2069, 0x6058, 0x0040, 0x0028, 0x0028,
  0x0000, 0x0000, 0x0000, 0x4108, 0x4208, 0x0000, 0x0000, 0x0000, 0x0000, 0x0000, 0xC320, 0xA220, 0xC228, 0xC130, 0xA228, 0x0239,
  0x6261, 0xC281, 0x6839, 0x8749, 0x0582, 0x6749, 0x4741, 0x8661, 0xA661, 0x4649, 0x6649, 0x6749, 0x8661, 0x8561, 0x2639, 0x0010,
  0x0030, 0x0010, 0x0010, 0x0048, 0x6058, 0xE078, 0xA070, 0x6048, 0x6020, 0x2008, 0x6149, 0xC320, 0x0349, 0xC579, 0xE481, 0x43A2,
  0xE3B2, 0x83B2, 0xC479, 0x0631, 0x2549, 0xC520, 0xE528, 0xC510, 0x0629, 0xA510, 0xA418, 0x8410, 0xE520, 0xC518, 0xA418, 0xC518,
  0x0531, 0x0441, 0xA469, 0x8451, 0xC471, 0xC479, 0xC479, 0xE481, 0xA469, 0x0482, 0x4492, 0x2382, 0x038A, 0x439A, 0x238A, 0xC3AA,
  0xE379, 0x83AA, 0xA371, 0x2392, 0xA2B2, 0xE9E4, 0xA4DB, 0x62B2, 0xC381, 0xE381, 0x6359, 0x4451, 0x0441, 0xE438, 0x0441, 0xA420,
  0x0531, 0x0539, 0x6459, 0x63A2, 0x0392, 0x82B2, 0x87FD, 0x82F4, 0xA2C2, 0x0392, 0x6369, 0xC171, 0x0000, 0x2010, 0x0008, 0x2008,
  0x4110, 0x6118, 0x2000, 0x0000, 0x0000, 0x0008, 0x0061, 0x0089, 0x0010, 0x0000, 0x0000, 0x4018, 0x4071, 0x4048, 0x0038, 0x0028,
  0x0000, 0x0000, 0x0000, 0x2100, 0x6210, 0x0000, 0x0000, 0x0000, 0x0000, 0x0000, 0xC320, 0xA220, 0x0339, 0xE138, 0xA228, 0xE230,
  0x6259, 0xA379, 0x6839, 0x6839, 0x6739, 0x4739, 0x6741, 0xE579, 0x6749, 0x4641, 0x4731, 0x4739, 0x0431, 0x2639, 0xC428, 0x2028,
  0x0018, 0x0028, 0x2030, 0x0030, 0x4038, 0x0018, 0x0000, 0xA030, 0x0282, 0xC128, 0xA572, 0x2541, 0x8659, 0xE579, 0xE489, 0x8469,
  0x8369, 0xE489, 0x8561, 0x0631, 0x0539, 0xC518, 0xE628, 0xC510, 0xE620, 0xA510, 0xC518, 0xA510, 0xE520, 0xC518, 0xC518, 0xC518,
  0xC520, 0xE520, 0x2539, 0xE528, 0x8461, 0xA471, 0xC381, 0xA469, 0xC479, 0xE481, 0xC379, 0xC479, 0x048A, 0xA471, 0xC479, 0xE389,
  0xE381, 0xE389, 0x43A2, 0xE381, 0x63A2, 0xC289, 0x2251, 0x82BA, 0xC379, 0x4359, 0x4459, 0x2441, 0xE430, 0x0539, 0x2449, 0xE438,
  0x0439, 0x0439, 0x6459, 0xA3B2, 0xE389, 0xC2C2, 0x48DC, 0x84CB, 0xC2C2, 0xC379, 0x8371, 0xA171, 0x0000, 0x2008, 0x0000, 0x2008,
  0x6118, 0x6118, 0x0000, 0x2008, 0x0008, 0x0000, 0x0000, 0xC048, 0x4018, 0x0000, 0x0000, 0x0008, 0x0059, 0x6048, 0x0038, 0x0028,
  0x0000, 0x0000, 0x0000, 0x0000, 0x4108, 0x0000, 0x0000, 0x0000, 0x0000, 0x0000, 0xA320, 0xA218, 0xE230, 0xC130, 0x8118, 0xE230,
  0x2151, 0x8271, 0x6739, 0x6839, 0x6741, 0x6649, 0x8751, 0x8751, 0x6749, 0x8749, 0x6741, 0x8659, 0x6110, 0xC238, 0x8048, 0x4048,
  0x0000, 0x0000, 0x0000, 0x0000, 0x0000, 0x0000, 0x0000, 0x2059, 0x019A, 0xE271, 0xE682, 0x6559, 0x8569, 0xA571, 0xA479, 0xC569,
  0x439A, 0x2492, 0x6549, 0x0631, 0xE520, 0xE620, 0x0621, 0xC518, 0xC518, 0xE520, 0x0621, 0xC518, 0xC518, 0xC518, 0xE520, 0xC520,
  0xE520, 0xE520, 0x8551, 0x6459, 0x8361, 0x83B2, 0x82E3, 0x82B2, 0xA469, 0x4451, 0x4449, 0x4451, 0x2441, 0x2441, 0x4449, 0x2449,
  0xA379, 0x43AA, 0x21D3, 0xC2C2, 0x038A, 0x0439, 0xE428, 0x6459, 0x4459, 0x0441, 0xE530, 0xE430, 0xE530, 0xE528, 0x4551, 0x6461,
  0x2449, 0x4449, 0xA369, 0x63A2, 0xE389, 0xA2B2, 0xA279, 0x0292, 0x43A2, 0x8371, 0x8369, 0x4159, 0x0000, 0x0008, 0x0008, 0x2008,
  0x6118, 0x4118, 0x0000, 0x0000, 0x0000, 0x0000, 0x0000, 0x0000, 0x6028, 0x0000, 0x0000, 0x0000, 0x4018, 0x0061, 0x6050, 0x0038,
  0x0000, 0x0000, 0x0000, 0x4108, 0x4108, 0x0000, 0x0000, 0x0000, 0x0000, 0x0000, 0x2008, 0x6110, 0x8218, 0x4110, 0x6118, 0xA120,
  0xA128, 0x2259, 0x8839, 0x6839, 0x8841, 0x8841, 0x8751, 0x8849, 0x2731, 0x4731, 0x6741, 0x6741, 0x4639, 0x4018, 0x6038, 0x0000,
  0x0000, 0x0000, 0x0000, 0x0000, 0x0000, 0x0000, 0x0000, 0x6030, 0x62AA, 0x84D3, 0x0583, 0x0539, 0x4649, 0x6651, 0x4641, 0xE481,
  0xE589, 0x6559, 0x2631, 0x2639, 0xE520, 0x2731, 0x0621, 0x0629, 0x0621, 0x0629, 0x2631, 0x0629, 0xE520, 0xE528, 0x0629, 0xE528,
  0xE530, 0x2641, 0x6459, 0xA469, 0xE389, 0x82E3, 0x87FD, 0x62DB, 0xC379, 0x6461, 0x6461, 0x8461, 0x2539, 0x6559, 0x2541, 0x4459,
  0xA379, 0x42D3, 0x45FD, 0x41DB, 0xC3B2, 0x2441, 0xE430, 0xE430, 0xC520, 0xC420, 0xE520, 0x0531, 0x2541, 0x8561, 0x8461, 0x6461,
  0xC471, 0xC469, 0x4449, 0x6461, 0x0482, 0xC379, 0x037A, 0xE389, 0xC479, 0x8461, 0x439A, 0x8028, 0x0000, 0x0000, 0x0000, 0x2008,
  0x6118, 0x2008, 0x0000, 0x0000, 0x0000, 0x0000, 0x0000, 0x0000, 0x0000, 0x2018, 0x0000, 0x0000, 0x0000, 0x2061, 0x8048, 0x0038,
  0x0000, 0x0000, 0x0000, 0x2000, 0x6210, 0x0000, 0x0000, 0x0000, 0x0000, 0x0000, 0xC320, 0xC328, 0xC228, 0xC138, 0xC230, 0xE238,
  0x2251, 0xE381, 0x8841, 0x8849, 0x8841, 0xA849, 0x6839, 0x6831, 0x8749, 0x8849, 0x6839, 0x6839, 0x8749, 0x2639, 0xA418, 0xC418,
  0x0000, 0x0000, 0x0000, 0x0000, 0x0000, 0x0000, 0x4020, 0x8089, 0x03C3, 0xA4D3, 0x4562, 0x2639, 0x4639, 0x0629, 0x8561, 0xA569,
  0xA561, 0x0629, 0x2631, 0x2631, 0xC510, 0xE620, 0xC518, 0xE620, 0x0621, 0xE620, 0xE518, 0xE620, 0x0621, 0xE520, 0xE520, 0xC518,
  0xC520, 0x0629, 0x2541, 0xA469, 0x0392, 0xE2DB, 0xCACC, 0x42DB, 0xC379, 0x4459, 0x4459, 0x0539, 0x0531, 0x0539, 0x2441, 0x2541,
  0xC381, 0xA2DB, 0xACE5, 0xC2E3, 0xA3AA, 0x0439, 0xC520, 0xE528, 0xA420, 0xC518, 0x0531, 0x4549, 0x4551, 0x6461, 0x8469, 0xA569,
  0x8461, 0xE528, 0xE438, 0x2549, 0x2441, 0x6459, 0x0441, 0x4459, 0x2449, 0x0441, 0x6392, 0xA030, 0x0000, 0x2008, 0x0008, 0x4110,
  0x8220, 0x4110, 0x0000, 0x0000, 0x0000, 0x0000, 0x6020, 0x8030, 0x0000, 0x0000, 0x0000, 0x0000, 0x0000, 0x0008, 0x0051, 0xC050,
  0x0000, 0x0000, 0x0000, 0x0000, 0x6210, 0x0000, 0x0000, 0x0000, 0x0000, 0x0000, 0x6210, 0x6210, 0xC228, 0xC230, 0xA228, 0xE238,
  0x2249, 0xE381, 0x8939, 0x8839, 0x6839, 0x6841, 0x4829, 0x6731, 0x6839, 0x4731, 0x4831, 0x4739, 0x6739, 0x2631, 0x8218, 0x4150,
  0x0018, 0x0008, 0x0000, 0x0000, 0x0000, 0x4048, 0xA078, 0xA068, 0x0049, 0x4249, 0x0629, 0x0631, 0x4739, 0x2631, 0x4641, 0x4649,
  0x2639, 0xE618, 0xE620, 0xE518, 0xE620, 0x0621, 0xE620, 0x0621, 0x0621, 0xE620, 0xE620, 0x0621, 0x0629, 0x0629, 0xE520, 0xC520,
  0xE520, 0xC420, 0x2539, 0x6461, 0xE481, 0x229A, 0x0251, 0x62AA, 0x238A, 0xE479, 0xE430, 0xC518, 0xE420, 0xA420, 0xE428, 0xE430,
  0x8469, 0xC2BA, 0x2179, 0x82B2, 0x2392, 0xC428, 0xC520, 0xC420, 0x8410, 0xE520, 0x0539, 0x2541, 0xA561, 0x8461, 0xC471, 0xE479,
  0x0531, 0xA518, 0xC420, 0xE520, 0xC420, 0xC320, 0xE428, 0xE428, 0xE428, 0x6549, 0x4392, 0x8028, 0x0000, 0x2008, 0x0008, 0x2008,
  0x6118, 0x2008, 0x0000, 0x0000, 0x0000, 0x0000, 0x4018, 0x2079, 0x0008, 0x0000, 0x0000, 0x0000, 0x0000, 0x0000, 0x2008, 0x2059,
  0x0000, 0x0000, 0x0000, 0x0000, 0x6210, 0x0000, 0x0000, 0x0000, 0x0000, 0x0000, 0xA318, 0x8218, 0xA220, 0x8120, 0x4010, 0xA120,
  0x0141, 0x8361, 0x8841, 0x6739, 0x8749, 0x6831, 0x6831, 0x6739, 0x8849, 0x6741, 0x6739, 0xE620, 0x8328, 0x2128, 0x0028, 0x2158,
  0x0148, 0x2148, 0x2148, 0x4178, 0x8180, 0x4060, 0x2050, 0x6070, 0x40A1, 0x2349, 0x4739, 0x4639, 0x0629, 0x8659, 0x8661, 0x8659,
  0x0629, 0x2639, 0x2729, 0x4639, 0x4741, 0x2731, 0x4739, 0x2629, 0x2631, 0x2729, 0x2731, 0x2631, 0x4641, 0x8649, 0x4641, 0x8559,
  0x2539, 0x8559, 0x4549, 0xA469, 0xC569, 0xA461, 0x0382, 0x2392, 0xE381, 0x6549, 0xE520, 0x2639, 0x8559, 0x6549, 0x8461, 0x8461,
  0xE379, 0x0382, 0xA361, 0xC469, 0xE520, 0xC520, 0xC520, 0xC518, 0x2541, 0x4551, 0xE579, 0xC571, 0x0582, 0xC471, 0xC471, 0x0439,
  0xC420, 0x2541, 0x8551, 0xA561, 0x6559, 0x8459, 0xA469, 0x4551, 0xE530, 0xE4B2, 0xC379, 0x6120, 0x0000, 0x2008, 0x2008, 0x4010,
  0x8220, 0x8120, 0x0000, 0x0000, 0x0000, 0x0000, 0x0000, 0x0069, 0x2081, 0x0000, 0x2018, 0x0000, 0x0000, 0x0000, 0x0000, 0x0000,
  0x0000, 0x0000, 0x0000, 0x0000, 0x2108, 0x0000, 0x0000, 0x0000, 0x0000, 0x0000, 0x4108, 0x6130, 0x8160, 0x6160, 0x6168, 0x6168,
  0x8168, 0x6150, 0xA310, 0x8310, 0xA318, 0x2729, 0x6831, 0x4829, 0x2629, 0xA310, 0x8318, 0x2150, 0x2150, 0x0030, 0x0010, 0x0138,
  0x2158, 0x4178, 0x4160, 0x2038, 0x2038, 0x4058, 0x6090, 0x6050, 0xA050, 0xA040, 0x0629, 0x4731, 0x2631, 0x6651, 0x8649, 0x2631,
  0xE618, 0xE618, 0x0621, 0x0621, 0x0619, 0xE618, 0x0619, 0x0621, 0x0619, 0x0619, 0xE618, 0xE618, 0xE618, 0xE618, 0x0629, 0xE620,
  0xC518, 0xE520, 0xE528, 0x0531, 0xC520, 0x8459, 0xE479, 0x0482, 0xA461, 0xE520, 0x0621, 0x2631, 0x2539, 0x0531, 0x0531, 0x0431,
  0xC371, 0x0382, 0x047A, 0xE518, 0xE520, 0xC520, 0xA410, 0xC518, 0x0531, 0x0531, 0x0539, 0x0539, 0x2441, 0x0539, 0x2541, 0xC518,
  0xC520, 0x2539, 0x0539, 0x2541, 0x2539, 0x0531, 0x0531, 0xC420, 0x4451, 0xC571, 0x4451, 0x6020, 0x0000, 0x4018, 0x2010, 0x4110,
  0xA220, 0x6118, 0x0000, 0x0008, 0x4028, 0x0000, 0x0000, 0x2079, 0x20BA, 0x4020, 0x0000, 0x0000, 0x0000, 0x0000, 0x0000, 0x0000,
  0x0000, 0x0000, 0x0000, 0x0000, 0x4208, 0x0000, 0x0000, 0x0008, 0x2020, 0x4150, 0x4268, 0x6270, 0x6270, 0x6270, 0x8288, 0x4278,
  0x8188, 0xA198, 0x8190, 0x8190, 0x8190, 0x4140, 0x4128, 0x4128, 0x4130, 0x6178, 0x2158, 0x2150, 0x0028, 0x2150, 0x2148, 0x0018,
  0x0020, 0x0018, 0x2020, 0x4160, 0x6178, 0x4060, 0x0018, 0x4151, 0x45AB, 0x6CDD, 0xC762, 0x0629, 0x8651, 0x8749, 0x6741, 0x0621,
  0x0621, 0x2731, 0x2631, 0x2731, 0x2729, 0x2729, 0x2729, 0x2729, 0x2729, 0x4731, 0x4731, 0x6641, 0x4739, 0x8651, 0x2631, 0x4641,
  0x2539, 0x6549, 0x2531, 0x2539, 0x8551, 0x2482, 0x248A, 0x0482, 0xE520, 0xC518, 0xE518, 0xE520, 0xE520, 0x0529, 0x0629, 0x6492,
  0x4492, 0x6492, 0x2439, 0xC518, 0xC518, 0xA510, 0xC518, 0x0539, 0x6551, 0xA561, 0xA569, 0xE579, 0xA469, 0xC569, 0xE520, 0xC518,
  0x0531, 0xE528, 0xC420, 0xE528, 0xC520, 0xC520, 0xC518, 0x6549, 0x448A, 0x057A, 0xE238, 0x4018, 0x0000, 0x2010, 0x0000, 0x0000,
  0x2000, 0x0000, 0x0000, 0x0000, 0x0000, 0xE060, 0xE058, 0xC0DA, 0x00BA, 0x6028, 0x0000, 0x0000, 0x0000, 0x0000, 0x0000, 0x0000,
  0x0000, 0x0000, 0x0000, 0x0000, 0x2100, 0x0000, 0x2038, 0x0069, 0x6199, 0x8280, 0x8278, 0x4270, 0x4270, 0x4270, 0x4268, 0x4268,
  0x4268, 0x4268, 0x4268, 0x4268, 0x6280, 0x6280, 0x6280, 0x4270, 0x4258, 0x2148, 0x2150, 0x4160, 0x4270, 0x4170, 0x2158, 0x0030,
  0x0030, 0x4158, 0x4270, 0x6178, 0x4058, 0x2048, 0x8028, 0x26A3, 0x45BB, 0x88DC, 0x8DD5, 0xE428, 0x8741, 0x6741, 0x2729, 0x0721,
  0x2729, 0x4739, 0x2731, 0x2729, 0x2721, 0x2729, 0x2729, 0x2729, 0x2621, 0x2629, 0x0621, 0x0629, 0x0621, 0x2629, 0xE618, 0xE520,
  0xC518, 0xE518, 0xA510, 0x0629, 0xC569, 0xE571, 0xC571, 0x6549, 0xC510, 0xE518, 0xE528, 0x0531, 0x2531, 0x2631, 0x6551, 0xE579,
  0xC571, 0x6559, 0xC518, 0xC520, 0xC518, 0xA518, 0x0629, 0x2539, 0x6559, 0x8561, 0x8561, 0x8561, 0x6459, 0x0539, 0x2449, 0x2449,
  0x8561, 0x6559, 0x6451, 0x4449, 0x6459, 0x2541, 0x2539, 0x0582, 0xE579, 0x6551, 0x8318, 0x6028, 0x0000, 0x2018, 0x2008, 0x2008,
  0x8120, 0x4018, 0x0000, 0x0008, 0x2010, 0xA0A9, 0xA0DA, 0x20EB, 0x6030, 0x0000, 0x0000, 0x0008, 0x0000, 0x0000, 0x0000, 0x0000,
  0x0000, 0x0000, 0x0000, 0x0000, 0x2008, 0x4071, 0x62AA, 0x4181, 0x4189, 0x22AA, 0x0289, 0x6278, 0x4270, 0x4270, 0x4268, 0x4268,
  0x4268, 0x4268, 0x6268, 0x6268, 0x6268, 0x6260, 0x4250, 0x4250, 0x6260, 0x4268, 0x4278, 0x4260, 0x2150, 0x0028, 0x0028, 0x4158,
  0x4270, 0x6178, 0xE190, 0x6058, 0x0030, 0x2048, 0x4251, 0xC371, 0xE5AA, 0x07CC, 0xCBC4, 0xC420, 0x4739, 0x2731, 0x0719, 0x2721,
  0x2729, 0x2721, 0x2621, 0x2721, 0x2721, 0x2729, 0x0621, 0x2721, 0x4731, 0x4731, 0x0621, 0x2731, 0x2731, 0x4731, 0x2631, 0x2639,
  0x2639, 0x2639, 0x2631, 0x6549, 0x8559, 0x8559, 0x6551, 0xC518, 0xC510, 0x0629, 0x4639, 0x4639, 0x4641, 0x2639, 0x4449, 0x8559,
  0x6451, 0xC520, 0xC518, 0xC518, 0xC518, 0xE520, 0x2639, 0x2539, 0x4541, 0x6551, 0x4549, 0x4549, 0x2549, 0x2449, 0x6459, 0x4451,
  0x6459, 0x6461, 0x6459, 0x2449, 0x4451, 0x2539, 0x6549, 0x6551, 0x6551, 0x2631, 0x8210, 0xC038, 0x0000, 0x6028, 0x4010, 0x4010,
  0xA130, 0x6020, 0x0000, 0x0010, 0xC0A1, 0x00EB, 0x40EB, 0x6081, 0x0008, 0x0000, 0x2018, 0x0008, 0x0000, 0x0000, 0x0000, 0x0000,
  0x0000, 0x0000, 0x0000, 0x0000, 0x4038, 0x6030, 0x0049, 0x82B2, 0xC199, 0x8291, 0x8291, 0xE188, 0x6268, 0x4260, 0x4258, 0x6268,
  0x6268, 0x6268, 0x8270, 0x8270, 0x6270, 0x4270, 0x6270, 0x4270, 0x6270, 0x4158, 0x2148, 0x2130, 0x2138, 0x4158, 0x4270, 0x6270,
  0x8178, 0x6191, 0x6050, 0x0020, 0x0060, 0x4028, 0x4382, 0x0149, 0x639A, 0x08C4, 0xEBD4, 0x8441, 0x4739, 0x4739, 0x2731, 0x4739,
  0x4831, 0x6739, 0x4731, 0x4729, 0x2729, 0x4731, 0x2729, 0x0572, 0x4731, 0x2729, 0x4631, 0x2721, 0x0621, 0x0621, 0xE618, 0x0621,
  0xE620, 0xE518, 0xE620, 0x4541, 0x6549, 0x6549, 0x4641, 0xE610, 0xE518, 0x0621, 0x0629, 0x2629, 0x0629, 0x2531, 0x4549, 0x4549,
  0x4549, 0xC510, 0xE520, 0xA510, 0xE520, 0x2639, 0x4639, 0x4641, 0x6549, 0x4451, 0x6551, 0x6459, 0x8479, 0x6461, 0xC479, 0xC479,
  0x0492, 0xC389, 0x8471, 0x4451, 0x6479, 0x6461, 0x8561, 0x8559, 0x8561, 0x2631, 0x8210, 0xA030, 0x0000, 0xA040, 0x6020, 0x4018,
  0xA130, 0x8030, 0x0008, 0x0010, 0xC0A9, 0x80F3, 0x00F4, 0x60D2, 0x2018, 0x2010, 0xA050, 0x0008, 0x0000, 0x0000, 0x0000, 0x0000,
  0x0000, 0x0000, 0x0000, 0x0000, 0x2100, 0x0000, 0x0000, 0x6018, 0x419A, 0x8199, 0xC291, 0x6189, 0x2160, 0xC278, 0xA278, 0x6278,
  0x4150, 0x4150, 0x0171, 0xC181, 0xE2B1, 0xA1A9, 0x6180, 0x6178, 0x6278, 0x6278, 0x6278, 0x6270, 0x6278, 0x6270, 0x6278, 0x6199,
  0x8181, 0x2010, 0x0028, 0x2058, 0x2040, 0xA351, 0xA782, 0x8028, 0xA271, 0x0151, 0xC2B2, 0xE251, 0xC610, 0xC608, 0xE610, 0xE718,
  0x0719, 0x2721, 0x0721, 0xE618, 0x0621, 0x2629, 0xC510, 0x0441, 0x2629, 0x4731, 0x0629, 0x2731, 0x4731, 0x2729, 0x4731, 0x4731,
  0x4731, 0x2729, 0xA659, 0xC661, 0xE669, 0xE669, 0x2621, 0xE618, 0x4639, 0x6641, 0x4641, 0x2639, 0x2639, 0xC569, 0xC669, 0xA661,
  0x2639, 0xE620, 0xE618, 0x4639, 0x8651, 0xA659, 0x8659, 0xA669, 0xE581, 0x0582, 0xE581, 0xC491, 0x23A2, 0xE491, 0x2492, 0xE389,
  0xC4AA, 0x83AA, 0xE391, 0xA479, 0x63B2, 0x239A, 0x249A, 0x048A, 0x6651, 0x4649, 0xA320, 0xA030, 0x0000, 0x8038, 0x6020, 0x4018,
  0x8020, 0x8030, 0x2010, 0x8040, 0x2018, 0x40BA, 0xE0FC, 0x20F4, 0xE0B1, 0x6030, 0xE068, 0x0008, 0x0008, 0x0000, 0x0000, 0x0000,
  0x0000, 0x0000, 0x0000, 0x0000, 0x2100, 0x0000, 0x0000, 0x0000, 0x8161, 0xC1A9, 0x41AA, 0xA170, 0xE199, 0x4189, 0x4038, 0x2028,
  0x0028, 0x0020, 0x0020, 0x0018, 0x2028, 0x0079, 0x22B2, 0x4291, 0xC188, 0x2289, 0x6278, 0x6270, 0xA278, 0x2189, 0xE1A1, 0x8030,
  0x0010, 0x0020, 0x2050, 0x2060, 0xC138, 0x867A, 0x6993, 0x6349, 0xC040, 0xA089, 0xC2BA, 0x418A, 0x8408, 0x4A11, 0x4911, 0x4911,
  0x4911, 0x2911, 0x0809, 0xE708, 0xE708, 0xC608, 0x6300, 0xA320, 0xC510, 0xE710, 0xE420, 0xC508, 0xC610, 0xE710, 0xC610, 0xC510,
  0xE610, 0x0721, 0x0621, 0x2629, 0x2629, 0x0621, 0xE518, 0x0621, 0x0621, 0x0621, 0xE618, 0x0621, 0x2631, 0x2631, 0x2639, 0x2629,
  0xE518, 0xC518, 0x2631, 0x4639, 0x4641, 0x4649, 0x4549, 0x8559, 0xC579, 0xE481, 0x039A, 0xC2C2, 0xA2E3, 0x43A2, 0x83B2, 0xA3B2,
  0x0493, 0x4449, 0x43A2, 0x43A2, 0x21E3, 0x43AA, 0x048A, 0xA571, 0x6559, 0x2639, 0x8218, 0xA038, 0x0000, 0x8038, 0x4020, 0x4018,
  0x8020, 0xA038, 0x2018, 0xE078, 0x8038, 0xE0B9, 0xE2FC, 0x63FD, 0x60E3, 0xE060, 0xC0B9, 0x6028, 0x0008, 0x0000, 0x0000, 0x0000,
  0x0000, 0x0000, 0x0000, 0x0000, 0x0000, 0x0000, 0x0000, 0x0000, 0xC050, 0x41AA, 0x22A2, 0x21B2, 0xA048, 0x0018, 0x2058, 0x0038,
  0x0030, 0x0030, 0x0030, 0x0020, 0x0028, 0x0018, 0x2038, 0x21A2, 0xE1A9, 0xA199, 0xC280, 0xE1A1, 0x42BA, 0x2161, 0x0010, 0x0008,
  0x0028, 0x0048, 0x2070, 0x2018, 0xE238, 0x056A, 0x8672, 0xE782, 0x6020, 0x2069, 0xA038, 0x408A, 0xC259, 0x0711, 0x4821, 0xE651,
  0xA649, 0x4919, 0x6921, 0x8408, 0x2631, 0xE610, 0x6408, 0x2439, 0xE420, 0xE618, 0xC518, 0x6819, 0x4819, 0x4721, 0x4819, 0x0711,
  0x4729, 0x2719, 0x2619, 0x4721, 0x0619, 0x0619, 0xE610, 0xE610, 0xE610, 0x0619, 0x2631, 0x6649, 0x8649, 0x8651, 0x8659, 0x4641,
  0x6549, 0x6549, 0x6549, 0xA559, 0x8559, 0x6551, 0x8559, 0xC569, 0x0482, 0x8461, 0x239A, 0x26DC, 0x6DFE, 0xE2C2, 0xC3DB, 0x63A2,
  0x0531, 0xE430, 0xC471, 0xE2E3, 0xA5FD, 0x02F4, 0x2492, 0xC479, 0x6559, 0x4649, 0xA328, 0xA030, 0x0000, 0xC040, 0x8030, 0x6020,
  0xE148, 0xC140, 0x2010, 0x80CA, 0x60D2, 0x40EB, 0x24F5, 0x88FE, 0xE0F3, 0xE0E2, 0x20DA, 0xA058, 0x0008, 0x0000, 0x0000, 0x0000,
  0x6300, 0xA408, 0x8408, 0x6208, 0x2000, 0x0000, 0x0000, 0x0000, 0x0008, 0xE189, 0xC171, 0x2010, 0x0100, 0x2108, 0x0008, 0xE060,
  0x2058, 0x0040, 0x0048, 0x4048, 0x2040, 0x0020, 0x0018, 0x2010, 0xE040, 0x019A, 0x0192, 0xC179, 0x4020, 0x2010, 0xE618, 0x0000,
  0x0008, 0x0020, 0x0038, 0x0010, 0x2018, 0x2018, 0x4018, 0xC130, 0x2010, 0x2008, 0x6028, 0x6020, 0xC081, 0x8351, 0x4729, 0xE6BB,
  0xE4A2, 0x4839, 0x6919, 0xA508, 0x4200, 0x8410, 0xC518, 0x6308, 0x6308, 0x6308, 0x6308, 0xE430, 0x0431, 0x8310, 0x6829, 0xE949,
  0xE849, 0xE849, 0x686A, 0xC882, 0x679B, 0x088B, 0x686A, 0xC849, 0xA929, 0x8921, 0x0711, 0xE610, 0xE618, 0xE618, 0xE618, 0xE620,
  0x0631, 0x4639, 0x4641, 0x6549, 0x6551, 0x8561, 0xE579, 0x058A, 0x248A, 0x639A, 0x2392, 0xC389, 0x63AA, 0xE289, 0x03C3, 0x8361,
  0x0539, 0x0539, 0xA371, 0x63C3, 0x0EEE, 0xE3B2, 0x048A, 0x8561, 0xC571, 0x6549, 0xA228, 0xE040, 0x0000, 0xC040, 0x8038, 0x6020,
  0xE140, 0xC048, 0x6089, 0x20F3, 0x00F4, 0xA1FC, 0xD1FE, 0xCDFE, 0xE1FC, 0x60F4, 0x60EB, 0xE0B9, 0x0008, 0x0008, 0x0000, 0x0000,
  0x4200, 0x4200, 0x8408, 0xA508, 0xC508, 0x6308, 0x0000, 0x0000, 0x0000, 0x4028, 0x0000, 0x2100, 0x4200, 0x4208, 0x4208, 0x0008,
  0xC060, 0x0079, 0x8068, 0xC078, 0x0028, 0x0030, 0x0028, 0x0020, 0x0010, 0x0000, 0x4200, 0xA120, 0x0339, 0x4210, 0xA508, 0x0018,
  0x0020, 0x0020, 0x0020, 0x0018, 0x2028, 0x2020, 0x2020, 0xE048, 0x2018, 0x0000, 0xA040, 0x6069, 0x80AA, 0x217A, 0xE518, 0xC561,
  0x6549, 0x2821, 0x2819, 0x0719, 0x6400, 0x4300, 0x4300, 0x6308, 0x8408, 0x6308, 0x6310, 0x4308, 0x4300, 0xE518, 0x6731, 0x8741,
  0x0562, 0x6829, 0x2719, 0x2721, 0x8839, 0x6641, 0x8651, 0x6739, 0x4731, 0x4821, 0x4821, 0x4821, 0x4829, 0x4721, 0x2721, 0x4721,
  0x0619, 0x0711, 0x0719, 0xA508, 0xC610, 0xC610, 0xC510, 0xE518, 0xE528, 0x0531, 0x6551, 0x4451, 0xC471, 0x8559, 0x4451, 0x2449,
  0x4551, 0x8561, 0x6459, 0x2351, 0xC2A1, 0x2351, 0xE479, 0xE579, 0xA569, 0xA561, 0xA228, 0x8030, 0x0000, 0xC048, 0x6030, 0x8020,
  0xC138, 0xA040, 0xA0A1, 0xC0F3, 0x21FD, 0x6AFE, 0x34FF, 0xADFE, 0x08FE, 0x41FD, 0x00F4, 0x60D2, 0x0008, 0x0008, 0x0000, 0x0000,
  0x2100, 0x4200, 0x2100, 0x6308, 0x6308, 0x8408, 0xA408, 0x0000, 0x2100, 0x2100, 0x2100, 0x2200, 0x4208, 0x4208, 0x6208, 0x4208,
  0x6030, 0x6089, 0x0079, 0x0038, 0x0048, 0x0038, 0x0030, 0x0110, 0x8318, 0x6829, 0xC410, 0xC228, 0xE420, 0xC510, 0x0000, 0x0030,
  0x0048, 0x0048, 0x2010, 0x6341, 0x2331, 0xE559, 0x046A, 0xC682, 0xA159, 0x2041, 0x8030, 0x2061, 0x4069, 0x0082, 0x0131, 0x657A,
  0x066A, 0x4829, 0x4A19, 0xAB29, 0x0809, 0x6400, 0x4300, 0x6400, 0x8400, 0x6300, 0x6300, 0x6300, 0xA418, 0xA841, 0x8839, 0x458A,
  0xC4AA, 0xE579, 0x4739, 0x4721, 0x8749, 0x4592, 0x05CC, 0x658A, 0x6739, 0x2721, 0x2719, 0x4829, 0x6821, 0x4831, 0x2721, 0x4729,
  0x4829, 0x0629, 0x2621, 0x0441, 0x4821, 0x4821, 0x2729, 0x2729, 0x2821, 0xC510, 0xA410, 0xA408, 0xA510, 0xA510, 0xA510, 0xC518,
  0xE520, 0xE520, 0x0531, 0x0531, 0x2539, 0x0531, 0x0631, 0x0629, 0xE628, 0x0629, 0x8318, 0x6028, 0x0000, 0xC050, 0x6020, 0x6018,
  0x8128, 0x8038, 0x0081, 0xC0F3, 0x83FD, 0x13FF, 0x35FF, 0x12FF, 0xF2FE, 0xA4FD, 0xE0F3, 0x0079, 0x0008, 0x0008, 0x0000, 0x0000,
  0x0000, 0x0100, 0x2100, 0x2100, 0x0000, 0x2200, 0x4200, 0x2100, 0x0000, 0x0000, 0x0000, 0x0000, 0x2100, 0x6210, 0x2100, 0x4108,
  0x4208, 0x0010, 0x2048, 0x2050, 0x0040, 0x0028, 0x4208, 0x0619, 0xE861, 0x4449, 0x2251, 0x8551, 0x2629, 0x2010, 0x0030, 0x0040,
  0x0060, 0x6138, 0x0239, 0x2662, 0x4762, 0xA87A, 0xC682, 0xC8AB, 0xE130, 0xC079, 0xA030, 0x6020, 0x6028, 0x8030, 0x43BB, 0x045A,
  0x2631, 0x6921, 0x4819, 0xE708, 0x8500, 0xA600, 0xC608, 0x8400, 0x8500, 0xA500, 0xC608, 0xA500, 0xA500, 0x0621, 0xA749, 0x4582,
  0xE4AA, 0x6549, 0x4731, 0x2729, 0x2629, 0xC661, 0xC3BA, 0x8559, 0x2629, 0x2719, 0x0719, 0x0711, 0x0719, 0x0721, 0x8410, 0xE430,
  0xE520, 0xC418, 0xA310, 0x8310, 0xC520, 0x8408, 0x4731, 0x4729, 0x6739, 0x6649, 0x4639, 0xA559, 0xA47A, 0x4639, 0x2721, 0x0621,
  0xC510, 0xC518, 0xC608, 0xA508, 0xA508, 0xA508, 0xC510, 0xA510, 0xC510, 0xA510, 0x6208, 0x8030, 0x0008, 0x6028, 0x4018, 0x4010,
  0xA130, 0x6020, 0x2008, 0xC0A9, 0x20F4, 0x68FE, 0x34FF, 0x35FF, 0x27FE, 0x00FD, 0x20B2, 0x4018, 0x0008, 0x0000, 0x0000, 0x0000,
  0x0000, 0x0000, 0x0000, 0x0000, 0x0000, 0x0000, 0x0000, 0x2100, 0x0000, 0x0000, 0x0000, 0x0000, 0x2100, 0x8218, 0x4108, 0x4208,
  0x4208, 0x2100, 0x2008, 0x2008, 0x2008, 0x8308, 0x6A21, 0x6929, 0x4682, 0xC418, 0x6261, 0xC418, 0x2010, 0x0040, 0x2060, 0x2058,
  0x4030, 0x8351, 0xA77A, 0x4762, 0x2662, 0xE882, 0xA99B, 0x08B4, 0x4151, 0x628A, 0x4239, 0xE048, 0x6028, 0x219A, 0x23CB, 0x24D4,
  0x4239, 0x4829, 0x4911, 0x0811, 0x4911, 0xC708, 0xA508, 0xC500, 0xC608, 0x0711, 0x0611, 0x0621, 0xE710, 0x0629, 0x8651, 0x659A,
  0x43C3, 0xC571, 0x2729, 0x2729, 0x6649, 0x258A, 0x66D4, 0x6492, 0x6749, 0x2721, 0x0719, 0x0719, 0x0719, 0x2729, 0xE618, 0x4200,
  0x6308, 0x0339, 0x8220, 0x0249, 0x2341, 0x6308, 0xA410, 0x0531, 0xE338, 0x6308, 0x4739, 0xA659, 0xA5AB, 0x8749, 0x4641, 0xC569,
  0xA49A, 0xC59A, 0x6551, 0x4731, 0xC559, 0x4631, 0x0719, 0x0621, 0x0719, 0xA508, 0x6208, 0x4010, 0x0000, 0x2010, 0x0000, 0x0000,
  0x6020, 0x008A, 0x809A, 0x20AA, 0xC0BA, 0x20CB, 0x63CC, 0xA3C3, 0x00C3, 0x40BA, 0xE0A1, 0xA091, 0x0071, 0x2018, 0x0000, 0x0000,
  0x0000, 0x0000, 0x0000, 0x0000, 0x0000, 0x0000, 0x0100, 0x0000, 0x0000, 0x0000, 0x2100, 0x2100, 0x0000, 0x2000, 0x2000, 0x0000,
  0x0000, 0x6210, 0x6310, 0xC320, 0x4349, 0x0521, 0x8A21, 0x6921, 0xA749, 0xE518, 0xE328, 0x4110, 0x0020, 0x2048, 0x4060, 0x8138,
  0x6349, 0x8672, 0xC97A, 0x476A, 0xC77A, 0x8993, 0xA99B, 0xE361, 0x6069, 0x8449, 0x0CCD, 0x0229, 0x6220, 0x4071, 0xA2B2, 0x24D4,
  0x8239, 0x2819, 0x4919, 0x0809, 0xE710, 0x0811, 0x6731, 0x0721, 0x2819, 0x0629, 0x2729, 0xC751, 0x6641, 0x8749, 0xE579, 0x03BB,
  0x05ED, 0x249A, 0x4641, 0x2729, 0x6739, 0xA561, 0xA3AA, 0x257A, 0x4739, 0x0621, 0x0719, 0x2821, 0x2821, 0x2821, 0x2729, 0xC518,
  0x2200, 0x4200, 0x6308, 0x6308, 0x6310, 0x8418, 0x6308, 0x6300, 0x4200, 0x8410, 0x4729, 0xA651, 0x8492, 0x6739, 0x2631, 0x6551,
  0x64BB, 0x24DC, 0xE330, 0xE520, 0x4582, 0x8651, 0xA410, 0x2529, 0x0719, 0x4821, 0xA410, 0xA038, 0x0000, 0x8038, 0x4018, 0x6020,
  0x0149, 0x0000, 0x0008, 0x0008, 0x0008, 0x2020, 0x4020, 0x2018, 0x2018, 0x0010, 0x0000, 0x0000, 0x0000, 0x4020, 0x0008, 0x0000,
  0x0000, 0x0000, 0x2100, 0x2100, 0x0000, 0x2100, 0x4200, 0x6308, 0x0000, 0x0000, 0x4208, 0x2100, 0x4208, 0x6210, 0x6108, 0xA318,
  0x6210, 0x8310, 0x8310, 0x8310, 0x8359, 0xE230, 0x2911, 0x4919, 0xE859, 0x2819, 0x4110, 0x6030, 0x6038, 0x0008, 0x2008, 0xA451,
  0x867A, 0xE982, 0xA872, 0x2662, 0x8A93, 0x89A3, 0xE269, 0x4010, 0x4341, 0xAA9B, 0xEFED, 0x0ACD, 0xA310, 0xC330, 0xC040, 0x6282,
  0x4331, 0x2819, 0xE710, 0xC600, 0xC608, 0xE708, 0x2719, 0x2821, 0xE610, 0x0619, 0x2719, 0x6731, 0x6639, 0x4829, 0x6641, 0xC569,
  0x4482, 0x4541, 0x2721, 0x2719, 0x8651, 0x6492, 0xC7DC, 0x649A, 0x6649, 0x2719, 0x0711, 0xE608, 0x0711, 0x8831, 0x475A, 0x6631,
  0x8500, 0x6400, 0x8500, 0x8500, 0x8400, 0x4300, 0x4300, 0x4300, 0x8500, 0x6831, 0x4821, 0x4729, 0xA659, 0x0619, 0x2721, 0x8649,
  0xA3AA, 0xE3BA, 0x6459, 0x8400, 0xA410, 0xC418, 0x8408, 0xA408, 0x8408, 0xE528, 0x6210, 0x8028, 0x0000, 0x6028, 0x6020, 0xC140,
  0x0149, 0x8020, 0x2008, 0x2010, 0x6028, 0x6030, 0x2010, 0x2020, 0x2010, 0x2010, 0x0008, 0x0000, 0x2008, 0x4020, 0x2010, 0x0000,
  0x0000, 0x0000, 0x0000, 0x2100, 0x0000, 0x2200, 0x2100, 0x4200, 0x0000, 0x0000, 0x0000, 0x0000, 0x4208, 0x4108, 0x2000, 0x8318,
  0x8210, 0x6210, 0x6210, 0xA318, 0xE238, 0xC228, 0x2911, 0x6A21, 0x4739, 0x4110, 0x8040, 0x6028, 0x0000, 0x2008, 0x2341, 0xC228,
  0x2339, 0x2662, 0x288B, 0xA77A, 0xA772, 0x2141, 0x2008, 0x8449, 0xA77A, 0xCA9B, 0x2DD5, 0x50F6, 0xC862, 0xC508, 0xE238, 0x0139,
  0x8551, 0x6921, 0x4919, 0xE708, 0x0811, 0x2821, 0x6831, 0x6641, 0x2821, 0x4739, 0x2729, 0x8659, 0xE671, 0x6739, 0x8659, 0xA4A2,
  0x44D4, 0xA471, 0x4731, 0x4829, 0x2729, 0xE571, 0x26C4, 0x0482, 0x6641, 0x4829, 0x2819, 0x2811, 0x2811, 0x0819, 0x2721, 0xA508,
  0xA608, 0xA508, 0xC510, 0x4721, 0x8641, 0xC610, 0xC608, 0xA508, 0xC608, 0xC608, 0x2821, 0x4739, 0x0672, 0x2721, 0x2721, 0x8651,
  0x24B3, 0xA3CB, 0xC579, 0xA410, 0x6300, 0x6400, 0x8410, 0xA408, 0xA510, 0x8408, 0x2100, 0x8030, 0x0000, 0x4018, 0x2010, 0x8130,
  0x0149, 0x0149, 0x2008, 0x0000, 0x0000, 0x4020, 0x0008, 0x0000, 0x0000, 0x0000, 0x0000, 0x0000, 0x8028, 0x8028, 0x0000, 0x0000,
  0x0000, 0x0000, 0x0000, 0x2100, 0x0000, 0x0000, 0x0000, 0x0000, 0x0000, 0x0000, 0x0000, 0x0000, 0x0000, 0x0000, 0x0000, 0x4108,
  0x0000, 0x4108, 0x0000, 0x4108, 0x6118, 0xA220, 0x2919, 0x0811, 0x4118, 0x6038, 0x4020, 0x2000, 0x2000, 0xE230, 0xE559, 0x676A,
  0xC551, 0xC128, 0x4241, 0x8218, 0x8308, 0x6200, 0x4010, 0x6349, 0x8449, 0xE97A, 0x8CBC, 0xAEE5, 0xCEDD, 0xA508, 0x2919, 0x8749,
  0x6839, 0x0811, 0x0809, 0xC708, 0xE708, 0xE710, 0x2731, 0x248A, 0x4821, 0x0719, 0x2829, 0x4582, 0xA582, 0x4731, 0x8749, 0x2582,
  0xA3A2, 0x4641, 0x2721, 0x0719, 0x2729, 0x6649, 0xA49A, 0x8551, 0x2721, 0xC510, 0xE610, 0x0811, 0xE708, 0xE708, 0x2821, 0xE710,
  0xC710, 0x2811, 0x2719, 0x0529, 0xC371, 0x0621, 0xE608, 0xA508, 0xC608, 0xE608, 0x2719, 0x2629, 0x6649, 0x4829, 0x4831, 0x6651,
  0xC5C3, 0x45DC, 0xA561, 0x4639, 0x8500, 0x8500, 0x6400, 0x6400, 0x8400, 0x8500, 0x4200, 0x4018, 0x0000, 0x4018, 0x0008, 0x4010,
  0x8128, 0xC138, 0xC138, 0x2008, 0x0000, 0x0000, 0x0000, 0x0000, 0x0000, 0x0000, 0x0000, 0x6018, 0x2010, 0x0008, 0x0000, 0x0000,
  0x0000, 0x0000, 0x0000, 0x0000, 0x0000, 0x0000, 0x0000, 0x0000, 0x0000, 0x0000, 0x0000, 0x0000, 0x2100, 0x4208, 0x0000, 0x4108,
  0x6110, 0x8218, 0x8218, 0x8310, 0x2441, 0xA371, 0xA508, 0x2149, 0x4020, 0x4018, 0x2100, 0x8400, 0xE228, 0xC559, 0x676A, 0xC87A,
  0x466A, 0x8582, 0xA47A, 0xC610, 0x0811, 0x0809, 0x6208, 0x6349, 0xC872, 0x0BAC, 0xCCC4, 0xABBC, 0xCFDD, 0x8408, 0x0811, 0x8839,
  0x4829, 0x0809, 0xE708, 0x0809, 0x0811, 0x2831, 0x4492, 0x44CB, 0x8649, 0x4821, 0x2729, 0x447A, 0xE68A, 0x6831, 0x8751, 0xC571,
  0xE4AA, 0x8751, 0x0719, 0x0721, 0x0719, 0x6641, 0x0482, 0x8749, 0x0719, 0x4208, 0x8408, 0xA508, 0xC608, 0xE708, 0xE808, 0xE708,
  0xE710, 0xE710, 0x0711, 0x6392, 0x22EC, 0x8551, 0xE710, 0xC608, 0x0711, 0xE710, 0x0711, 0x2729, 0x4639, 0x0719, 0x0719, 0x4739,
  0x4492, 0x63A2, 0xA651, 0xC618, 0xA508, 0xC610, 0xC608, 0xC608, 0xC708, 0xC608, 0x6300, 0x4010, 0x0000, 0x0008, 0x6018, 0x8020,
  0x4010, 0x2008, 0x2008, 0x4010, 0x6118, 0x0000, 0x0000, 0x0000, 0x0000, 0x0000, 0x0000, 0x0000, 0x4108, 0x0000, 0x0000, 0x0000,
  0x0000, 0x0000, 0x0000, 0x0000, 0x0000, 0x0000, 0x0000, 0x0000, 0x0000, 0x0000, 0x0000, 0x0000, 0x0000, 0x2108, 0x0000, 0x2108,
  0x4110, 0xA220, 0x4108, 0x6210, 0xA320, 0x6451, 0x6018, 0xA079, 0x8030, 0x4300, 0xE808, 0xA508, 0x8118, 0x8118, 0x8441, 0x8772,
  0x867A, 0xE7B3, 0x6439, 0xE808, 0x0811, 0x0811, 0x8210, 0x256A, 0x6762, 0xC549, 0x4339, 0x488B, 0xA359, 0xC608, 0x2911, 0x4929,
  0x6929, 0x0809, 0xE708, 0xE708, 0x0811, 0x2831, 0x648A, 0xE7BB, 0x4641, 0x2821, 0x0719, 0xC661, 0xC569, 0x4729, 0x4731, 0xC661,
  0x25A3, 0x4641, 0xE718, 0xE710, 0x0721, 0x8651, 0xE492, 0xC669, 0x0729, 0x6300, 0x2200, 0x6308, 0x6308, 0x4300, 0xA508, 0xC608,
  0x0811, 0x0711, 0xE708, 0x05BC, 0x2CF6, 0xC459, 0x0719, 0xE708, 0xE708, 0xC608, 0xE708, 0x0719, 0x2631, 0xE618, 0xE610, 0x2631,
  0xC4AA, 0x04BB, 0x6641, 0xE618, 0x0719, 0x0711, 0x0711, 0xE708, 0xC608, 0x8500, 0x2100, 0x2010, 0x0000, 0x0000, 0x628A, 0x03AB,
  0x629A, 0x4251, 0x6210, 0x2100, 0x4110, 0x2010, 0x0000, 0x0000, 0x0000, 0x0000, 0x0000, 0x0000, 0x0000, 0x2100, 0x8220, 0xA220,
  0x0000, 0x0000, 0x0000, 0x0000, 0x0000, 0x0000, 0x0000, 0x0000, 0x0000, 0x2100, 0x2100, 0x2100, 0x4100, 0x2100, 0x0000, 0x2108,
  0x2000, 0x6218, 0x4108, 0x4208, 0x6210, 0x2441, 0x8408, 0x6018, 0x4200, 0xE808, 0x0811, 0xE810, 0x4200, 0x2010, 0x2008, 0xA120,
  0xC128, 0x2329, 0xC708, 0xE808, 0xE808, 0x0911, 0xC608, 0x8218, 0x4008, 0x0008, 0x4020, 0x8028, 0xA508, 0x0811, 0x0809, 0x4829,
  0x2819, 0xE708, 0xE708, 0x2911, 0x2911, 0x2821, 0x4641, 0x6551, 0x2821, 0x4819, 0x2821, 0x8749, 0xA751, 0x6829, 0x6741, 0xC571,
  0xE4A2, 0x4549, 0x0721, 0x0719, 0x0719, 0x8649, 0x05A3, 0xA659, 0x0721, 0xA508, 0x4300, 0x4200, 0x6400, 0x6408, 0x8408, 0x6300,
  0x8408, 0xE710, 0x2729, 0x8449, 0xC369, 0xC418, 0xE708, 0xC608, 0xA508, 0x8408, 0x0711, 0xE620, 0xA510, 0xA510, 0x0721, 0x4739,
  0x04AB, 0xA3A2, 0x6741, 0x0721, 0xE718, 0xE710, 0xE610, 0xA508, 0xA361, 0xE371, 0x4159, 0xC038, 0x6018, 0x2008, 0xE240, 0xA228,
  0x0239, 0x4349, 0x2441, 0xA461, 0x0241, 0xE330, 0xE328, 0xA320, 0xA318, 0x8310, 0x8318, 0x8310, 0x6210, 0x4208, 0x4208, 0x2100,
  0x0000, 0x0000, 0x0000, 0x0000, 0x0000, 0x0000, 0x0000, 0x0000, 0x0000, 0x0000, 0x2000, 0x0000, 0x0000, 0x0000, 0x0000, 0x0000,
  0x0000, 0x2000, 0x2000, 0x2000, 0x0000, 0x2108, 0x6300, 0x6300, 0x6300, 0x8500, 0xC708, 0xA508, 0x0000, 0x0000, 0x6028, 0x8120,
  0x8400, 0xE708, 0xE708, 0xE808, 0xE808, 0xE808, 0xE808, 0xE708, 0x0000, 0x0010, 0xC040, 0x8059, 0xA508, 0x0809, 0xE808, 0x0811,
  0x0809, 0x0809, 0xE808, 0xE808, 0xE708, 0x0811, 0x6831, 0x0672, 0x4821, 0x2811, 0x2819, 0x6739, 0xA751, 0x2819, 0x2821, 0x8651,
  0x0572, 0x2729, 0x0711, 0xE708, 0x0821, 0x2731, 0x056A, 0x2629, 0x2819, 0x2919, 0x6400, 0x2200, 0x4200, 0x4300, 0x4400, 0x6408,
  0xA508, 0x0721, 0xE528, 0x6639, 0x0652, 0xE710, 0x2719, 0xC608, 0xE710, 0xE528, 0xA418, 0x4300, 0x8400, 0x0711, 0x2719, 0x4641,
  0x8492, 0x8492, 0x4641, 0x2729, 0x0711, 0xE708, 0xE708, 0xE518, 0x0249, 0xA128, 0x6261, 0xE281, 0x2292, 0x0151, 0x4110, 0x2108,
  0x6210, 0x6210, 0x6210, 0x8310, 0x0000, 0x0000, 0x0000, 0x0000, 0x0000, 0x0000, 0x0000, 0x0000, 0x0000, 0x0000, 0x0000, 0x0000,
  0x4200, 0x4208, 0x6208, 0x8410, 0x8410, 0x8308, 0xC510, 0xC510, 0xA510, 0x4208, 0x4100, 0x0000, 0x0000, 0x4100, 0x8310, 0xA410,
  0x0521, 0x2521, 0xE420, 0xE420, 0xE420, 0x2431, 0x4108, 0x6110, 0xA120, 0xE238, 0x8218, 0x2000, 0x0000, 0x0008, 0x6020, 0x4008,
  0xA218, 0x8218, 0xA220, 0x8210, 0xA220, 0xA220, 0xA220, 0xA218, 0x0000, 0x2008, 0x4018, 0xE040, 0x6149, 0xC410, 0xA608, 0x0719,
  0xC708, 0x8308, 0x8218, 0xC228, 0xA220, 0xA218, 0xC228, 0x0239, 0x8218, 0x8210, 0xA218, 0x0529, 0x0621, 0x0719, 0x2821, 0x6841,
  0xA749, 0x0719, 0xC610, 0xC608, 0xC608, 0x0619, 0x6641, 0x0729, 0xE710, 0xC610, 0xE710, 0x4300, 0x4300, 0x4200, 0x4200, 0x4300,
  0x4400, 0xA608, 0xA600, 0x8500, 0xC608, 0xA500, 0x6408, 0x4300, 0x4300, 0x4300, 0x4300, 0x4300, 0xE618, 0xE708, 0x0721, 0x0629,
  0xC561, 0x0672, 0x4739, 0x0719, 0xE610, 0xC708, 0xC600, 0xA410, 0xC138, 0x6118, 0x8120, 0xA228, 0xE238, 0x4010, 0x2249, 0xA220,
  0x4108, 0x2008, 0x4108, 0x6208, 0x0000, 0x0000, 0x0000, 0x0000, 0x0000, 0x0000, 0x0000, 0x0000, 0x0000, 0x0000, 0x0000, 0x0000,
  0x6308, 0x8308, 0x6208, 0x4200, 0x6308, 0xC510, 0xC510, 0x8408, 0xC510, 0xE618, 0x2719, 0xC510, 0x6308, 0x0000, 0x2100, 0x6308,
  0x8310, 0xA410, 0xA410, 0xC518, 0x0621, 0xA410, 0x4108, 0xE420, 0x6639, 0xA649, 0xA551, 0x0000, 0x0008, 0x6020, 0x0051, 0xA120,
  0xE569, 0x8649, 0xC561, 0xA551, 0xE561, 0xE569, 0x247A, 0xE479, 0x2008, 0x2018, 0x4018, 0x6028, 0x8071, 0x6059, 0xC228, 0xE428,
  0x2108, 0x6118, 0xE328, 0x4541, 0x4541, 0xE569, 0x0472, 0xE469, 0xA551, 0x6541, 0x6449, 0x0339, 0x8218, 0x8318, 0xA508, 0x2729,
  0xA749, 0x2821, 0x0811, 0x2811, 0x2819, 0x6849, 0x067A, 0x8841, 0x4821, 0x2919, 0xE710, 0x6400, 0x6400, 0x4300, 0x6400, 0x6400,
  0x6400, 0x6400, 0x6400, 0x6400, 0x6400, 0x6400, 0x4300, 0x4300, 0x4300, 0x4300, 0x4300, 0x8500, 0xC710, 0xC608, 0xE618, 0x4639,
  0x4582, 0x257A, 0x0629, 0x0719, 0xA608, 0x8600, 0x8500, 0xA410, 0xA130, 0x8120, 0x6118, 0x8218, 0x6110, 0x0000, 0x8218, 0x8218,
  0x0429, 0xC420, 0x8210, 0x2100, 0x2100, 0x2100, 0x0000, 0x2100, 0x2100, 0x2100, 0x2100, 0x2108, 0x2108, 0x0000, 0x2100, 0x0000,
  0x8408, 0x8308, 0xC510, 0xC510, 0x6308, 0x2100, 0x8308, 0xC510, 0xE618, 0xC518, 0xC510, 0xA410, 0xC418, 0x4108, 0x0000, 0x0000,
  0x0000, 0x0000, 0x2000, 0x2100, 0x2100, 0x6208, 0x2000, 0xA418, 0xA410, 0x6308, 0x2100, 0x0000, 0x0000, 0x0000, 0x2008, 0xA318,
  0x2531, 0x4541, 0x6541, 0x0529, 0x6549, 0x2441, 0x0431, 0xA318, 0x0000, 0x0008, 0x2010, 0x0008, 0x2008, 0x2010, 0xE328, 0x8549,
  0x6449, 0xC320, 0x6110, 0x4108, 0xA318, 0xE428, 0x0431, 0x8318, 0x6210, 0x6210, 0x4108, 0x2100, 0x2100, 0x4210, 0x2100, 0x4731,
  0xC661, 0x4731, 0x0709, 0xC608, 0xC608, 0xC618, 0x8831, 0x0719, 0xC608, 0xA608, 0x8500, 0x6400, 0x6400, 0x6300, 0x6400, 0x6400,
  0x6400, 0x8400, 0x8500, 0x0711, 0x2621, 0xC608, 0xC608, 0xA600, 0xC608, 0xA600, 0x8500, 0x8500, 0xA508, 0xC610, 0xC610, 0x2721,
  0x056A, 0xA592, 0x4639, 0x0719, 0xC608, 0xA608, 0x8508, 0x8410, 0x6018, 0x4110, 0x8120, 0x6118, 0x4110, 0x2108, 0x0000, 0x0000,
  0x2000, 0x6210, 0xA318, 0x6210, 0x2108, 0x2108, 0x2100, 0x4208, 0x4208, 0x4208, 0x2100, 0x0000, 0x0000, 0x0000, 0x0000, 0x0000,
  0x4208, 0x4200, 0x6308, 0xC518, 0x8308, 0xC518, 0x2000, 0x0000, 0x2100, 0x2100, 0x0000, 0x0000, 0x4208, 0x4108, 0x0000, 0x0000,
  0x2100, 0x0000, 0x6308, 0x6208, 0x4208, 0x4208, 0x0000, 0x0000, 0x2100, 0x2100, 0x4200, 0x6308, 0xA410, 0x6308, 0x6308, 0x8408,
  0x6308, 0x8408, 0x4208, 0x6308, 0x4100, 0x2100, 0x4208, 0x4208, 0x4208, 0x4208, 0xE420, 0x2339, 0xE328, 0x2339, 0x4441, 0x2339,
  0xE428, 0x8218, 0xA320, 0x0000, 0x0000, 0x4108, 0x0000, 0x2100, 0x2108, 0x2108, 0x2100, 0x0100, 0x2100, 0x2000, 0x2100, 0xE710,
  0xE710, 0xE710, 0xE708, 0x0709, 0x2811, 0x2729, 0xE661, 0x2829, 0x0811, 0xE708, 0xA600, 0xA600, 0x8500, 0xA600, 0x6400, 0xC700,
  0xC608, 0xA608, 0x0711, 0x8929, 0xE939, 0xE610, 0x0821, 0x0711, 0x0719, 0x0711, 0xE718, 0x0811, 0x0711, 0x0809, 0xE710, 0x4741,
  0xC569, 0xA569, 0x2731, 0x2821, 0x0711, 0xC608, 0xC608, 0xC508, 0x6210, 0x0000, 0x2008, 0x2008, 0x4110, 0x4108, 0x0000, 0x4010,
  0x2008, 0x0000, 0x0000, 0x2000, 0x0000, 0x0000, 0x0000, 0x0000, 0x0000, 0x0000, 0x0000, 0x0000, 0x0000, 0x0000, 0x0000, 0x0000,
  0x0000, 0x4208, 0x0000, 0x0000, 0x0000, 0x0000, 0x0000, 0x0000, 0x0000, 0x0000, 0x0000, 0x2100, 0x2108, 0x4108, 0x0000, 0x0000,
  0x2100, 0x4108, 0x4208, 0x4208, 0x2100, 0x6208, 0x0000, 0x2100, 0x4208, 0x2100, 0x0000, 0x6208, 0x0000, 0x8308, 0x6208, 0x8310,
  0x2100, 0x2100, 0x2100, 0x6208, 0x8310, 0xC418, 0xE420, 0x2531, 0x4539, 0x4439, 0x0431, 0x8210, 0xA218, 0x4108, 0x0000, 0x0000,
  0x2108, 0x2100, 0x2100, 0x0000, 0x0000, 0x4208, 0x2100, 0x2100, 0x2108, 0x2100, 0x2100, 0x0000, 0x2100, 0x0000, 0x0000, 0xE620,
  0x8751, 0x0719, 0xC708, 0x8600, 0x8500, 0xC708, 0xE618, 0xC608, 0xA600, 0x8500, 0x6400, 0x6400, 0x8500, 0x8500, 0xA500, 0x8500,
  0xA600, 0xC708, 0xA508, 0x2719, 0x6739, 0x4639, 0x0629, 0x0711, 0x0719, 0x2351, 0x8310, 0x2729, 0x0711, 0xA500, 0xE710, 0xE618,
  0xE571, 0xC471, 0x4739, 0xE710, 0xE618, 0xA608, 0xC608, 0xC608, 0xA418, 0x4018, 0x2008, 0x0000, 0x0000, 0x0000, 0x0000, 0x6110,
  0x6210, 0x2108, 0x0000, 0x2000, 0x0000, 0x0000, 0x0000, 0x0000, 0x0000, 0x0000, 0x0000, 0x0000, 0x0000, 0x0000, 0x0000, 0x0000,
  0x0000, 0x2100, 0x2100, 0x0000, 0x0000, 0x0000, 0x2108, 0x0000, 0x0000, 0x0000, 0x0000, 0x0000, 0x2108, 0x4108, 0x0000, 0x0000,
  0x2100, 0x0000, 0x0000, 0x2100, 0x2100, 0x4208, 0x0000, 0x0000, 0x4208, 0x2000, 0x2100, 0x2100, 0x0000, 0x2100, 0x0000, 0x8310,
  0x2100, 0x0000, 0xA418, 0x6208, 0x6210, 0x4208, 0x4208, 0x6208, 0x4208, 0x6208, 0x0000, 0x2000, 0x4108, 0x2108, 0x0000, 0x0000,
  0x0000, 0x2000, 0x2100, 0x0000, 0x0000, 0x2100, 0x4208, 0x2100, 0x2100, 0x2100, 0x2100, 0x0000, 0x0000, 0x0000, 0x0000, 0xC608,
  0xE710, 0xC608, 0xA500, 0xC700, 0xC708, 0xE710, 0x0629, 0x0711, 0x0809, 0xC708, 0xA600, 0xA600, 0xC700, 0xC700, 0xC708, 0xC608,
  0xE708, 0xC708, 0xE710, 0x0819, 0x0729, 0xA561, 0x2639, 0x0721, 0xE710, 0x4200, 0x2200, 0x6408, 0xE628, 0xC608, 0xE608, 0xE610,
  0x2629, 0x2631, 0xE710, 0xE710, 0x8500, 0x8500, 0x8500, 0x8500, 0xA320, 0x8120, 0x4110, 0x4108, 0x4108, 0x0000, 0x0000, 0x4108,
  0x6110, 0x2108, 0x2000, 0x2108, 0x0000, 0x0000, 0x0000, 0x0000, 0x0000, 0x0000, 0x0000, 0x0000, 0x0000, 0x0000, 0x0000, 0x0000,
  0x2100, 0x6208, 0x2100, 0x0000, 0x0000, 0x2100, 0x4208, 0x6310, 0x2000, 0x0000, 0x0000, 0x0000, 0x2100, 0x2100, 0x0000, 0x0000,
  0x0000, 0x0000, 0x0000, 0x0000, 0x2100, 0x2100, 0x0000, 0x2100, 0x2100, 0x2000, 0x4208, 0x4108, 0x0000, 0x4108, 0x2108, 0x6310,
  0x2100, 0x2100, 0x8310, 0x2100, 0x4208, 0x2108, 0x4208, 0x6208, 0x6208, 0x6210, 0x0000, 0x0000, 0x2108, 0x2100, 0x0000, 0x0000,
  0x0000, 0x0000, 0x0000, 0x0000, 0x0000, 0x0000, 0x0000, 0x2000, 0x0000, 0x0000, 0x0000, 0x0000, 0x0000, 0x0000, 0x2100, 0xA608,
  0xC518, 0xA608, 0x8500, 0x8500, 0xA600, 0xC608, 0x2621, 0xE618, 0xA600, 0x6400, 0x6400, 0x6400, 0x6400, 0x6400, 0x6400, 0x6400,
  0xA600, 0xE710, 0x0711, 0x0729, 0x2541, 0x43A2, 0x6461, 0x2729, 0xC620, 0x2200, 0x2200, 0x2200, 0x6308, 0xA508, 0x0709, 0x2729,
  0xC659, 0xE669, 0x0621, 0xE710, 0xC608, 0xC700, 0xA608, 0xA500, 0xA320, 0x8120, 0x4110, 0x4108, 0x8210, 0x8210, 0x2000, 0xA228,
  0xC328, 0x6210, 0x2108, 0x6210, 0x2000, 0x0000, 0x0000, 0x0000, 0x0000, 0x2100, 0x2108, 0x0000, 0x0000, 0x0000, 0x0000, 0x0000,
  0x0000, 0x4108, 0x0000, 0x0000, 0x0000, 0x2100, 0x6208, 0xA410, 0x2108, 0x0000, 0x0000, 0x0000, 0x0000, 0x2000, 0x0000, 0x0000,
  0x0000, 0x2000, 0x0000, 0x0000, 0x0000, 0x0000, 0x0000, 0x0000, 0x0000, 0x0000, 0x2100, 0x2100, 0x0000, 0x2100, 0x6208, 0x2100,
  0x2000, 0x0000, 0x6208, 0x4208, 0x2100, 0x4108, 0x4208, 0x4108, 0x6210, 0x6208, 0x0000, 0x0000, 0x0000, 0x0000, 0x0000, 0x0000,
  0x0000, 0x0000, 0x0000, 0x0000, 0x0000, 0x0000, 0x0000, 0x0000, 0x0000, 0x0000, 0x0000, 0x0000, 0x2108, 0x2108, 0x4100, 0xA318,
  0xA320, 0x8318, 0x2100, 0x4300, 0x6400, 0x8500, 0xC608, 0xA608, 0x8500, 0x8500, 0x6500, 0x6400, 0x8500, 0x8500, 0xA600, 0xA608,
  0xC608, 0x0719, 0x0721, 0x0631, 0x2392, 0xE1EB, 0xE2BA, 0x4549, 0x0621, 0x4208, 0x2200, 0x2200, 0x4200, 0x6308, 0x8410, 0xE710,
  0x2729, 0x2721, 0xE708, 0x8500, 0x6400, 0x8500, 0x8400, 0xA608, 0xA320, 0x8220, 0x4110, 0x0008, 0x8210, 0x6210, 0x0000, 0xA220,
  0xA218, 0x8318, 0x4208, 0x8310, 0x2000, 0x0000, 0x0000, 0x0000, 0x0000, 0x4108, 0x2108, 0x0000, 0x2100, 0x0000, 0x0000, 0x0000,
  0x0000, 0x4208, 0x0000, 0x0000, 0x0000, 0x0100, 0x6208, 0x8410, 0x4208, 0x0000, 0x0000, 0x0000, 0x0000, 0x0000, 0x0000, 0x4100,
  0x8308, 0xC410, 0xE518, 0xA410, 0x4208, 0x2000, 0x0000, 0x0000, 0x0000, 0x0000, 0x0000, 0x0000, 0x0000, 0x0000, 0x2100, 0x0000,
  0x0000, 0x0000, 0x2100, 0x2100, 0x0000, 0x2100, 0x0000, 0x2100, 0x4108, 0x4108, 0x0000, 0x0000, 0x0000, 0x0000, 0x0000, 0x0000,
  0x0000, 0x0000, 0x0000, 0x0000, 0x0000, 0x0000, 0x0000, 0x2100, 0x0000, 0x4108, 0x0000, 0x0000, 0x2100, 0x0000, 0x0100, 0x2100,
  0x6210, 0x4108, 0x4108, 0x2200, 0x6400, 0x8500, 0xC610, 0xC608, 0x8500, 0x8500, 0x8400, 0x4300, 0x4400, 0x6400, 0x6400, 0x8500,
  0xC608, 0xE708, 0x0721, 0x2541, 0x63B3, 0x49FE, 0xE5E4, 0x4551, 0x0631, 0x4208, 0x2200, 0x2200, 0x2200, 0x2200, 0x8400, 0xC510,
  0xE751, 0xA739, 0x0711, 0xA610, 0xC610, 0xA608, 0xA608, 0x8508, 0x4110, 0x6218, 0x6218, 0x0000, 0x6210, 0x8210, 0x2108, 0xA120,
  0x0431, 0xA318, 0x6210, 0x4208, 0x2100, 0x0000, 0x0000, 0x0000, 0x0000, 0x4208, 0x2100, 0x2100, 0x2000, 0x0000, 0x0000, 0x0000,
  0x0000, 0x0000, 0x0000, 0x0000, 0x0000, 0x0000, 0x2100, 0x2100, 0x6310, 0x0000, 0x0000, 0x0000, 0x0000, 0x0000, 0x4208, 0x8308,
  0x6208, 0xC418, 0xC410, 0xC418, 0x0521, 0x0521, 0x8310, 0x0000, 0x0000, 0x2100, 0x0000, 0x2000, 0x0000, 0x0000, 0x0000, 0x0000,
  0x0000, 0x0000, 0x0000, 0x0000, 0x0000, 0x0000, 0x0000, 0x0000, 0x0000, 0x0000, 0x0000, 0x0000, 0x0000, 0x0000, 0x0000, 0x0000,
  0x0000, 0x0000, 0x0000, 0x0000, 0x0000, 0x0000, 0x0000, 0x0000, 0x0000, 0x0000, 0x0000, 0x0000, 0x0000, 0x0000, 0x0100, 0x0000,
  0x2100, 0x2100, 0x2100, 0x0100, 0x2200, 0x4300, 0x4300, 0x4300, 0x4300, 0x4300, 0x4300, 0x4300, 0x6400, 0x8500, 0x8500, 0xC608,
  0xC610, 0x0719, 0x2631, 0x2639, 0xE279, 0xE9DC, 0xE3B2, 0x0449, 0x2539, 0xA420, 0x2200, 0x2200, 0x2200, 0x2200, 0x4200, 0x8500,
  0xC610, 0xC608, 0x6300, 0x4300, 0x4200, 0x2200, 0x4300, 0x2200, 0x2108, 0x2008, 0x4108, 0x0000, 0x2108, 0x2108, 0x4108, 0xA120,
  0x0431, 0xC418, 0xA318, 0x8310, 0x2000, 0x0000, 0x0000, 0x0000, 0x2000, 0x4208, 0x2100, 0x2100, 0x0000, 0x0000, 0x0000, 0x0000,
  0x0000, 0x0000, 0x0000, 0x0000, 0x0000, 0x0000, 0x0000, 0x2100, 0x6308, 0x0000, 0x0000, 0x0000, 0x0000, 0x0000, 0x0000, 0x2100,
  0x4208, 0x6208, 0x8310, 0x6208, 0x8310, 0xA310, 0x4108, 0x2108, 0x0000, 0x0000, 0x0000, 0x4108, 0x2100, 0x0000, 0x2100, 0x0000,
  0x0000, 0x4208, 0x2100, 0x2108, 0x4108, 0x0000, 0x4108, 0x4208, 0x2108, 0x4208, 0x0000, 0x0000, 0x0000, 0x0000, 0x4008, 0x6A73,
  0x0000, 0x0000, 0x0000, 0xC862, 0x0B8C, 0x6752, 0x0000, 0xC539, 0x2C94, 0x0642, 0x0000, 0xAA7B, 0x2C94, 0x4752, 0x0000, 0x6431,
  0xAEA4, 0xE862, 0x0000, 0x4A6B, 0xE318, 0x6B73, 0x8210, 0x2421, 0x4D94, 0x0C8C, 0x6308, 0x4300, 0x4300, 0x4300, 0x6500, 0xA500,
  0xC608, 0xE610, 0x2539, 0x0539, 0xA328, 0x6369, 0xE350, 0x0441, 0x2531, 0xE520, 0x4200, 0x2200, 0x2200, 0x2200, 0x4200, 0x4300,
  0x8408, 0x8408, 0x6400, 0x6400, 0x4300, 0x2200, 0x2200, 0x2200, 0x4108, 0x4108, 0x0000, 0x0000, 0x4108, 0x2100, 0x4208, 0x6210,
  0xE420, 0xC418, 0x8310, 0x8310, 0x2100, 0x0000, 0x0000, 0x0000, 0x0000, 0x4208, 0x4208, 0x0000, 0x0000, 0x0000, 0x0000, 0x0000,
  0x0000, 0x0000, 0x0000, 0x0000, 0x0000, 0x2100, 0x6208, 0x0000, 0x6308, 0x0000, 0x0000, 0x0000, 0x0000, 0x0000, 0x0000, 0x0000,
  0x2100, 0x0000, 0x0000, 0x2100, 0x0000, 0x0000, 0x2000, 0x2100, 0x0000, 0x0000, 0x0000, 0x0000, 0x2100, 0x0000, 0x2100, 0x0000,
  0x0000, 0x4208, 0x0000, 0x4208, 0x4108, 0x0000, 0x2100, 0x6208, 0x6210, 0x6208, 0x0000, 0x0000, 0x0000, 0x0000, 0x6108, 0x0FAD,
  0x0000, 0x0000, 0x0000, 0xD1CD, 0x6108, 0xF1CD, 0x0000, 0xD1CD, 0x6108, 0xF1CD, 0x2000, 0x90BD, 0xE218, 0xF2CD, 0x2000, 0x2100,
  0x70BD, 0x4008, 0x0000, 0xCEA4, 0x4FBD, 0x6FBD, 0xC218, 0x2C94, 0xE641, 0xC318, 0x2100, 0x2200, 0x4200, 0x2200, 0x4300, 0x6400,
  0x8500, 0x8508, 0xA508, 0x8410, 0xA420, 0x2441, 0xC428, 0xC510, 0xA508, 0x8400, 0x4300, 0x4300, 0x2200, 0x2200, 0x4300, 0x8400,
  0xE518, 0xC520, 0xA508, 0x8500, 0x6400, 0x8500, 0x6400, 0x6400, 0x6218, 0x6110, 0x4108, 0x0000, 0x6208, 0x8310, 0x4108, 0x6210,
  0xA318, 0xA318, 0x6210, 0xA310, 0x2100, 0x0000, 0x0000, 0x0000, 0x2100, 0x6308, 0x4208, 0x4208, 0x0000, 0x0000, 0x0000, 0x0000,
  0x0000, 0x0000, 0x0000, 0x0000, 0x0000, 0x0000, 0x4208, 0x0000, 0x4108, 0x0000, 0x0000, 0x0000, 0x0000, 0x0000, 0x0000, 0x0000,
  0x0000, 0x0000, 0x0000, 0x0000, 0x0000, 0x0000, 0x0000, 0x0000, 0x0000, 0x2100, 0x0000, 0x0000, 0x0000, 0x0000, 0x0000, 0x0000,
  0x0000, 0x2108, 0x0000, 0x4108, 0x4108, 0x0000, 0x0000, 0x2108, 0x2108, 0x2100, 0x0000, 0x0000, 0x0000, 0x0000, 0x6108, 0x30AD,
  0x0000, 0x0000, 0x0000, 0xD1CD, 0x6108, 0xD2CD, 0x0000, 0xF1CD, 0x4973, 0x53DE, 0x2000, 0xB1C5, 0xC218, 0xF2CD, 0x2000, 0x0000,
  0x70BD, 0x4108, 0x0000, 0xCEA4, 0x6752, 0xD3F6, 0xC318, 0x6D94, 0x464A, 0x8FBD, 0x2421, 0x6208, 0x4200, 0x4200, 0x4200, 0x6300,
  0x8408, 0x6400, 0x8408, 0xA510, 0xE620, 0x6451, 0x2539, 0x0619, 0xA608, 0x8500, 0x4300, 0x4300, 0x4300, 0x4300, 0x8500, 0xA500,
  0xE610, 0xE618, 0xC608, 0x8500, 0x4300, 0x6400, 0x8400, 0x6500, 0x4208, 0x2108, 0x4208, 0x0000, 0x4108, 0x2100, 0x0000, 0x0000,
  0x2100, 0x4208, 0x4108, 0x8310, 0x2000, 0x0000, 0x0000, 0x0000, 0x2100, 0x6208, 0x4208, 0x4208, 0x0000, 0x0000, 0x0000, 0x0000,
  0x0000, 0x0000, 0x0000, 0x0000, 0x0000, 0x0000, 0x0000, 0x0000, 0x0000, 0x0000, 0x0000, 0x0000, 0x0000, 0x0000, 0x0000, 0x0000,
  0x2100, 0x0000, 0x0000, 0x0000, 0x0000, 0x0000, 0x0000, 0x0000, 0x0000, 0x2100, 0x4200, 0x0100, 0x0000, 0x0000, 0x2100, 0x0000,
  0x0000, 0x0000, 0x0000, 0x0000, 0x0000, 0x0000, 0x0000, 0x2100, 0x2100, 0x4100, 0x0000, 0x0000, 0x0000, 0x0000, 0x4108, 0x6D94,
  0xAB7B, 0x474A, 0x0000, 0xE962, 0xCB7B, 0x6752, 0x0000, 0xCC83, 0x0000, 0xEC83, 0x2000, 0xAB7B, 0xAB7B, 0x4752, 0x0000, 0x4329,
  0x6D9C, 0x875A, 0x0000, 0x096B, 0x8110, 0x4A73, 0x8210, 0x2321, 0xEB83, 0x0C8C, 0xC318, 0x684A, 0xE739, 0x0642, 0x474A, 0xC631,
  0x484A, 0x6400, 0x8500, 0x8508, 0xA510, 0x2539, 0xE520, 0xA500, 0x8400, 0x6400, 0x6400, 0x6400, 0x4300, 0x6300, 0x4300, 0x6400,
  0x8400, 0x8508, 0x4300, 0x4300, 0x4300, 0x4300, 0x6300, 0x2200, 0x2100, 0x0000, 0x2108, 0x0000, 0x6208, 0x4108, 0x0000, 0x8218,
  0xE420, 0x2100, 0x2100, 0x2100, 0x0000, 0x0000, 0x0000, 0x0000, 0x0000, 0x0000, 0x0000, 0x0000, 0x0000, 0x0000, 0x0000, 0x0000,
  0x0000, 0x0000, 0x0000, 0x0000, 0x0000, 0x0000, 0x0000, 0x0000, 0x0000, 0x0000, 0x0000, 0x0000, 0x0000, 0x0000, 0x2100, 0x2100,
  0x6208, 0x4208, 0x0000, 0x0000, 0x0000, 0x0000, 0x4008, 0x0000, 0x0000, 0x0000, 0x0000, 0x2100, 0x0000, 0x0000, 0x0000, 0x0000,
  0x0000, 0x0000, 0x0000, 0x0000, 0x0000, 0x0000, 0x0000, 0x0000, 0x0000, 0x0000, 0x0000, 0x0000, 0x0000, 0x0000, 0x0000, 0x0000,
  0x0000, 0x0000, 0x0000, 0x0000, 0x0000, 0x0000, 0x0000, 0x0000, 0x0000, 0x0000, 0x0000, 0x0000, 0x0000, 0x0000, 0x0000, 0x0000,
  0x0000, 0x0000, 0x0000, 0x0000, 0x0000, 0x0000, 0x0000, 0x0100, 0x0100, 0x0100, 0x0100, 0x0100, 0x2100, 0x2200, 0x2200, 0x2200,
  0x2200, 0x4300, 0x6400, 0x6400, 0x8408, 0xE520, 0xC510, 0x8400, 0x6400, 0x6400, 0x6400, 0x6400, 0x4400, 0x6400, 0x4300, 0x6400,
  0x8408, 0x8508, 0x6400, 0x4300, 0x4300, 0x4300, 0x2200, 0x0000, 0x2000, 0x2008, 0x0000, 0x0000, 0x4208, 0x2100, 0x0000, 0x8210,
  0xA418, 0xA418, 0x8310, 0x6208, 0x0000, 0x0000, 0x0000, 0x0000, 0x2100, 0x4208, 0x2100, 0x2100, 0x0000, 0x0000, 0x0000, 0x0000,
  0x0000, 0x0000, 0x0000, 0x0000, 0x0000, 0x2100, 0x6200, 0xA308, 0x4100, 0x0000, 0x0000, 0x0000, 0x0000, 0x0000, 0x0100, 0x2100,
  0x4108, 0x4208, 0x0000, 0x2129, 0x4262, 0xE161, 0xE5E4, 0x2393, 0x2262, 0x2262, 0x2262, 0x2262, 0x2262, 0x2262, 0x2262, 0x2262,
  0x2262, 0x4262, 0x4262, 0x4262, 0x4362, 0x4262, 0x4262, 0x4262, 0x4362, 0x4362, 0x4362, 0x4362, 0x435A, 0x4262, 0x4362, 0x4362,
  0x4262, 0x4362, 0x4362, 0x2262, 0x4262, 0x4262, 0x4262, 0x4262, 0x4362, 0x4262, 0x4262, 0x4362, 0x4362, 0x6362, 0x6362, 0x6362,
  0x6362, 0x4262, 0x4262, 0x4262, 0x4362, 0x4362, 0x6362, 0x4362, 0x4362, 0x4362, 0x4362, 0x4362, 0x4262, 0x4262, 0x4262, 0x4262,
  0x4262, 0x2262, 0x2262, 0x2262, 0x2262, 0x4262, 0x4262, 0x4262, 0x4262, 0x4262, 0x2262, 0x4262, 0x2262, 0x2262, 0x2262, 0x2262,
  0x2262, 0x2262, 0x2262, 0x2262, 0x2262, 0x2262, 0x2262, 0x2262, 0x04B4, 0x45BC, 0x0262, 0x6362, 0xE120, 0x0000, 0x4208, 0x6210,
  0xA410, 0x8308, 0x8308, 0xA410, 0x2100, 0x0000, 0x0000, 0x0000, 0x0000, 0x4200, 0x6308, 0x2100, 0x0000, 0x0000, 0x0000, 0x0000,
  0x0000, 0x0000, 0x0000, 0x0000, 0x2100, 0x8308, 0x8308, 0xA308, 0xC308, 0xA308, 0x6208, 0x0000, 0x0000, 0x0000, 0x0000, 0x4200,
  0x2100, 0x4208, 0x4008, 0xA5A3, 0xE251, 0x64C4, 0x6049, 0x8149, 0xC249, 0xC249, 0xC249, 0xC249, 0xC249, 0xC249, 0xC251, 0xC249,
  0xC249, 0xC249, 0xC251, 0xE251, 0xE251, 0xE251, 0xE249, 0xE251, 0xE251, 0xE251, 0xE251, 0xE251, 0xE251, 0xE249, 0xE249, 0xC249,
  0xC249, 0xE251, 0xE251, 0xC249, 0xC249, 0xC249, 0xE249, 0xE249, 0xE249, 0xE251, 0xE251, 0xE251, 0xE251, 0xE351, 0xE249, 0xE249,
  0xE249, 0xE249, 0xE249, 0xE249, 0xE251, 0xE251, 0xE251, 0xC249, 0xC249, 0xE249, 0xE251, 0xC249, 0xC249, 0xC249, 0xC249, 0xC249,
  0xC249, 0xC249, 0xC249, 0xC249, 0xA249, 0xC249, 0xC249, 0xC249, 0xC249, 0xC249, 0xE249, 0xC249, 0xC249, 0xC249, 0xC249, 0xA149,
  0xC149, 0xC149, 0xA149, 0xA149, 0xA149, 0xA249, 0xA249, 0xA149, 0xA149, 0x8149, 0x04C4, 0xC251, 0x849B, 0x0000, 0x0100, 0x4108,
  0x8310, 0x6308, 0x8410, 0x8410, 0x0100, 0x0000, 0x0000, 0x0000, 0x0000, 0x0000, 0x4208, 0x2100, 0x0000, 0x0000, 0x0000, 0x0000,
  0x0000, 0x0000, 0x0000, 0x0000, 0x6200, 0x6200, 0x6208, 0x4200, 0x4100, 0xA308, 0xC408, 0x8308, 0x2100, 0x0000, 0x0000, 0x0000,
  0x0000, 0x2100, 0x4008, 0xC4B3, 0x4493, 0x2139, 0x6061, 0x02BB, 0x22BB, 0x22BB, 0x22B3, 0x02B3, 0x22BB, 0x22BB, 0x43BB, 0x63BB,
  0x63BB, 0x63BB, 0x63BB, 0x43BB, 0x43BB, 0x63BB, 0x63BB, 0x63BB, 0x63BB, 0x63BB, 0x63BB, 0x63BB, 0x83BB, 0x83BB, 0x83BB, 0x83BB,
  0x63BB, 0x63BB, 0x63BB, 0x64BB, 0x84BB, 0x84BB, 0x84BB, 0x83BB, 0x83BB, 0x83BB, 0x84BB, 0x83BB, 0x84BB, 0x84BB, 0x84BB, 0x84BB,
  0x84BB, 0x84BB, 0x84BB, 0xA4C3, 0x84C3, 0xA4C3, 0xA4C3, 0xA4C3, 0xA4C3, 0xA4C3, 0x03A3, 0x8118, 0x8118, 0x8118, 0x6110, 0x6110,
  0x4108, 0x4108, 0x2100, 0x2100, 0x2100, 0x0100, 0x0100, 0x0100, 0x2100, 0x2100, 0x2100, 0x2100, 0x2100, 0x2100, 0x2100, 0x2100,
  0x2100, 0x2100, 0x2100, 0x2100, 0x2100, 0x2100, 0x2100, 0x2100, 0x2100, 0x0000, 0x6141, 0x2493, 0x439B, 0x0000, 0x0000, 0x0000,
  0x4208, 0x4208, 0x6308, 0x8308, 0x0100, 0x0000, 0x0000, 0x0000, 0x0000, 0x0000, 0x0000, 0x0000, 0x0000, 0x0000, 0x0000, 0x0000,
  0x0000, 0x0000, 0x0000, 0x0000, 0x2100, 0x0000, 0x0000, 0x8308, 0x4100, 0x2100, 0x8308, 0xA408, 0xA408, 0x2100, 0x0000, 0x0000,
  0x0000, 0x0000, 0x4008, 0x837A, 0x02A3, 0xE030, 0x01C3, 0x44FD, 0x24FD, 0x24FD, 0x24FD, 0x44FD, 0x44FD, 0x44FD, 0x65FD, 0x85FD,
  0x85FD, 0x85FD, 0x85FD, 0x65FD, 0x85FD, 0x85FD, 0x85FD, 0x86FD, 0x85FD, 0x85FD, 0x85FD, 0x85FD, 0x86FD, 0x86FD, 0x86FD, 0x86FD,
  0xA6FD, 0xA6FD, 0xA6FD, 0xA6FD, 0xA7FD, 0xA7FD, 0xA6FD, 0xA6FD, 0xA6FD, 0xA6FD, 0xA6FD, 0xA6FD, 0xA6FD, 0xA6FD, 0xC7FD, 0xC7FD,
  0xC7FD, 0xC7FD, 0xC7FD, 0xC7FD, 0xC7FD, 0xC7FD, 0xC7FD, 0xC7FD, 0xC7FD, 0xC7FD, 0x06DD, 0x0141, 0x0141, 0x0141, 0xE138, 0xE130,
  0xE138, 0xC130, 0xA120, 0xA120, 0x8120, 0x8120, 0x8120, 0x6118, 0x2108, 0x2100, 0x2100, 0x2100, 0x2100, 0x2100, 0x2100, 0x2100,
  0x2100, 0x2100, 0x2100, 0x2100, 0x2100, 0x2100, 0x2108, 0x2108, 0x2108, 0x2100, 0x2039, 0x029B, 0x436A, 0x0000, 0x2100, 0x2100,
  0x0000, 0x0000, 0x2100, 0x4208, 0x0100, 0x0000, 0x0000, 0x0000, 0x0000, 0x0000, 0x0000, 0x0000, 0x0000, 0x0000, 0x0000, 0x0000,
  0x2100, 0x6208, 0x8308, 0x4100, 0x0000, 0x0000, 0x0000, 0x0000, 0x0000, 0x0000, 0x0000, 0x0000, 0x8308, 0x6208, 0x0000, 0x0000,
  0x0000, 0x0000, 0x426A, 0x64D4, 0x24CC, 0xE030, 0xE1C2, 0x82F4, 0xC3FC, 0xC3FC, 0xC3FC, 0xA2FC, 0xC2FC, 0xC2FC, 0xC2FC, 0xC3FC,
  0xE3FC, 0xE3FC, 0xE3FC, 0xE3FC, 0xE3FC, 0xE3FC, 0x03FD, 0xE3FC, 0xE3FC, 0xE3FC, 0xE3FC, 0xE3FC, 0xE3FC, 0x03FD, 0x03FD, 0x03FD,
  0xE3FC, 0xE3FC, 0xE3FC, 0xE3FC, 0xE3FC, 0xE3FC, 0xE3FC, 0x03FD, 0x03FD, 0x03FD, 0x03FD, 0x03FD, 0x03FD, 0x03FD, 0x03FD, 0x23FD,
  0x23FD, 0x23FD, 0x23FD, 0x03FD, 0x03FD, 0x03FD, 0x03FD, 0x03FD, 0x23FD, 0x23FD, 0x43D4, 0x0139, 0x0141, 0x0141, 0xE140, 0xE140,
  0xE138, 0xC130, 0xA120, 0x8120, 0x6118, 0x6118, 0x6118, 0x6118, 0x6120, 0x6118, 0x6118, 0x6118, 0x6120, 0x6120, 0x8120, 0x6118,
  0x6118, 0x6118, 0x6118, 0x6118, 0x4118, 0x4110, 0x4110, 0x2110, 0x2108, 0x2100, 0xE030, 0x04CC, 0x64DC, 0xA151, 0x2100, 0x8308,
  0x8310, 0x4208, 0x0000, 0x0000, 0x0000, 0x0000, 0x2000, 0x8108, 0xC208, 0xC308, 0x8200, 0x0000, 0x0000, 0x0000, 0x0000, 0x0000,
  0x6200, 0x4200, 0x6200, 0xA308, 0xA308, 0x4100, 0x0000, 0x0000, 0x0000, 0x0000, 0x0000, 0x0000, 0x0000, 0x2100, 0x0000, 0x0000,
  0x0000, 0x0000, 0x4008, 0x8159, 0x627A, 0xC028, 0xA1C2, 0xA1E3, 0xA1E3, 0xA1E3, 0xA1EB, 0xA1EB, 0xA1EB, 0xC1EB, 0xE1EB, 0x01EC,
  0x22F4, 0x62F4, 0x62F4, 0x62F4, 0x82F4, 0xA2FC, 0xC3FC, 0xA2FC, 0xC2FC, 0xE3FC, 0xE3FC, 0xE3FC, 0xE2FC, 0xE3FC, 0xE3FC, 0xE3FC,
  0xE3FC, 0xE3FC, 0xE3FC, 0xE3FC, 0xE3FC, 0xE3FC, 0xE3FC, 0xE3FC, 0x03FD, 0x03FD, 0x03FD, 0xE3FC, 0xE3FC, 0x03FD, 0x03FD, 0x23FD,
  0x23FD, 0x23FD, 0x23FD, 0x23FD, 0x23FD, 0x03FD, 0x03FD, 0x03FD, 0x03FD, 0x03FD, 0x63D4, 0x0141, 0x0141, 0x0139, 0xE130, 0xC130,
  0xC130, 0xC130, 0xA128, 0xA128, 0xA128, 0x8128, 0x8128, 0x8120, 0x8120, 0x6118, 0x4110, 0x2108, 0x2108, 0x2108, 0x2108, 0x2108,
  0x2108, 0x2100, 0x2108, 0x2108, 0x2108, 0x2108, 0x2108, 0x2108, 0x2108, 0x2100, 0x0031, 0x4272, 0x4049, 0x0000, 0x2200, 0x8310,
  0xA410, 0x8408, 0x4208, 0x2200, 0x0000, 0x4100, 0xE308, 0xC308, 0x8200, 0x8308, 0xA308, 0xA308, 0x2000, 0x0000, 0x0000, 0x0000,
  0x2100, 0x0100, 0x4200, 0x4200, 0x8308, 0xA308, 0x2100, 0x0000, 0x0000, 0x0000, 0x0000, 0x0000, 0x0000, 0x0000, 0x0000, 0x0000,
  0x0000, 0x0000, 0x4010, 0x64CC, 0x83AB, 0xE030, 0x6071, 0x80C2, 0xA1C2, 0xA1C2, 0xA1C2, 0xA1C2, 0xA0C2, 0xA0C2, 0xA0C2, 0xA0C2,
  0xA1C2, 0xC1C2, 0xC1C2, 0xA1C2, 0xC1C2, 0xE1CA, 0xE1CA, 0xC1C2, 0xE1CA, 0x01CB, 0x01C3, 0x01CB, 0x01CB, 0x01CB, 0x21CB, 0x01CB,
  0x21CB, 0x21CB, 0x21CB, 0x21CB, 0x41CB, 0x41D3, 0x41D3, 0x41CB, 0x41D3, 0x41D3, 0x41D3, 0x41D3, 0x21D3, 0x41D3, 0x62CB, 0x62D3,
  0x61D3, 0x61D3, 0x82D3, 0x82D3, 0x81D3, 0x61D3, 0x62D3, 0x62D3, 0x61D3, 0x62CB, 0x21BB, 0x8118, 0x8118, 0x8118, 0x6110, 0x6110,
  0x6110, 0x4108, 0x2108, 0x2100, 0x2108, 0x2100, 0x2100, 0x2100, 0x2100, 0x0100, 0x2100, 0x2100, 0x2100, 0x0100, 0x2100, 0x2100,
  0x2100, 0x2100, 0x2100, 0x2100, 0x2100, 0x2100, 0x2100, 0x2100, 0x2100, 0x0000, 0x2139, 0x83AB, 0x04C4, 0x0000, 0x2100, 0x2100,
  0x8308, 0x8308, 0x6308, 0x4208, 0x2000, 0xE208, 0xC308, 0xA208, 0xA208, 0x4100, 0x4200, 0x8208, 0x6200, 0x0000, 0x2100, 0x0000,
  0x0000, 0x0000, 0x0000, 0x0000, 0x0100, 0x8308, 0x8308, 0x0000, 0x0000, 0x0000, 0x0000, 0x0000, 0x0000, 0x0000, 0x0000, 0x0000,
  0x0000, 0x0000, 0x4010, 0xC4AB, 0x2131, 0xC4B3, 0xA020, 0xC028, 0xC028, 0xC028, 0xA028, 0xA028, 0xA028, 0xC028, 0xC028, 0xC028,
  0xC028, 0xC028, 0xC028, 0xC028, 0xC028, 0xC028, 0xC028, 0xC028, 0xC028, 0xC028, 0xC028, 0xC028, 0xC028, 0xC028, 0xC028, 0xC028,
  0xC028, 0xC028, 0xC028, 0xC028, 0xC028, 0xC028, 0xC028, 0xC028, 0xC028, 0xC028, 0xC028, 0xC028, 0xC028, 0xC028, 0xA028, 0xE128,
  0xC028, 0xA028, 0xA028, 0xA028, 0xC028, 0xC028, 0xC028, 0xC028, 0xC028, 0xC028, 0xC028, 0xA020, 0xA020, 0xA020, 0xA020, 0xA020,
  0xA020, 0xA020, 0xA020, 0xA020, 0xA020, 0xA020, 0xA020, 0xA020, 0xA020, 0xA020, 0xA020, 0xA020, 0xA020, 0xA020, 0xA020, 0xA020,
  0xA020, 0xA020, 0xA020, 0xA020, 0xA020, 0xA020, 0xA020, 0xA020, 0xA020, 0xC120, 0xC4AB, 0x0131, 0x63A3, 0x0000, 0x0000, 0x0100,
  0x0100, 0x2100, 0x6208, 0x2100, 0xA208, 0xA208, 0x6200, 0x0000, 0x4100, 0x8208, 0x0000, 0x4200, 0x6200, 0x2100, 0x4100, 0x0000,
  0x0000, 0x0000, 0x0000, 0x0000, 0x0000, 0x0000, 0x4100, 0x0000, 0x2100, 0x4100, 0x6208, 0x2100, 0x0000, 0x0000, 0x0000, 0x0000,
  0x0000, 0x0000, 0x0000, 0x6141, 0x038B, 0xA28A, 0x23DC, 0x63AB, 0xC28A, 0xC28A, 0xC28A, 0xC28A, 0xC28A, 0xC28A, 0xC28A, 0xC28A,
  0xC28A, 0xC28A, 0xC28A, 0xC28A, 0xC28A, 0xC28A, 0xC28A, 0xC28A, 0xC28A, 0xE28A, 0xE28A, 0xE28A, 0xC28A, 0xC28A, 0xE38A, 0xE28A,
  0xE28A, 0xC28A, 0xC28A, 0xC28A, 0xC28A, 0xC28A, 0xC28A, 0xC28A, 0xC28A, 0xC28A, 0xC28A, 0xA28A, 0x42BB, 0xE29A, 0x618A, 0x45D4,
  0xE3CB, 0x818A, 0x02AB, 0x22AB, 0xC28A, 0xC28A, 0xE28A, 0xC28A, 0xC28A, 0xA28A, 0xC28A, 0xC28A, 0xC28A, 0xC28A, 0xC28A, 0xC28A,
  0xC28A, 0xC28A, 0xC28A, 0xC28A, 0xC28A, 0xA28A, 0xA18A, 0x038B, 0x038B, 0xE28A, 0xE28A, 0xE28A, 0xE28A, 0xE28A, 0xE28A, 0xE28A,
  0xE28A, 0xC28A, 0xE28A, 0xE28A, 0xE28A, 0xE28A, 0xC28A, 0xC28A, 0xA3C3, 0xE4C3, 0x4182, 0x248B, 0x0131, 0x0000, 0x0000, 0x0000,
  0x0000, 0x0000, 0x0000, 0x2100, 0x4100, 0x0000, 0x0000, 0x0000, 0x0000, 0x4100, 0x2100, 0x2100, 0x2100, 0x0000, 0x0000, 0x0000,
  0x0000, 0x0000, 0x0000, 0x0000, 0x0000, 0x0000, 0x4100, 0x2100, 0x6200, 0x8308, 0xA308, 0xC308, 0x2100, 0x0000, 0x0000, 0x0000,
  0x0000, 0x0000, 0x0000, 0x0000, 0x0000, 0x0000, 0x0139, 0x4010, 0x0000, 0x0000, 0x0000, 0x0000, 0x0000, 0x0000, 0x0000, 0x0000,
  0x0000, 0x0000, 0x0000, 0x0000, 0x0000, 0x0000, 0x0000, 0x0000, 0x0000, 0x0000, 0x0000, 0x0000, 0x0000, 0x0000, 0x0000, 0x0000,
  0x0000, 0x0000, 0x0000, 0x0000, 0x0000, 0x0000, 0x0000, 0x0000, 0x0000, 0x0000, 0x0000, 0x0000, 0x4018, 0x8071, 0xE038, 0xA161,
  0xE169, 0xC030, 0x0082, 0x6018, 0x0000, 0x0000, 0x0000, 0x0000, 0x0000, 0x0000, 0x0000, 0x0000, 0x0000, 0x0000, 0x0000, 0x0000,
  0x0000, 0x0000, 0x0000, 0x0000, 0x0000, 0x0000, 0x0000, 0x0000, 0x0000, 0x0000, 0x0000, 0x0000, 0x0000, 0x0000, 0x0000, 0x0000,
  0x0000, 0x0000, 0x0000, 0x0000, 0x0000, 0x0000, 0x0000, 0x0000, 0x8020, 0xA028, 0x0000, 0x0000, 0x0000, 0x0000, 0x0000, 0x2100,
  0x0100, 0x2100, 0x0000, 0x0000, 0x0000, 0x0000, 0x0000, 0x0000, 0x0000, 0x0000, 0x0000, 0x2100, 0x0000, 0x0000, 0x0000, 0x0000,
  0x0000, 0x0000, 0x0000, 0x0000, 0x4100, 0x6200, 0x2100, 0x0100, 0x4200, 0x4100, 0x6200, 0x6300, 0xA308, 0x4100, 0x0000, 0x0000,
  0x0000, 0x0000, 0x0000, 0x0000, 0x0000, 0x0000, 0x0000, 0x0000, 0x0000, 0x0000, 0x0000, 0x0000, 0x0000, 0x0000, 0x0000, 0x0000,
  0x0000, 0x0000, 0x0000, 0x0000, 0x0000, 0x0000, 0x0000, 0x0000, 0x0000, 0x0000, 0x0000, 0x0000, 0x0000, 0x0000, 0x0000, 0x0000,
  0x0000, 0x0000, 0x0000, 0x0000, 0x0000, 0x0000, 0x0000, 0x0000, 0x0000, 0x0000, 0x0000, 0x0000, 0x0000, 0x0000, 0x0000, 0xC161,
  0xE171, 0x0000, 0x0000, 0x0000, 0x0000, 0x0000, 0x0000, 0x0000, 0x0000, 0x0000, 0x0000, 0x0000, 0x0000, 0x0000, 0x0000, 0x0000,
  0x0000, 0x0000, 0x0000, 0x0000, 0x0000, 0x0000, 0x0000, 0x0000, 0x0000, 0x0000, 0x0000, 0x0000, 0x0000, 0x0000, 0x0000, 0x0000,
  0x0000, 0x0000, 0x0000, 0x0000, 0x0000, 0x0000, 0x0000, 0x0000, 0x0000, 0x0000, 0x0000, 0x0000, 0x0000, 0x0000, 0x0100, 0x2100,
  0x0000, 0x2100, 0x4100, 0xC208, 0x6100, 0x2100, 0x2100, 0x2100, 0x2100, 0x0000, 0x0000, 0x0000, 0x0000, 0x2100, 0x2100, 0x2100,
  0x0000, 0x0000, 0x0000, 0x0000, 0x2100, 0x4200, 0x8208, 0x4100, 0x0000, 0x2100, 0x8208, 0x6200, 0x8308, 0xC308, 0x2100, 0x0000,
  0x0000, 0x0000, 0x0000, 0x0000, 0x0000, 0x0000, 0x0000, 0x0000, 0x0000, 0x0000, 0x0000, 0x0000, 0x0000, 0x0000, 0x0000, 0x0000,
  0x0000, 0x0000, 0x0000, 0x0000, 0x0000, 0x0000, 0x0000, 0x0000, 0x0000, 0x0000, 0x0000, 0x0000, 0x0000, 0x0000, 0x0000, 0x0000,
  0x0000, 0x0000, 0x0000, 0x0000, 0x0000, 0x0000, 0x0000, 0x0000, 0x0000, 0x0000, 0x0000, 0x0000, 0x0000, 0x0000, 0x0000, 0x0000,
  0x0000, 0x0000, 0x0000, 0x0000, 0x0000, 0x0000, 0x0000, 0x0000, 0x0000, 0x0000, 0x0000, 0x0000, 0x0000, 0x0000, 0x0000, 0x0000,
  0x0000, 0x0000, 0x0000, 0x0000, 0x0000, 0x0000, 0x0000, 0x0000, 0x0000, 0x0000, 0x0000, 0x0000, 0x0000, 0x0000, 0x0000, 0x0000,
  0x0000, 0x0000, 0x0000, 0x0000, 0x0000, 0x0000, 0x0000, 0x0000, 0x0000, 0x0000, 0x0000, 0x0000, 0x0000, 0x0000, 0x0000, 0x0100,
  0x2000, 0xC208, 0x0211, 0x8208, 0xC308, 0xA208, 0x6200, 0x4100, 0x4100, 0x0000, 0x0000, 0x0000, 0x4100, 0x8200, 0x6200, 0x8200,
  0x0000, 0x0000, 0x0000, 0x0000, 0x2100, 0x4100, 0x6200, 0x8208, 0x0000, 0x0000, 0x0000, 0x2100, 0x6200, 0xA308, 0x2100, 0x0000,
  0x0000, 0x0000, 0x0000, 0x0000, 0x0000, 0x0000, 0x0000, 0x0000, 0x0000, 0x0000, 0x0000, 0x0000, 0x0000, 0x0000, 0x0000, 0x0000,
  0x0000, 0x0000, 0x0000, 0x0000, 0x0000, 0x0000, 0x0000, 0x0000, 0x0000, 0x0000, 0x0000, 0x0000, 0x0000, 0x0000, 0x0000, 0x0000,
  0x0000, 0x0000, 0x0000, 0x0000, 0x0000, 0x0000, 0x0000, 0x0000, 0x0000, 0x0000, 0x0000, 0x0000, 0x0000, 0x0000, 0x0000, 0x0000,
  0x0000, 0x0000, 0x0000, 0x0000, 0x0000, 0x0000, 0x0000, 0x0000, 0x0000, 0x0000, 0x0000, 0x0000, 0x0000, 0x0000, 0x0000, 0x0000,
  0x0000, 0x0000, 0x0000, 0x0000, 0x0000, 0x0000, 0x0000, 0x0000, 0x0000, 0x0000, 0x0000, 0x0000, 0x0000, 0x0000, 0x0000, 0x0000,
  0x0000, 0x0000, 0x0000, 0x0000, 0x0000, 0x0000, 0x0000, 0x0000, 0x0000, 0x0000, 0x0000, 0x0000, 0x0000, 0x0000, 0x0000, 0x0000,
  0xC208, 0xC208, 0x8208, 0xC208, 0x6100, 0x6200, 0x2100, 0x0100, 0x6100, 0x8208, 0x2100, 0x4100, 0xC308, 0x4200, 0x6200, 0x6200,
  0x0000, 0x0000, 0x0000, 0x0000, 0x0000, 0x4100, 0x6200, 0x6200, 0x0000, 0x0000, 0x0000, 0x0000, 0x2100, 0x8308, 0x2100, 0x0000,
  0x0000, 0x0000, 0x0000, 0x0000, 0x0000, 0x0000, 0x0000, 0x0000, 0x0000, 0x0000, 0x0000, 0x0000, 0x0000, 0x0000, 0x0000, 0x0000,
  0x0000, 0x0000, 0x0000, 0x0000, 0x0000, 0x0000, 0x0000, 0x0000, 0x0000, 0x0000, 0x0519, 0x2619, 0x0100, 0x0000, 0x0000, 0x0000,
  0x0000, 0x0000, 0x0000, 0x0000, 0x0000, 0x0000, 0x0000, 0x0000, 0x0000, 0x0000, 0x0000, 0x0000, 0x0000, 0x0000, 0x0000, 0x0000,
  0x0000, 0x0000, 0x0000, 0x4621, 0xA310, 0x0000, 0x0000, 0x0000, 0x0000, 0x0000, 0x0000, 0x0000, 0x0000, 0x0000, 0x0000, 0xA310,
  0x4621, 0x2100, 0x0000, 0x0000, 0x0000, 0x2100, 0x4721, 0x0100, 0x0000, 0x0000, 0x0000, 0x0000, 0x0000, 0x0000, 0x0000, 0x0000,
  0x0000, 0x0000, 0x0000, 0x0000, 0x0000, 0x0000, 0x0000, 0x0000, 0x0000, 0x0000, 0x0000, 0x0000, 0x0000, 0x0000, 0x0000, 0x0000,
  0xC208, 0x8200, 0xA208, 0x2100, 0x0000, 0x2000, 0x2100, 0x2100, 0x8308, 0x6200, 0x0000, 0x6200, 0x8208, 0x8200, 0x6200, 0x0100,
  0x6200, 0x6200, 0x2100, 0x0000, 0x0000, 0x0000, 0x4200, 0x2100, 0x0000, 0x0000, 0x4200, 0x0000, 0x0000, 0x4100, 0x2100, 0x0000,
  0x0000, 0x0000, 0x0000, 0x0000, 0x0000, 0x0000, 0x0000, 0x0000, 0x0000, 0x0000, 0x0000, 0x0000, 0x0000, 0x0000, 0x0000, 0x0000,
  0x0000, 0x0000, 0x0000, 0xE518, 0x4208, 0xA310, 0x0000, 0x0000, 0x0000, 0xC410, 0x6721, 0x0519, 0xA929, 0x8308, 0x8310, 0x8310,
  0x8308, 0x8308, 0x8310, 0x8308, 0x8308, 0x8208, 0x8208, 0x8308, 0x2100, 0x0000, 0x0000, 0x0000, 0x6208, 0x2100, 0x8208, 0x8208,
  0x4208, 0x4208, 0xA310, 0x8729, 0xA829, 0xA310, 0x0000, 0x0000, 0x2100, 0x8308, 0x8308, 0x8308, 0x8308, 0x8308, 0x8308, 0xA829,
  0xE418, 0xA829, 0x4100, 0x0000, 0x0000, 0xE518, 0xEA31, 0x2621, 0x0100, 0x0000, 0x0000, 0xC410, 0x2100, 0x0519, 0x0000, 0x0000,
  0x0000, 0x0000, 0x0000, 0x0000, 0x0000, 0x0000, 0x0000, 0x0000, 0x0000, 0x0000, 0x0000, 0x0000, 0x2100, 0xA208, 0x8100, 0x2100,
  0x2100, 0x0000, 0x0000, 0x0000, 0x0000, 0x0000, 0x6200, 0xA308, 0x6200, 0x2100, 0x0000, 0x2100, 0x8308, 0x6200, 0x0000, 0x0000,
  0x4200, 0x8200, 0x6200, 0x2100, 0x0000, 0x0000, 0x0100, 0x0000, 0x0000, 0x2100, 0x6200, 0x4200, 0x0000, 0x0000, 0x0000, 0x0000,
  0x4100, 0x6200, 0x4100, 0x0000, 0x0000, 0x0000, 0x0000, 0x0000, 0x0000, 0x0000, 0x0000, 0x0000, 0x0000, 0x0000, 0x0000, 0x0000,
  0x0000, 0x0000, 0x0000, 0xA831, 0xA310, 0x2519, 0x0000, 0x0000, 0x0000, 0xE518, 0xA829, 0x4621, 0x0A32, 0x6721, 0x0519, 0xE931,
  0x8829, 0x0619, 0x8829, 0x4721, 0xEA31, 0xE518, 0x2621, 0xEA31, 0x4208, 0x0000, 0x0000, 0x0000, 0x0519, 0x6721, 0xE931, 0x4721,
  0xEA31, 0xC410, 0xC931, 0xC931, 0x0519, 0x6721, 0x0000, 0x0000, 0x2100, 0x6721, 0x0B3A, 0x6729, 0xC931, 0x2621, 0xA829, 0xC931,
  0xE518, 0xC931, 0x6208, 0x0000, 0x0000, 0xE418, 0xEA31, 0xEA31, 0x2100, 0x0000, 0x0000, 0x6721, 0x4208, 0xA829, 0x0000, 0x0000,
  0x0000, 0x0000, 0x0000, 0x0000, 0x0000, 0x0000, 0x0000, 0x0000, 0x0000, 0x0000, 0x0000, 0x8100, 0xE208, 0xA208, 0xA208, 0x6200,
  0x4100, 0x4100, 0x0100, 0x0000, 0x0000, 0x6200, 0xE308, 0x8208, 0x2100, 0x0000, 0x0000, 0x0000, 0x6200, 0x0000, 0x0000, 0x0000,
  0x2100, 0x6200, 0x8200, 0x8200, 0x0100, 0x0000, 0x0000, 0x0000, 0x0000, 0x4100, 0x0000, 0x0000, 0x0000, 0x0100, 0x2100, 0x8200,
  0x8308, 0x6200, 0x8308, 0xC308, 0x4100, 0x0000, 0x0000, 0x0000, 0x0000, 0x0000, 0x0000, 0x0000, 0x0000, 0x0000, 0x0000, 0x0000,
  0x0000, 0x0000, 0x0000, 0xA829, 0xA310, 0x2521, 0x0000, 0x0000, 0x0000, 0x6208, 0x0519, 0x6729, 0x4621, 0xC510, 0xE931, 0xE418,
  0x2621, 0xC410, 0x0A32, 0x4721, 0xC931, 0x8829, 0x0519, 0x8829, 0x0000, 0x0000, 0x0000, 0xA310, 0xC410, 0xEA31, 0x0A3A, 0x0100,
  0x0A32, 0x8729, 0xC929, 0xA829, 0x8208, 0xE518, 0x0000, 0x0000, 0x0000, 0xEA31, 0x8829, 0xC410, 0x8729, 0x6721, 0x0519, 0xEA31,
  0x4721, 0x4721, 0x0000, 0x0000, 0x0000, 0xE518, 0xC931, 0xC410, 0x0000, 0x0000, 0x0000, 0x6721, 0x4108, 0x8829, 0x0000, 0x0000,
  0x0000, 0x0000, 0x0000, 0x0000, 0x0000, 0x0000, 0x0000, 0x0000, 0x0000, 0x0000, 0x4100, 0xE308, 0xA208, 0x8208, 0x8200, 0x6100,
  0x6200, 0x4100, 0x6100, 0x6100, 0x0000, 0xA308, 0x8308, 0x2100, 0x0000, 0x0000, 0x0000, 0x2100, 0x2100, 0x0000, 0x0000, 0x0000,
  0x0000, 0x0000, 0x6200, 0x6200, 0x0100, 0x0000, 0x0000, 0x0000, 0x0000, 0x0000, 0x0000, 0x0000, 0x0000, 0x2100, 0x6200, 0x4200,
  0x4100, 0x8208, 0xA308, 0xA308, 0x0309, 0x4100, 0x0000, 0x0000, 0x0000, 0x0000, 0x0000, 0x0000, 0x0000, 0x0000, 0x0000, 0x0000,
  0x0000, 0x0000, 0x0000, 0xA829, 0xA310, 0x2521, 0x0000, 0x0000, 0x0000, 0x6208, 0xE518, 0xC410, 0xC931, 0xA410, 0x8310, 0xE518,
  0x0519, 0x4208, 0x0619, 0xA310, 0x6721, 0xE418, 0xC410, 0x4721, 0x0000, 0x0000, 0x0000, 0x4208, 0x6721, 0x2621, 0x4621, 0x0000,
  0xC410, 0x4100, 0x0519, 0x6621, 0x8308, 0x0519, 0x0000, 0x0000, 0x0000, 0xE518, 0xA829, 0xC410, 0x6729, 0x6208, 0x6721, 0x6721,
  0x2619, 0x4721, 0x0000, 0x0000, 0x0000, 0x0519, 0xC410, 0x4621, 0x0000, 0x0000, 0x0000, 0x6721, 0x4208, 0xA829, 0x0000, 0x0000,
  0x0000, 0x0000, 0x0000, 0x0000, 0x0000, 0x0000, 0x0000, 0x0000, 0x0000, 0x0000, 0x8208, 0x6100, 0x6100, 0x4100, 0x2100, 0x2000,
  0x2100, 0x0100, 0x4100, 0xA208, 0x2100, 0x8308, 0x2100, 0x0000, 0x0000, 0x0000, 0x0000, 0x6200, 0x4200, 0x0000, 0x0000, 0x0000,
  0x0000, 0x0000, 0x0000, 0x0100, 0x0000, 0x0000, 0x0000, 0x0000, 0x0000, 0x0000, 0x8200, 0x8208, 0x2100, 0x0000, 0x0000, 0x2100,
  0x4100, 0x6200, 0x4100, 0x6200, 0xA208, 0xE308, 0x0000, 0x0000, 0x0000, 0x0000, 0x0000, 0x0000, 0x0000, 0x0000, 0x0000, 0x0000,
  0x0000, 0x0000, 0x0000, 0x4108, 0x2100, 0x2100, 0x0000, 0x0000, 0x0000, 0x0100, 0x2100, 0x0000, 0x2100, 0x2100, 0x0000, 0x2100,
  0x2100, 0x0000, 0x0000, 0x2100, 0x2100, 0x0000, 0x2100, 0x2100, 0x0000, 0x0000, 0x0000, 0x0000, 0x0000, 0x0000, 0x2100, 0x0000,
  0x0000, 0x0000, 0x2100, 0x2100, 0x0100, 0x2100, 0x0000, 0x0000, 0x0000, 0x0000, 0x2100, 0x2100, 0x2100, 0x0000, 0x0000, 0x2100,
  0x0000, 0x2100, 0x0000, 0x0000, 0x0000, 0x2100, 0x4721, 0x6208, 0x0000, 0x0000, 0x0000, 0x4100, 0x0100, 0x4208, 0x0000, 0x0000,
  0x0000, 0x0000, 0x0000, 0x0000, 0x0000, 0x0000, 0x0000, 0x0000, 0x0000, 0x0000, 0x0100, 0x0000, 0x0000, 0x0000, 0x0000, 0x0000,
  0x0000, 0x8200, 0xA308, 0x6200, 0x0100, 0x2100, 0x0000, 0x0000, 0x0000, 0x0000, 0x2100, 0x6200, 0x0100, 0x0000, 0x0000, 0x0000,
  0x0000, 0x0000, 0x0000, 0x0000, 0x0000, 0x0000, 0x0000, 0x0000, 0x0000, 0x4100, 0xA308, 0x8208, 0xA208, 0x8208, 0x0100, 0x0000,
  0x2100, 0x0000, 0x0000, 0x0000, 0x2100, 0x6100, 0x0000, 0x0000, 0x0000, 0x0000, 0x0000, 0x0000, 0x0000, 0x0000, 0x0000, 0x0000,
  0x0000, 0x0000, 0x0000, 0x0000, 0x0000, 0x0000, 0x0000, 0x0000, 0x0000, 0x0000, 0x0000, 0x0000, 0x0000, 0x0000, 0x0000, 0x0000,
  0x0000, 0x0000, 0x0000, 0x0000, 0x0000, 0x0000, 0x0000, 0x0000, 0x0000, 0x0000, 0x0000, 0x0000, 0x0000, 0x0000, 0x0000, 0x0000,
  0x0000, 0x0000, 0x0000, 0x0000, 0x0000, 0x0000, 0x0000, 0x0000, 0x0000, 0x0000, 0x0000, 0x0000, 0x0000, 0x0000, 0x0000, 0x0000,
  0x0000, 0x0000, 0x0000, 0x0000, 0x0000, 0x0000, 0x0000, 0x0000, 0x0000, 0x0000, 0x0000, 0x0000, 0x0000, 0x0000, 0x0000, 0x0000,
  0x0000, 0x0000, 0x0000, 0x0000, 0x0000, 0x0000, 0x0000, 0x0000, 0x0000, 0x0000, 0x0000, 0x0000, 0x0000, 0x0000, 0x0000, 0x0000,
  0x0000, 0xC308, 0xA308, 0x2100, 0x0000, 0x0000, 0x0000, 0x0000, 0x0000, 0x0000, 0x2100, 0x0100, 0x0000, 0x0000, 0x0000, 0x0000,
  0x0000, 0x0000, 0x0000, 0x0000, 0x0000, 0x0000, 0x0000, 0x0000, 0x0000, 0x4200, 0x4200, 0x4200, 0x8208, 0xC308, 0x6100, 0x0000,
  0x0000, 0x0000, 0x0000, 0x0000, 0x0000, 0x0000, 0x0000, 0x0000, 0x0000, 0x0000, 0x0000, 0x0000, 0x0000, 0x0000, 0x0000, 0x0000,
  0x0000, 0x0000, 0x0000, 0x0000, 0x0000, 0x0000, 0x0000, 0x0000, 0x0000, 0x0000, 0x0000, 0x0000, 0x0000, 0x0000, 0x0000, 0x0000,
  0x0000, 0x0000, 0x0000, 0x0000, 0x0000, 0x0000, 0x0000, 0x0000, 0x0000, 0x0000, 0x0000, 0x0000, 0x0000, 0x0000, 0x0000, 0x0000,
  0x0000, 0x0000, 0x0000, 0x0000, 0x0000, 0x0000, 0x0000, 0x0000, 0x0000, 0x0000, 0x0000, 0x0000, 0x0000, 0x0000, 0x0000, 0x0000,
  0x0000, 0x0000, 0x0000, 0x0000, 0x0000, 0x0000, 0x0000, 0x0000, 0x0000, 0x0000, 0x0000, 0x0000, 0x0000, 0x0000, 0x0000, 0x0000,
  0x0000, 0x0000, 0x0000, 0x0000, 0x0000, 0x0000, 0x0000, 0x0000, 0x0000, 0x0000, 0x0000, 0x0000, 0x0000, 0xC208, 0xC208, 0x4100,
  0x2000, 0x6100, 0x2100, 0x0000, 0x0000, 0x0000, 0x0000, 0x0000, 0x0000, 0x0000, 0x0000, 0x0000, 0x0000, 0x0000, 0x0000, 0x0000,
  0x0000, 0x0000, 0x0000, 0x0000, 0x0000, 0x0000, 0x0000, 0x0000, 0x0000, 0x4100, 0x2100, 0x2100, 0x4200, 0x8208, 0x2100, 0x0000,
  0x0000, 0x0000, 0x0000, 0x0000, 0x0000, 0x0000, 0x4100, 0x8308, 0xA308, 0x8200, 0x2100, 0x2100, 0x0000, 0x0000, 0x0000, 0x0000,
  0x0000, 0x0000, 0x0000, 0x0100, 0x4721, 0x4208, 0xC410, 0xC410, 0x0000, 0x2619, 0x8308, 0x0000, 0x0000, 0x0000, 0xE418, 0xC410,
  0x2100, 0x4721, 0x8308, 0xA310, 0x2619, 0x0100, 0xC410, 0xC410, 0x6208, 0x0519, 0xA310, 0x0000, 0x0000, 0x0000, 0x0519, 0x8308,
  0xC410, 0xA310, 0x2100, 0xC410, 0xE510, 0x4208, 0x8310, 0x0000, 0xC410, 0x0000, 0x0000, 0x0000, 0x0000, 0xA310, 0x0519, 0x2100,
  0x2619, 0xA410, 0x2100, 0x4721, 0x4100, 0xC410, 0xC410, 0x0000, 0x4721, 0xC410, 0xA310, 0x2619, 0x4208, 0x0000, 0x0000, 0x0000,
  0x0000, 0x0000, 0x0000, 0x0000, 0x0000, 0x0000, 0x0000, 0x0000, 0x0000, 0x0000, 0x0000, 0x6100, 0x8200, 0x6200, 0xA208, 0x6200,
  0x8200, 0x4100, 0x4100, 0x0000, 0x0000, 0x0000, 0x0000, 0x0000, 0x0000, 0x0000, 0x0000, 0x0000, 0x0000, 0x0000, 0x0000, 0x0000,
  0x0000, 0x0000, 0x0000, 0x0000, 0x0000, 0x0000, 0x0000, 0x0000, 0x0000, 0x2100, 0x0000, 0x0000, 0x0000, 0x2100, 0x0000, 0x0000,
  0x0000, 0x0000, 0x0000, 0x0000, 0x2100, 0x6200, 0x8208, 0x6200, 0x8208, 0x6200, 0x8208, 0xA208, 0x2100, 0x0000, 0x0000, 0x0000,
  0x0000, 0x0000, 0x0000, 0x0000, 0x2519, 0x0100, 0x4721, 0xA829, 0x0000, 0xA929, 0x6208, 0x0000, 0x0000, 0x0000, 0x4621, 0x8308,
  0x2100, 0xC931, 0xA310, 0x2619, 0x2621, 0x2100, 0x0A32, 0x6729, 0x8308, 0xC929, 0xE410, 0x0000, 0x0000, 0x0000, 0x2621, 0xE518,
  0x0519, 0xA829, 0x2100, 0x6721, 0x6721, 0x4208, 0xE518, 0x2100, 0x2619, 0x4208, 0x0000, 0x0000, 0x0000, 0xE518, 0x8829, 0x2100,
  0x8829, 0xA410, 0x0100, 0x0519, 0x0000, 0x0519, 0x2619, 0x0000, 0xC929, 0xE518, 0xE518, 0xA929, 0x6208, 0x0000, 0x0000, 0x0000,
  0x0000, 0x0000, 0x0000, 0x0000, 0x0000, 0x0000, 0x0000, 0x0000, 0x0000, 0x0000, 0x6100, 0x0309, 0xA208, 0x6200, 0x6200, 0x2100,
  0x4100, 0x8208, 0x8200, 0x2100, 0x0000, 0x0000, 0x0000, 0x0000, 0x0000, 0x0000, 0x0000, 0x0000, 0x0000, 0x0000, 0x0000, 0x0000,
  0x0000, 0x0000, 0x0000, 0x0000, 0x0000, 0x0000, 0x0000, 0x0000, 0x0000, 0x0000, 0x0000, 0x0000, 0x0000, 0x0000, 0x0000, 0x0000,
  0x0000, 0x0000, 0x2100, 0x0000, 0x4100, 0x6200, 0x4100, 0x4100, 0x2100, 0x2100, 0x6200, 0x8308, 0x8308, 0x2100, 0x0000, 0x0000,
  0x0000, 0x0000, 0x0000, 0x0000, 0x4100, 0x0000, 0x4100, 0x4100, 0x0000, 0x8208, 0x6208, 0x0000, 0x0000, 0x0000, 0x4100, 0x4208,
  0x0000, 0x4100, 0x4100, 0x2100, 0x8208, 0x0000, 0x4208, 0x4208, 0x2100, 0x4100, 0x2100, 0x0000, 0x0000, 0x0000, 0x8208, 0x2100,
  0x4100, 0x4200, 0x2100, 0x4100, 0x4100, 0x2100, 0xA310, 0x2100, 0x4208, 0x8308, 0x0000, 0x0000, 0x0000, 0x4100, 0x4100, 0x2100,
  0x6208, 0x8208, 0x0000, 0x4100, 0x0000, 0x2100, 0x6208, 0x0000, 0x4100, 0x4208, 0x4100, 0x4100, 0x2100, 0x0000, 0x0000, 0x0000,
  0x0000, 0x0000, 0x0000, 0x0000, 0x0000, 0x0000, 0x0000, 0x0000, 0x0000, 0x2100, 0xE308, 0x8200, 0x6200, 0xC208, 0x2100, 0x0000,
  0x6200, 0x6200, 0x2100, 0x4200, 0x4200, 0x0000, 0x0000, 0x0000, 0x0000, 0x0000, 0x0000, 0x0000, 0x0000, 0x0000, 0x0000, 0x0000,
  0x0000, 0x0000, 0x0000, 0x0000, 0x0000, 0x0000, 0x0000, 0x0000, 0x0000, 0x0000, 0x2100, 0x2100, 0x0000, 0x0000, 0x0000, 0x0000,
  0x2100, 0x6200, 0xA208, 0x6200, 0x0000, 0x0000, 0x0100, 0x2100, 0x2100, 0x2100, 0x2100, 0x2100, 0x6200, 0x8200, 0x0100, 0x0000,
  0x0000, 0x0000, 0x0000, 0x0000, 0x0000, 0x0000, 0x0000, 0x0000, 0x0000, 0x0000, 0x0000, 0x0000, 0x0000, 0x0000, 0x0000, 0x0000,
  0x0000, 0x0000, 0x0000, 0x0000, 0x0000, 0x0000, 0x0000, 0x0000, 0x0100, 0x0000, 0x0000, 0x0000, 0x0000, 0x0000, 0x0000, 0x0000,
  0x0000, 0x0100, 0x0000, 0x0000, 0x0000, 0x0000, 0x0000, 0x0000, 0x0000, 0x0000, 0x0000, 0x0000, 0x0000, 0x0000, 0x0000, 0x0000,
  0x0000, 0x0000, 0x0000, 0x0000, 0x0000, 0x0000, 0x0000, 0x0000, 0x0000, 0x0000, 0x0000, 0x0000, 0x0000, 0x0000, 0x0000, 0x0000,
  0x0000, 0x0000, 0x0000, 0x0000, 0x0000, 0x0000, 0x0000, 0x0000, 0x0000, 0x8100, 0x6200, 0x6100, 0x2100, 0x2100, 0x0000, 0x2100,
  0x8200, 0x4100, 0x0000, 0x0000, 0x4100, 0x0000, 0x0000, 0x0000, 0x0000, 0x0000, 0x0000, 0x0000, 0x0000, 0x0000, 0x0000, 0x0000,
  0x0000, 0x0000, 0x0000, 0x0000, 0x0000, 0x0000, 0x0000, 0x0000, 0x0000, 0x0000, 0x2100, 0x6200, 0x6200, 0x0100, 0x0000, 0x0000,
  0x4200, 0x8208, 0xA308, 0xA208, 0x6200, 0x0000, 0x0000, 0x0000, 0x0000, 0x0000, 0x0000, 0x0000, 0x0000, 0x2100, 0x2100, 0x0000,
  0x0000, 0x0000, 0x0000, 0x0000, 0x0000, 0x0000, 0x0000, 0x0000, 0x0000, 0x0000, 0x0000, 0x0000, 0x0000, 0x0000, 0x0000, 0x0000,
  0x0000, 0x0000, 0x0000, 0x0000, 0x0000, 0x0000, 0x0000, 0x0000, 0x2100, 0x4200, 0x4200, 0x4200, 0x2100, 0x2100, 0x2100, 0x8308,
  0x4721, 0x2100, 0x4100, 0x0000, 0x4200, 0x4200, 0x4200, 0x4100, 0x0100, 0x0000, 0x0000, 0x0000, 0x0000, 0x0000, 0x0000, 0x0000,
  0x0000, 0x0000, 0x0000, 0x0000, 0x0000, 0x0000, 0x0000, 0x0000, 0x0000, 0x0000, 0x0000, 0x0000, 0x0000, 0x0000, 0x0000, 0x0000,
  0x0000, 0x0000, 0x0000, 0x0000, 0x0000, 0x0000, 0x0000, 0x0000, 0x0000, 0x0000, 0x0000, 0x0000, 0x0000, 0x0000, 0x0000, 0x8200,
  0x8200, 0x0000, 0x0000, 0x0000, 0x0000, 0x0000, 0x0000, 0x0000, 0x0000, 0x0000, 0x0000, 0x0000, 0x0000, 0x0000, 0x0000, 0x0000,
  0x0000, 0x0000, 0x0000, 0x0000, 0x0000, 0x0000, 0x0000, 0x0000, 0x0000, 0x0000, 0x0100, 0x4100, 0x8208, 0x6200, 0x0100, 0x0000,
  0x6200, 0x4100, 0x4200, 0x4100, 0x8200, 0x2100, 0x0000, 0x0000, 0x2100, 0x4100, 0xA308, 0x8208, 0x0100, 0x0000, 0x0000, 0x0000,
  0x0000, 0x2100, 0x4100, 0x4100, 0x2100, 0x0000, 0x0000, 0x0000, 0x0000, 0x0000, 0x0000, 0x0000, 0x0000, 0x0000, 0x0000, 0x0000,
  0x0000, 0x0000, 0x0000, 0x0000, 0x0000, 0x0000, 0x0000, 0x0100, 0x8408, 0xA510, 0xC510, 0xE510, 0x0619, 0x8308, 0x0619, 0x4721,
  0x6821, 0x2619, 0xE510, 0xC510, 0xC510, 0xC510, 0xC510, 0xA410, 0x2100, 0x0000, 0x0000, 0x0000, 0x0000, 0x0000, 0x0000, 0x0000,
  0x0000, 0x0000, 0x0000, 0x0000, 0x0000, 0x0000, 0x0000, 0x0000, 0x0000, 0x0000, 0x0000, 0x0000, 0x0000, 0x0000, 0x0000, 0x0000,
  0x0000, 0x0000, 0x0000, 0x0000, 0x0000, 0x0000, 0x6200, 0x6200, 0x6100, 0x2100, 0x0000, 0x0000, 0x0000, 0x0000, 0x0000, 0x6200,
  0x4100, 0x0000, 0x0000, 0x0000, 0x0000, 0x0000, 0x0000, 0x0000, 0x0000, 0x0000, 0x0000, 0x0000, 0x0000, 0x0000, 0x0000, 0x0000,
  0x0000, 0x0000, 0x0000, 0x0000, 0x0000, 0x0000, 0x0000, 0x0000, 0x0000, 0x0000, 0x0000, 0x0000, 0x2100, 0x6200, 0x2100, 0x0000,
  0x0000, 0x0000, 0x0000, 0x0000, 0x4100, 0x2100, 0x0000, 0x0000, 0x6100, 0x6200, 0x8308, 0xA308, 0xC308, 0x2100, 0x4100, 0x0000,
  0x2100, 0x8200, 0x8200, 0x4100, 0x4100, 0x6200, 0x2100, 0x0000, 0x0000, 0x0000, 0x0000, 0x0000, 0x0000, 0x0000, 0x0000, 0x0000,
  0x0000, 0x0000, 0x0000, 0x0000, 0x0000, 0x0000, 0x0000, 0x0000, 0x0000, 0x0000, 0x0000, 0x0000, 0x4200, 0x2100, 0x4200, 0x6821,
  0x0619, 0xA410, 0x2100, 0x4208, 0x0000, 0x0000, 0x0000, 0x0000, 0x0000, 0x0000, 0x0000, 0x0000, 0x0000, 0x0000, 0x0000, 0x0000,
  0x0000, 0x0000, 0x0000, 0x0000, 0x0000, 0x0000, 0x0000, 0x0000, 0x0000, 0x0000, 0x0000, 0x0000, 0x0000, 0x0000, 0x0000, 0x0000,
  0x0000, 0x0000, 0x0000, 0x0000, 0x0000, 0x2100, 0xC308, 0x6200, 0xA308, 0xA208, 0x6200, 0x0000, 0x0000, 0x0000, 0x0000, 0x2000,
  0x0000, 0x0000, 0x0000, 0x0000, 0x0000, 0x0000, 0x0000, 0x0000, 0x0000, 0x0000, 0x0000, 0x0000, 0x0000, 0x0000, 0x0000, 0x0000,
  0x0000, 0x0000, 0x0000, 0x0000, 0x0000, 0x0000, 0x0000, 0x0000, 0x0000, 0x0000, 0x0000, 0x0000, 0x0000, 0x0000, 0x0000, 0x0000,
  0x0000, 0x0000, 0x0000, 0x0000, 0x0000, 0x0000, 0x0000, 0x0000, 0x0100, 0x4100, 0x4200, 0x8308, 0x4200, 0x6200, 0xC308, 0x6200,
  0x2100, 0x2100, 0x4100, 0x2100, 0x6200, 0x6200, 0x6200, 0x2100, 0x0000, 0x0000, 0x6200, 0x4200, 0x0000, 0x0000, 0x0000, 0x0000,
  0x0000, 0x0000, 0x0000, 0x0000, 0x0000, 0x0000, 0x0000, 0x0000, 0x0000, 0x0000, 0x0000, 0x0000, 0x0000, 0x0000, 0x0000, 0x2100,
  0xC410, 0x0000, 0x0000, 0x0000, 0x0000, 0x0000, 0x0000, 0x0000, 0x0000, 0x0000, 0x0000, 0x0000, 0x0000, 0x0000, 0x0000, 0x0000,
  0x0000, 0x0000, 0x0000, 0x0000, 0x0000, 0x0000, 0x0000, 0x0000, 0x0000, 0x0000, 0x0000, 0x0000, 0x0000, 0x0000, 0x0000, 0x0000,
  0x0000, 0x0000, 0x0000, 0x0000, 0x4100, 0xA308, 0x4200, 0x6200, 0x4200, 0x6200, 0x4100, 0x2100, 0xA208, 0x4100, 0x2100, 0x2100,
  0x8200, 0x6200, 0x0000, 0x0000, 0x0000, 0x0000, 0x0000, 0x0000, 0x0000, 0x0000, 0x0000, 0x0000, 0x0000, 0x0000, 0x0000, 0x0000,
  0x0000, 0x0000, 0x0000, 0x0000, 0x0000, 0x0000, 0x0000, 0x0000, 0x0000, 0x0000, 0x0000, 0x0000, 0x0000, 0x0000, 0x0000, 0x0000,
  0x0000, 0x0000, 0x0000, 0x0000, 0x0000, 0x0000, 0x0000, 0x0000, 0x0000, 0x0000, 0x0000, 0x4100, 0x2100, 0x2100, 0x6200, 0x8308,
  0x6200, 0x0000, 0x4100, 0x2100, 0x4100, 0x4100, 0x2100, 0x6200, 0x0000, 0x4100, 0x6200, 0x6200, 0x4100, 0x2100, 0x4200, 0x2100,
  0x0000, 0x0000, 0x0000, 0x0000, 0x0000, 0x0000, 0x0000, 0x0000, 0x0000, 0x0000, 0x0000, 0x0000, 0x0000, 0x0000, 0x0000, 0x0000,
  0x0000, 0x0000, 0x0000, 0x0000, 0x0000, 0x0000, 0x0000, 0x0000, 0x0000, 0x0000, 0x0000, 0x0000, 0x0000, 0x0000, 0x0000, 0x0000,
  0x0000, 0x0000, 0x0000, 0x0000, 0x0000, 0x0000, 0x0000, 0x0000, 0x0000, 0x0000, 0x0000, 0x0000, 0x0000, 0x0000, 0x0000, 0x0000,
  0x0100, 0x0100, 0x0000, 0x0000, 0x8200, 0x4100, 0x6200, 0x2100, 0x0100, 0x2100, 0x0000, 0xA208, 0xA208, 0x4100, 0x0000, 0x2100,
  0x8200, 0x6200, 0x0000, 0x0000, 0x0000, 0x0000, 0x0000, 0x0000, 0x0000, 0x0000, 0x0000, 0x0000, 0x0000, 0x0000, 0x0000, 0x0000,
  0x0000, 0x0000, 0x0000, 0x0000, 0x0000, 0x0000, 0x0000, 0x0000, 0x0000, 0x0000, 0x0000, 0x0000, 0x0000, 0x0000, 0x0000, 0x0000,
  0x0000, 0x0000, 0x0000, 0x0000, 0x0000, 0x0000, 0x0000, 0x0000, 0x0000, 0x0000, 0x0000, 0x0000, 0x0000, 0x0000, 0x2100, 0x2100,
  0x4100, 0x0000, 0x0000, 0x0000, 0x0000, 0x0000, 0x0000, 0x2100, 0x0100, 0x2100, 0x0000, 0x4100, 0x2100, 0x6200, 0x4200, 0x4200,
  0x2100, 0x0000, 0x0000, 0x0000, 0x0000, 0x0000, 0x0000, 0x0000, 0x0000, 0x0000, 0x0000, 0x0000, 0x0000, 0x0000, 0x0000, 0x0000,
  0x0000, 0x0000, 0x0000, 0x0000, 0x0000, 0x0000, 0x0000, 0x0000, 0x0000, 0x0000, 0x0000, 0x0000, 0x0000, 0x0000, 0x0000, 0x0000,
  0x0000, 0x0000, 0x0000, 0x0000, 0x0000, 0x0000, 0x0000, 0x0000, 0x0000, 0x0000, 0x0000, 0x0000, 0x0000, 0x0000, 0x0100, 0x2100,
  0x8200, 0x8200, 0x2100, 0x0000, 0x0100, 0x0000, 0x0000, 0x0000, 0x0000, 0x0000, 0x4100, 0x4100, 0x4100, 0x2100, 0x0000, 0x0000,
  0x4100, 0x2100, 0x0000, 0x0000, 0x0000, 0x0000, 0x0000, 0x0000, 0x0000, 0x0000, 0x0000, 0x0000, 0x0000, 0x0000, 0x0000, 0x0000,
  0x0000, 0x0000, 0x0000, 0x0000, 0x0000, 0x0000, 0x0000, 0x0000, 0x0000, 0x0000, 0x0000, 0x0000, 0x0000, 0x0000, 0x0000, 0x0000,
  0x0000, 0x0000, 0x0000, 0x0000, 0x0000, 0x0000, 0x0000, 0x0000, 0x0000, 0x0000, 0x0000, 0x0000, 0x0000, 0x0000, 0x0000, 0x0000,
  0x0000, 0x0000, 0x0000, 0x0000, 0x0000, 0x0000, 0x0000, 0x0000, 0x0000, 0x0000, 0x0000, 0x0000, 0x0100, 0x2100, 0x0100, 0x4100,
  0x6200, 0x2100, 0x0000, 0x0000, 0x0000, 0x0000, 0x0000, 0x0000, 0x0000, 0x0000, 0x0000, 0x0000, 0x0000, 0x0000, 0x0000, 0x0000,
  0x0000, 0x0000, 0x0000, 0x0000, 0x0000, 0x0000, 0x0000, 0x0000, 0x0000, 0x0000, 0x0000, 0x0000, 0x0000, 0x0000, 0x0000, 0x0000,
  0x0000, 0x0000, 0x0000, 0x0000, 0x0000, 0x0000, 0x0000, 0x0000, 0x0000, 0x0000, 0x0000, 0x0000, 0x0000, 0x0000, 0x4100, 0x6200,
  0x2100, 0x2100, 0x6200, 0x2100, 0x0000, 0x0000, 0x0000, 0x0000, 0x0000, 0x0000, 0x0000, 0x0000, 0x0000, 0x0000, 0x0000, 0x0000,
  0x0000, 0x0000, 0x0000, 0x0000, 0x0000, 0x0000, 0x0000, 0x0000, 0x0000, 0x0000, 0x0000, 0x0000, 0x0000, 0x0000, 0x0000, 0x0000,
};

// 128x160 Main Title Screen Background (without menu, big-endian RGB565)
static const uint16_t PROGMEM image_withoutmenu_pixels[20480] = {
  0x0025, 0x0045, 0x0046, 0x0046, 0x0045, 0x0045, 0x0024, 0x0003, 0x0002, 0x0002, 0x0003, 0x0004, 0x0024, 0x0004, 0x0024, 0x0004,
  0x0004, 0x0004, 0x0003, 0x0003, 0x0003, 0x0002, 0x0002, 0x0002, 0x0002, 0x0002, 0x0002, 0x0002, 0x0002, 0x0003, 0x0003, 0x0003,
  0x0003, 0x0003, 0x0003, 0x0003, 0x0003, 0x0003, 0x0003, 0x0003, 0x0003, 0x0003, 0x0002, 0x0002, 0x0003, 0x0003, 0x0002, 0x0002,
  0x0062, 0x0862, 0x10A2, 0x0020, 0x0861, 0x0861, 0x0020, 0x0841, 0x0000, 0x0000, 0x0000, 0x0041, 0x0000, 0x0042, 0x0042, 0x0000,
  0x0000, 0x0000, 0x0022, 0x0000, 0x0000, 0x0000, 0x0000, 0x0000, 0x0000, 0x0000, 0x0021, 0x0063, 0x0021, 0x0000, 0x1800, 0x0000,
  0x0000, 0x0042, 0x0021, 0x0000, 0x0000, 0x0021, 0x0042, 0x0000, 0x0001, 0x0000, 0x0001, 0x0000, 0x0000, 0x0000, 0x0021, 0x0062,
  0x0021, 0x0000, 0x0000, 0x0021, 0x0000, 0x0000, 0x0000, 0x0800, 0x0000, 0x0000, 0x0000, 0x0000, 0x0000, 0x0022, 0x0001, 0x0000,
  0x0022, 0x0001, 0x0000, 0x0000, 0x0000, 0x0021, 0x0001, 0x0000, 0x0000, 0x0000, 0x0000, 0x0000, 0x0021, 0x0022, 0x0000, 0x0001,
  0x0025, 0x0045, 0x0045, 0x0046, 0x0046, 0x0046, 0x0046, 0x0045, 0x0003, 0x0002, 0x0002, 0x0003, 0x0004, 0x0004, 0x0003, 0x0003,
  0x0003, 0x0003, 0x0003, 0x0003, 0x0003, 0x0002, 0x0002, 0x0002, 0x0002, 0x0003, 0x0003, 0x0003, 0x0003, 0x0003, 0x0003, 0x0003,
  0x0003, 0x0003, 0x0003, 0x0003, 0x0003, 0x0003, 0x0003, 0x0003, 0x0003, 0x0024, 0x0023, 0x0003, 0x0003, 0x0002, 0x0002, 0x0001,
  0x0022, 0x0861, 0x20C2, 0x1881, 0x1081, 0x0841, 0x0020, 0x0021, 0x0000, 0x0041, 0x0000, 0x0021, 0x0062, 0x0062, 0x0042, 0x0041,
  0x0021, 0x0021, 0x0000, 0x0000, 0x0000, 0x0000, 0x0000, 0x0000, 0x0000, 0x0000, 0x0021, 0x0082, 0x0021, 0x0000, 0x3800, 0x0800,
  0x0000, 0x0022, 0x0000, 0x0000, 0x0000, 0x0062, 0x0042, 0x0000, 0x0021, 0x0000, 0x0021, 0x0021, 0x0042, 0x0000, 0x0021, 0x0062,
  0x0062, 0x0041, 0x0000, 0x0000, 0x0000, 0x0000, 0x0800, 0x0800, 0x0000, 0x0000, 0x0001, 0x0001, 0x0000, 0x0000, 0x0000, 0x0042,
  0x0042, 0x0001, 0x0022, 0x0000, 0x0000, 0x0022, 0x0042, 0x0000, 0x0000, 0x0000, 0x0000, 0x0000, 0x0020, 0x0042, 0x0042, 0x0000,
  0x0045, 0x0045, 0x0046, 0x0046, 0x0045, 0x0045, 0x0046, 0x0846, 0x0046, 0x0023, 0x0002, 0x0002, 0x0003, 0x0003, 0x0002, 0x0002,
  0x0003, 0x0003, 0x0003, 0x0003, 0x0002, 0x0023, 0x0002, 0x0002, 0x0003, 0x0003, 0x0003, 0x0002, 0x0003, 0x0003, 0x0003, 0x0003,
  0x0003, 0x0003, 0x0003, 0x0003, 0x0003, 0x0003, 0x0003, 0x0003, 0x0003, 0x0003, 0x0003, 0x0003, 0x0024, 0x0003, 0x0002, 0x0002,
  0x0022, 0x3102, 0x20A1, 0x0840, 0x18A1, 0x0861, 0x0820, 0x1081, 0x0020, 0x0000, 0x0000, 0x0020, 0x0882, 0x0062, 0x0021, 0x0020,
  0x0021, 0x0021, 0x0000, 0x0021, 0x0000, 0x0000, 0x0000, 0x0000, 0x0000, 0x0000, 0x0000, 0x0062, 0x0021, 0x0800, 0x5800, 0x1800,
  0x0000, 0x0000, 0x0000, 0x0000, 0x0062, 0x0082, 0x0021, 0x0041, 0x0063, 0x0000, 0x0000, 0x0042, 0x0062, 0x0041, 0x0000, 0x0062,
  0x0082, 0x0062, 0x0000, 0x0000, 0x0000, 0x0800, 0x0800, 0x0000, 0x0000, 0x0000, 0x0041, 0x0021, 0x0000, 0x0000, 0x0000, 0x0062,
  0x0042, 0x0042, 0x0001, 0x0042, 0x0000, 0x0021, 0x0021, 0x0041, 0x0000, 0x0000, 0x0000, 0x0000, 0x0000, 0x0062, 0x0042, 0x0000,
  0x0045, 0x0045, 0x0046, 0x0045, 0x0046, 0x0046, 0x0046, 0x0046, 0x0866, 0x0866, 0x0003, 0x0002, 0x0002, 0x0003, 0x0003, 0x0003,
  0x0002, 0x0003, 0x0003, 0x0003, 0x0003, 0x0845, 0x0024, 0x0002, 0x0003, 0x0003, 0x0003, 0x0003, 0x0003, 0x0003, 0x0003, 0x0003,
  0x0003, 0x0003, 0x0003, 0x0003, 0x0003, 0x0003, 0x0003, 0x0003, 0x0003, 0x0003, 0x0003, 0x0003, 0x0004, 0x0024, 0x0003, 0x0002,
  0x18A2, 0x1882, 0x0001, 0x1881, 0x28C2, 0x20C1, 0x1881, 0x1081, 0x0020, 0x0000, 0x0000, 0x0020, 0x0062, 0x0000, 0x0000, 0x0000,
  0x0021, 0x0000, 0x0041, 0x0062, 0x0000, 0x0042, 0x0021, 0x0001, 0x0021, 0x0000, 0x0000, 0x0000, 0x0000, 0x0800, 0x6800, 0x2000,
  0x0000, 0x0000, 0x0000, 0x0020, 0x08A2, 0x0063, 0x0022, 0x0062, 0x0042, 0x0062, 0x0042, 0x0062, 0x0082, 0x0062, 0x0000, 0x0000,
  0x0082, 0x0082, 0x0000, 0x0000, 0x0000, 0x1000, 0x0000, 0x0000, 0x0000, 0x0042, 0x0041, 0x0021, 0x0000, 0x0000, 0x0000, 0x10A2,
  0x0062, 0x0062, 0x0000, 0x0062, 0x0042, 0x0042, 0x0062, 0x0042, 0x0000, 0x0000, 0x0000, 0x0000, 0x0000, 0x0041, 0x0062, 0x0020,
  0x0024, 0x0045, 0x0046, 0x0046, 0x0046, 0x0046, 0x0045, 0x0046, 0x0866, 0x1066, 0x0044, 0x0002, 0x0002, 0x0002, 0x0002, 0x0002,
  0x0002, 0x0003, 0x0003, 0x0003, 0x0003, 0x0003, 0x0003, 0x0002, 0x0003, 0x0003, 0x0003, 0x0003, 0x0003, 0x0003, 0x0003, 0x0003,
  0x0003, 0x0003, 0x0003, 0x0003, 0x0003, 0x0003, 0x0003, 0x0003, 0x0003, 0x0003, 0x0003, 0x0003, 0x0003, 0x0003, 0x0003, 0x0003,
  0x0002, 0x0003, 0x0002, 0x3102, 0x3102, 0x3101, 0x0840, 0x0882, 0x0841, 0x0041, 0x0841, 0x0021, 0x0000, 0x0020, 0x0800, 0x2861,
  0x0041, 0x0000, 0x10A2, 0x0082, 0x0021, 0x0062, 0x0062, 0x0042, 0x0042, 0x0000, 0x0000, 0x0000, 0x0000, 0x1000, 0x8000, 0x3800,
  0x1000, 0x0000, 0x0000, 0x0841, 0x0062, 0x10C3, 0x0083, 0x0062, 0x0041, 0x0082, 0x0062, 0x0082, 0x0041, 0x0082, 0x0000, 0x0000,
  0x0020, 0x0041, 0x0000, 0x0000, 0x1000, 0x0800, 0x0000, 0x0000, 0x0000, 0x0041, 0x0000, 0x0000, 0x0000, 0x0000, 0x0000, 0x18A2,
  0x0882, 0x0041, 0x0000, 0x08A2, 0x0062, 0x0062, 0x0882, 0x0042, 0x0000, 0x0000, 0x0000, 0x0000, 0x0000, 0x0000, 0x0041, 0x0000,
  0x0003, 0x0024, 0x0024, 0x0046, 0x0046, 0x0046, 0x0046, 0x0045, 0x0046, 0x0866, 0x0845, 0x0024, 0x0003, 0x0002, 0x0002, 0x0003,
  0x0024, 0x0045, 0x0846, 0x0003, 0x0003, 0x0003, 0x0002, 0x0003, 0x0003, 0x0003, 0x0003, 0x0003, 0x0003, 0x0003, 0x0003, 0x0003,
  0x0003, 0x0002, 0x0003, 0x0003, 0x0003, 0x0003, 0x0003, 0x0003, 0x0003, 0x0003, 0x0003, 0x0003, 0x0003, 0x0003, 0x0003, 0x0003,
  0x0003, 0x0002, 0x0002, 0x20A2, 0x30E1, 0x0000, 0x0022, 0x10A2, 0x0821, 0x0840, 0x0021, 0x0841, 0x1081, 0x0840, 0x0000, 0x2840,
  0x0000, 0x0820, 0x10A2, 0x08A2, 0x0082, 0x0061, 0x0862, 0x0021, 0x0062, 0x0000, 0x0000, 0x0000, 0x0000, 0x1000, 0x9800, 0x5000,
  0x2000, 0x0800, 0x0000, 0x0000, 0x0841, 0x10C3, 0x08A2, 0x0020, 0x0020, 0x08A2, 0x08A2, 0x0062, 0x0000, 0x0041, 0x0000, 0x0000,
  0x0000, 0x0000, 0x0000, 0x0800, 0x1000, 0x0000, 0x0000, 0x0000, 0x0000, 0x0000, 0x0000, 0x0000, 0x0000, 0x0000, 0x0000, 0x1061,
  0x1082, 0x0000, 0x0000, 0x1081, 0x0082, 0x0082, 0x0021, 0x0021, 0x0000, 0x0000, 0x0000, 0x0021, 0x0000, 0x0000, 0x0000, 0x0000,
  0x0003, 0x0003, 0x0024, 0x0024, 0x0024, 0x0046, 0x0046, 0x0046, 0x0046, 0x0045, 0x0045, 0x1087, 0x0003, 0x0003, 0x0023, 0x0045,
  0x0846, 0x0866, 0x0866, 0x0045, 0x0003, 0x0003, 0x0003, 0x0003, 0x0003, 0x0003, 0x0003, 0x0003, 0x0003, 0x0003, 0x0003, 0x0003,
  0x0003, 0x0002, 0x0002, 0x0002, 0x0002, 0x0003, 0x0003, 0x0003, 0x0003, 0x0003, 0x0003, 0x0003, 0x0003, 0x0003, 0x0003, 0x0003,
  0x0003, 0x0003, 0x0002, 0x28C2, 0x0822, 0x0002, 0x0022, 0x0021, 0x0002, 0x0861, 0x0062, 0x20C1, 0x1060, 0x0020, 0x1061, 0x0840,
  0x1000, 0x1800, 0x1081, 0x18C2, 0x10C2, 0x0861, 0x0000, 0x1001, 0x0841, 0x0000, 0x0000, 0x0800, 0x0000, 0x1000, 0x9800, 0x6000,
  0x3000, 0x1000, 0x0000, 0x0000, 0x0840, 0x10E3, 0x08A2, 0x0000, 0x0000, 0x0861, 0x10C2, 0x0061, 0x0000, 0x0000, 0x0000, 0x0800,
  0x0000, 0x0000, 0x0000, 0x1000, 0x0800, 0x0000, 0x0000, 0x0000, 0x0000, 0x0000, 0x0022, 0x0001, 0x0000, 0x0000, 0x0000, 0x0861,
  0x0020, 0x0000, 0x0000, 0x0000, 0x08A2, 0x08A2, 0x0020, 0x0000, 0x0000, 0x0000, 0x0000, 0x0042, 0x0000, 0x0001, 0x0000, 0x0001,
  0x0003, 0x0003, 0x0003, 0x0003, 0x0003, 0x0045, 0x0045, 0x0846, 0x0866, 0x0866, 0x0866, 0x0866, 0x0866, 0x0845, 0x0866, 0x0045,
  0x0003, 0x0045, 0x0866, 0x0846, 0x0044, 0x0024, 0x0003, 0x0003, 0x0003, 0x0003, 0x0003, 0x0003, 0x0003, 0x0003, 0x0003, 0x0003,
  0x0002, 0x0002, 0x0002, 0x0002, 0x0002, 0x0002, 0x0002, 0x0003, 0x0003, 0x0003, 0x0003, 0x0003, 0x0003, 0x0003, 0x0003, 0x0003,
  0x0003, 0x0003, 0x0003, 0x0022, 0x0003, 0x0003, 0x0001, 0x0002, 0x20A2, 0x30E1, 0x1061, 0x18C1, 0x0000, 0x0840, 0x1881, 0x28C1,
  0x0020, 0x1000, 0x1060, 0x18E2, 0x18C2, 0x0000, 0x0000, 0x0800, 0x0800, 0x1000, 0x0800, 0x0800, 0x0800, 0x1000, 0xA000, 0x8800,
  0x4000, 0x2000, 0x0000, 0x0000, 0x0000, 0x18E3, 0x0000, 0x0000, 0x0000, 0x0000, 0x10A2, 0x0020, 0x0000, 0x0000, 0x0000, 0x0000,
  0x0820, 0x0000, 0x0000, 0x1000, 0x0000, 0x0000, 0x0000, 0x0000, 0x0000, 0x0000, 0x0021, 0x0021, 0x0021, 0x0000, 0x0000, 0x0000,
  0x0000, 0x1000, 0x0800, 0x0000, 0x0841, 0x10A2, 0x0000, 0x0000, 0x0000, 0x0000, 0x0021, 0x0062, 0x0021, 0x0021, 0x0001, 0x0042,
  0x0002, 0x0003, 0x0002, 0x0002, 0x0003, 0x0003, 0x0023, 0x0024, 0x0866, 0x0866, 0x0866, 0x0866, 0x0045, 0x0025, 0x0003, 0x0003,
  0x0003, 0x0003, 0x0004, 0x0003, 0x0845, 0x0024, 0x0045, 0x0003, 0x0003, 0x0024, 0x0003, 0x0003, 0x0003, 0x0003, 0x0003, 0x0002,
  0x0002, 0x0002, 0x1082, 0x83C9, 0x0001, 0x0002, 0x0002, 0x0003, 0x0003, 0x0003, 0x0003, 0x0003, 0x0003, 0x0003, 0x0003, 0x0003,
  0x0024, 0x0003, 0x0003, 0x0003, 0x0003, 0x0003, 0x0002, 0x0822, 0x3102, 0x28A1, 0x18A1, 0x20C1, 0x1061, 0x3102, 0x1040, 0x28C0,
  0x1061, 0x0000, 0x0840, 0x2902, 0x0020, 0x0000, 0x0000, 0x0000, 0x0000, 0x1000, 0x2020, 0x0800, 0x0000, 0x2000, 0xA820, 0x8000,
  0x6000, 0x2800, 0x1800, 0x0000, 0x0000, 0x0861, 0x0000, 0x0000, 0x0000, 0x0000, 0x0020, 0x0000, 0x0800, 0x1000, 0x0800, 0x0000,
  0x0820, 0x0000, 0x0000, 0x1000, 0x0000, 0x0000, 0x0000, 0x0021, 0x0000, 0x0000, 0x0001, 0x0042, 0x0000, 0x0000, 0x0000, 0x0000,
  0x0000, 0x1820, 0x0800, 0x0000, 0x0000, 0x0841, 0x0000, 0x0000, 0x0000, 0x0000, 0x0000, 0x0062, 0x0062, 0x0020, 0x0022, 0x0042,
  0x0003, 0x0003, 0x0003, 0x0003, 0x0003, 0x0003, 0x0002, 0x0003, 0x0045, 0x0003, 0x0024, 0x0866, 0x0845, 0x0003, 0x0003, 0x0003,
  0x0003, 0x0003, 0x0003, 0x0003, 0x0003, 0x0024, 0x0002, 0x0003, 0x0003, 0x0003, 0x0003, 0x0003, 0x0003, 0x0003, 0x0002, 0x0002,
  0x0002, 0x0001, 0xB4C8, 0xEDA7, 0x5A64, 0x0002, 0x0002, 0x0002, 0x0002, 0x0003, 0x0003, 0x0003, 0x0003, 0x0003, 0x0003, 0x0003,
  0x0003, 0x0003, 0x0003, 0x0003, 0x0003, 0x0003, 0x0003, 0x1043, 0x0022, 0x0842, 0x4142, 0x28C1, 0x28A0, 0x4121, 0x20A0, 0x0000,
  0x0001, 0x0000, 0x0000, 0x1040, 0x0000, 0x0000, 0x0020, 0x0000, 0x0000, 0x0000, 0x0800, 0x2020, 0x1800, 0x2800, 0xB020, 0x9000,
  0x6000, 0x4800, 0x3800, 0x0800, 0x0000, 0x0000, 0x0000, 0x0021, 0x0021, 0x0000, 0x0000, 0x0000, 0x1000, 0x2000, 0x1000, 0x0800,
  0x0000, 0x0000, 0x0000, 0x1000, 0x0000, 0x0000, 0x0000, 0x0021, 0x0022, 0x0000, 0x0021, 0x0062, 0x0000, 0x0000, 0x0000, 0x0000,
  0x0000, 0x1020, 0x2020, 0x0800, 0x0000, 0x0000, 0x0000, 0x0000, 0x0000, 0x0000, 0x0000, 0x0862, 0x0062, 0x0000, 0x0021, 0x0021,
  0x0003, 0x0003, 0x0003, 0x0003, 0x0003, 0x0003, 0x0003, 0x0003, 0x0003, 0x0024, 0x0003, 0x0024, 0x0845, 0x0024, 0x0024, 0x0003,
  0x0003, 0x0003, 0x0003, 0x0003, 0x0003, 0x0003, 0x0003, 0x0003, 0x0003, 0x0003, 0x0002, 0x0002, 0x0002, 0x0002, 0x0002, 0x0002,
  0x0002, 0x0001, 0x4161, 0x7AA0, 0x18A0, 0x0001, 0x0002, 0x0002, 0x0002, 0x0002, 0x0002, 0x0003, 0x0003, 0x0003, 0x0003, 0x0003,
  0x0003, 0x0003, 0x0003, 0x0003, 0x0003, 0x0003, 0x0003, 0x0002, 0x0003, 0x0843, 0x4942, 0x1861, 0x0821, 0x4121, 0x1861, 0x0001,
  0x0021, 0x0061, 0x0000, 0x0000, 0x0020, 0x0041, 0x0041, 0x0021, 0x0061, 0x0020, 0x0000, 0x0800, 0x2820, 0x3020, 0xB040, 0xA820,
  0x7000, 0x6000, 0x5000, 0x1800, 0x1000, 0x0000, 0x0000, 0x0021, 0x0042, 0x0000, 0x0000, 0x0000, 0x0000, 0x3020, 0x2000, 0x0800,
  0x0000, 0x0000, 0x0000, 0x0800, 0x0000, 0x0000, 0x0000, 0x0021, 0x0042, 0x0042, 0x0021, 0x0021, 0x0000, 0x0000, 0x0000, 0x0000,
  0x0000, 0x0800, 0x2840, 0x1800, 0x0800, 0x0000, 0x0000, 0x0000, 0x0000, 0x0800, 0x0000, 0x0041, 0x0020, 0x0000, 0x0042, 0x0021,
  0x0003, 0x0003, 0x0003, 0x0003, 0x0003, 0x0003, 0x0003, 0x0003, 0x0003, 0x0003, 0x0003, 0x0003, 0x0003, 0x0024, 0x0024, 0x0024,
  0x0024, 0x0003, 0x0003, 0x0003, 0x0003, 0x0003, 0x0003, 0x0003, 0x0003, 0x0002, 0x0002, 0x0002, 0x0002, 0x0002, 0x0002, 0x0002,
  0x0001, 0x0001, 0x20C1, 0x93C4, 0x0000, 0x0001, 0x0002, 0x0002, 0x0002, 0x0002, 0x0002, 0x0002, 0x0003, 0x0003, 0x0003, 0x0003,
  0x0003, 0x0003, 0x0003, 0x0003, 0x0003, 0x0003, 0x0003, 0x0003, 0x0003, 0x1042, 0x1882, 0x0002, 0x0002, 0x28A1, 0x0002, 0x0822,
  0x18A1, 0x1081, 0x0020, 0x1881, 0x28E1, 0x0861, 0x1081, 0x0041, 0x0882, 0x0000, 0x0020, 0x0000, 0x0000, 0x3020, 0xB840, 0xA020,
  0x6800, 0x9840, 0x5800, 0x2800, 0x1000, 0x1800, 0x0000, 0x0022, 0x0042, 0x0021, 0x0000, 0x0000, 0x0000, 0x2020, 0x2820, 0x1800,
  0x0800, 0x0800, 0x0000, 0x0000, 0x0000, 0x0000, 0x0000, 0x0020, 0x0042, 0x0062, 0x0000, 0x0000, 0x0001, 0x0042, 0x0000, 0x0041,
  0x0000, 0x0000, 0x3060, 0x2820, 0x1800, 0x1000, 0x0800, 0x0000, 0x0800, 0x0800, 0x0000, 0x0020, 0x0000, 0x0020, 0x0062, 0x0000,
  0x0003, 0x0024, 0x0003, 0x0003, 0x0003, 0x0003, 0x0003, 0x0003, 0x0003, 0x0003, 0x0003, 0x0003, 0x0003, 0x0003, 0x0003, 0x0003,
  0x0023, 0x0003, 0x0003, 0x0003, 0x0003, 0x0003, 0x0003, 0x0003, 0x0002, 0x0002, 0x3165, 0x1082, 0x0002, 0x0001, 0x3185, 0x1082,
  0x0001, 0x0000, 0xA447, 0xFE68, 0x2901, 0x0001, 0x0001, 0x39A4, 0x0001, 0x0001, 0x10A2, 0x2943, 0x0002, 0x0003, 0x0003, 0x0003,
  0x0003, 0x0003, 0x0003, 0x0003, 0x0003, 0x0003, 0x0003, 0x0003, 0x0003, 0x0003, 0x0003, 0x0003, 0x0003, 0x0023, 0x0003, 0x0022,
  0x28C1, 0x1061, 0x1040, 0x30E1, 0x30E1, 0x1061, 0x1081, 0x0041, 0x18A1, 0x0861, 0x0041, 0x0000, 0x0000, 0x2800, 0xB860, 0xA020,
  0x6800, 0xA840, 0x6000, 0x5000, 0x2000, 0x2000, 0x2800, 0x0000, 0x0043, 0x0063, 0x0000, 0x0000, 0x0000, 0x1000, 0x3040, 0x2840,
  0x1000, 0x0800, 0x0000, 0x0000, 0x0000, 0x0000, 0x0000, 0x0000, 0x0041, 0x0042, 0x0000, 0x0000, 0x0042, 0x0042, 0x0021, 0x0042,
  0x0021, 0x0000, 0x2040, 0x3041, 0x2000, 0x1000, 0x0800, 0x0000, 0x0800, 0x0800, 0x0000, 0x0000, 0x0000, 0x0041, 0x0021, 0x0000,
  0x0003, 0x0845, 0x0845, 0x0003, 0x0003, 0x0003, 0x0003, 0x0003, 0x0003, 0x0003, 0x0003, 0x0003, 0x0003, 0x0003, 0x0003, 0x0003,
  0x0003, 0x0003, 0x0003, 0x0003, 0x0003, 0x0003, 0x0003, 0x0003, 0x0002, 0x0002, 0xAC67, 0x8366, 0x1061, 0x0000, 0x6AA3, 0x5A01,
  0x0000, 0x2901, 0xFE48, 0xFE27, 0x9BA3, 0x0000, 0x20A0, 0x8B43, 0x0000, 0x0861, 0x93C6, 0x93C6, 0x0001, 0x0002, 0x0003, 0x0003,
  0x0003, 0x0003, 0x0003, 0x0003, 0x0003, 0x0003, 0x0003, 0x0003, 0x0003, 0x0003, 0x0003, 0x0003, 0x0003, 0x0003, 0x0003, 0x1042,
  0x3102, 0x28C1, 0x1040, 0x28C0, 0x1040, 0x0861, 0x28E1, 0x1881, 0x20C1, 0x20C1, 0x0000, 0x0021, 0x0020, 0x2000, 0xB040, 0xA020,
  0x8000, 0xA840, 0x7800, 0x5000, 0x3000, 0x4800, 0x1800, 0x0000, 0x0021, 0x0043, 0x0022, 0x0000, 0x0000, 0x0000, 0x4880, 0x2841,
  0x1000, 0x1000, 0x0000, 0x0000, 0x0000, 0x0000, 0x0000, 0x0000, 0x0021, 0x0000, 0x0000, 0x0020, 0x0862, 0x0062, 0x0021, 0x0062,
  0x0041, 0x0000, 0x0800, 0x3860, 0x2000, 0x0800, 0x0800, 0x0000, 0x1000, 0x0800, 0x0000, 0x0000, 0x0000, 0x0041, 0x0000, 0x0000,
  0x0003, 0x0003, 0x0004, 0x0003, 0x0003, 0x0003, 0x0003, 0x0003, 0x0003, 0x0003, 0x0003, 0x0003, 0x0003, 0x0003, 0x0003, 0x0003,
  0x0003, 0x0003, 0x0003, 0x0003, 0x0003, 0x0003, 0x0003, 0x0003, 0x0002, 0x0002, 0x0000, 0xB423, 0x7AC2, 0x0000, 0x0000, 0x3920,
  0x0840, 0xAC45, 0xFE27, 0xFE49, 0xFDC5, 0x3121, 0x30C0, 0x0000, 0x0000, 0x82E2, 0x9B62, 0x0000, 0x0002, 0x0002, 0x0003, 0x0003,
  0x0003, 0x0003, 0x0003, 0x0003, 0x0003, 0x0003, 0x0003, 0x0003, 0x0003, 0x0003, 0x0003, 0x0003, 0x0003, 0x0003, 0x0003, 0x20A2,
  0x30E1, 0x30C1, 0x0001, 0x1040, 0x4101, 0x28C1, 0x3901, 0x1860, 0x0820, 0x28E1, 0x0820, 0x0062, 0x0021, 0x1800, 0xB840, 0xA820,
  0x8800, 0x9820, 0xA020, 0x6000, 0x3800, 0x5000, 0x0800, 0x0000, 0x0000, 0x0022, 0x0044, 0x0000, 0x0000, 0x0000, 0x2840, 0x3881,
  0x2020, 0x1800, 0x0800, 0x0800, 0x0000, 0x0000, 0x0000, 0x0000, 0x0023, 0x0000, 0x0000, 0x0021, 0x1081, 0x0882, 0x0041, 0x0041,
  0x0021, 0x0000, 0x0000, 0x3860, 0x2840, 0x1000, 0x0000, 0x0000, 0x1000, 0x0800, 0x0000, 0x0000, 0x0000, 0x0000, 0x0000, 0x0000,
  0x0003, 0x0003, 0x0003, 0x0003, 0x0003, 0x0003, 0x0003, 0x0003, 0x0003, 0x0003, 0x0003, 0x0003, 0x0003, 0x0003, 0x0003, 0x0003,
  0x0003, 0x0003, 0x0003, 0x0003, 0x0003, 0x0003, 0x0003, 0x0003, 0x0002, 0x0002, 0x0001, 0x4960, 0xECC2, 0x6A62, 0x0000, 0x0000,
  0x6262, 0xFE26, 0xFE49, 0xFE28, 0xFDC4, 0xB422, 0x0000, 0x0000, 0x6A41, 0xECE1, 0x1880, 0x0001, 0x0002, 0x0002, 0x0003, 0x0003,
  0x0003, 0x0003, 0x0003, 0x0003, 0x0003, 0x0003, 0x0003, 0x0003, 0x0003, 0x0003, 0x0003, 0x0003, 0x0003, 0x0003, 0x0003, 0x30E2,
  0x1041, 0x0022, 0x0003, 0x28C1, 0x3922, 0x30E1, 0x4101, 0x28A1, 0x0020, 0x0840, 0x0041, 0x0041, 0x0061, 0x1800, 0xB040, 0xA820,
  0xA020, 0x8000, 0x9820, 0x6000, 0x5000, 0x5000, 0x0000, 0x0000, 0x0000, 0x0000, 0x0021, 0x0001, 0x0000, 0x0000, 0x0800, 0x3040,
  0x3860, 0x1800, 0x1000, 0x1000, 0x0800, 0x0000, 0x0000, 0x0000, 0x0001, 0x0000, 0x0043, 0x0044, 0x0841, 0x10C2, 0x0020, 0x0000,
  0x0000, 0x0000, 0x0000, 0x2040, 0x3860, 0x1000, 0x0000, 0x0000, 0x1800, 0x0000, 0x0000, 0x0000, 0x0800, 0x0000, 0x0000, 0x0000,
  0x0003, 0x0003, 0x0003, 0x0003, 0x0865, 0x0003, 0x0003, 0x0003, 0x0003, 0x0003, 0x0003, 0x0003, 0x0003, 0x0003, 0x0003, 0x0003,
  0x0003, 0x0003, 0x0003, 0x0003, 0x0003, 0x0003, 0x0003, 0x0003, 0x0002, 0x0002, 0x0002, 0x0000, 0xD3E0, 0xE440, 0x5180, 0x20C0,
  0xDCE2, 0xFDE5, 0xEDC8, 0x93A5, 0xFDC3, 0xF582, 0x59C0, 0x6200, 0xFCC1, 0xBB80, 0x0000, 0x0002, 0x0002, 0x0002, 0x0002, 0x0003,
  0x0003, 0x0003, 0x0003, 0x0003, 0x0003, 0x0003, 0x0003, 0x0003, 0x0003, 0x0003, 0x0003, 0x0003, 0x0003, 0x0003, 0x0003, 0x1042,
  0x0003, 0x0003, 0x0003, 0x30E1, 0x4942, 0x38E1, 0x2080, 0x18A1, 0x0881, 0x0041, 0x0041, 0x0041, 0x0000, 0x0000, 0xB040, 0xB020,
  0xA820, 0x8800, 0x8000, 0x5000, 0x8020, 0x5800, 0x0000, 0x0000, 0x0000, 0x0000, 0x0000, 0x0000, 0x0000, 0x0000, 0x0000, 0x0800,
  0x3040, 0x2020, 0x1800, 0x1800, 0x0800, 0x0800, 0x0000, 0x0000, 0x0000, 0x0022, 0x0866, 0x0022, 0x0020, 0x10A2, 0x0000, 0x0000,
  0x0000, 0x0000, 0x0000, 0x1000, 0x3041, 0x1800, 0x0800, 0x0000, 0x1820, 0x0000, 0x0000, 0x0000, 0x0000, 0x0000, 0x0000, 0x0000,
  0x0003, 0x0003, 0x0003, 0x0003, 0x0003, 0x0003, 0x0003, 0x0003, 0x0003, 0x0003, 0x0003, 0x0003, 0x0003, 0x0003, 0x0003, 0x0003,
  0x0002, 0x0002, 0x0002, 0x0002, 0x0002, 0x0002, 0x0002, 0x0002, 0x0002, 0x0002, 0x0002, 0x0001, 0x61C0, 0xFC40, 0xD3A0, 0xD421,
  0xFDA3, 0xFDE5, 0x5A43, 0x20C0, 0xC462, 0xFD01, 0xE420, 0xEC00, 0xFC60, 0x4960, 0x0001, 0x0002, 0x0002, 0x0002, 0x0002, 0x0002,
  0x0002, 0x0002, 0x0002, 0x0002, 0x0003, 0x0003, 0x0003, 0x0003, 0x0003, 0x0003, 0x0003, 0x0003, 0x0003, 0x0003, 0x0003, 0x0003,
  0x0003, 0x0003, 0x0003, 0x1062, 0x5161, 0x1880, 0x0001, 0x1881, 0x20C2, 0x10A1, 0x0040, 0x0041, 0x0021, 0x0000, 0x8020, 0x3000,
  0xB020, 0x9000, 0x8800, 0x5800, 0xA020, 0x5800, 0x0000, 0x0000, 0x0800, 0x0000, 0x0000, 0x0000, 0x0000, 0x0000, 0x0000, 0x0000,
  0x0800, 0x2020, 0x1800, 0x1800, 0x0800, 0x0800, 0x0000, 0x0000, 0x0000, 0x0000, 0x0022, 0x0000, 0x0000, 0x0020, 0x0000, 0x0000,
  0x0000, 0x0000, 0x0000, 0x0000, 0x4080, 0x2840, 0x0000, 0x0000, 0x1800, 0x0800, 0x0000, 0x0000, 0x0000, 0x0000, 0x0000, 0x0000,
  0x0003, 0x0003, 0x0003, 0x0003, 0x0003, 0x0003, 0x0003, 0x0003, 0x0003, 0x0003, 0x0003, 0x0003, 0x0002, 0x0002, 0x0002, 0x0002,
  0x0002, 0x0002, 0x0002, 0x0002, 0x0002, 0x0002, 0x0002, 0x0002, 0x0002, 0x0002, 0x0002, 0x0001, 0x1860, 0xFC00, 0xFC00, 0xFC80,
  0xFD01, 0xFDC4, 0x8B64, 0x41C2, 0xDCC3, 0xFCE1, 0xFC80, 0xFC20, 0xFC60, 0x0820, 0x0001, 0x0002, 0x0002, 0x0002, 0x0002, 0x0002,
  0x0002, 0x0002, 0x0002, 0x0002, 0x0002, 0x0002, 0x0002, 0x0002, 0x0002, 0x0002, 0x0002, 0x0003, 0x0003, 0x0003, 0x0003, 0x0003,
  0x0003, 0x0003, 0x0003, 0x0022, 0x38E2, 0x0002, 0x0023, 0x1062, 0x3101, 0x1061, 0x0840, 0x0882, 0x0041, 0x0000, 0x1000, 0x1000,
  0xA820, 0x9800, 0x9800, 0x7000, 0x8820, 0x5800, 0x0800, 0x0800, 0x0800, 0x0800, 0x0800, 0x0000, 0x0000, 0x0000, 0x0000, 0x0000,
  0x0000, 0x0000, 0x0800, 0x0800, 0x0800, 0x0000, 0x0800, 0x0000, 0x0000, 0x0000, 0x0000, 0x0000, 0x0000, 0x0000, 0x0000, 0x0000,
  0x0000, 0x0000, 0x0000, 0x0000, 0x5080, 0x3041, 0x1000, 0x0000, 0x2000, 0x0800, 0x0000, 0x0000, 0x0000, 0x0000, 0x0000, 0x0000,
  0x0003, 0x0003, 0x0003, 0x0023, 0x0003, 0x0003, 0x0003, 0x0003, 0x0003, 0x0003, 0x0003, 0x0002, 0x0001, 0x0001, 0x0001, 0x0001,
  0x0001, 0x0001, 0x0001, 0x0001, 0x0001, 0x0000, 0x0001, 0x0001, 0x0001, 0x0001, 0x0002, 0x0001, 0x1040, 0x8200, 0x5960, 0x5980,
  0x59A0, 0x59E1, 0x51C1, 0x20C0, 0x51A0, 0x51A0, 0x5180, 0x5160, 0x8A40, 0x0000, 0x0001, 0x0001, 0x0001, 0x0001, 0x0001, 0x0000,
  0x0001, 0x0000, 0x0001, 0x0001, 0x0001, 0x0001, 0x0001, 0x0001, 0x0001, 0x0002, 0x0002, 0x0003, 0x0003, 0x0003, 0x0003, 0x0003,
  0x0003, 0x0003, 0x0003, 0x0003, 0x0002, 0x0002, 0x0844, 0x0023, 0x28C2, 0x0003, 0x0020, 0x0062, 0x0041, 0x0000, 0x0000, 0x0000,
  0x6820, 0xA820, 0xA020, 0x7000, 0x8820, 0x6020, 0x0800, 0x1800, 0x1820, 0x0800, 0x1000, 0x1000, 0x0801, 0x0800, 0x0000, 0x0000,
  0x0000, 0x0000, 0x0000, 0x0000, 0x0000, 0x0000, 0x0000, 0x0000, 0x0000, 0x0000, 0x0000, 0x0000, 0x0022, 0x0043, 0x0000, 0x0000,
  0x0044, 0x0000, 0x0000, 0x0000, 0x4880, 0x3861, 0x1800, 0x0000, 0x1000, 0x0800, 0x0000, 0x0000, 0x0000, 0x0000, 0x0000, 0x0000,
  0x0003, 0x0003, 0x0003, 0x0024, 0x0024, 0x0003, 0x0003, 0x0003, 0x0003, 0x0003, 0x0002, 0x9429, 0x4161, 0xA447, 0xAC67, 0xAC66,
  0xAC66, 0xAC86, 0xAC86, 0xAC86, 0xAC65, 0xAC65, 0xAC65, 0xAC66, 0xAC45, 0x8323, 0x0001, 0x0001, 0x0820, 0xAAA0, 0xAAE0, 0xAB20,
  0xB3A1, 0xB403, 0xB425, 0xB3E3, 0xB361, 0xB340, 0xAB00, 0xAAA0, 0xA240, 0x0000, 0x0001, 0x3983, 0xAC67, 0xAC66, 0xAC66, 0xAC65,
  0xAC65, 0xAC65, 0xAC65, 0xAC65, 0xAC66, 0xAC66, 0xAC65, 0xAC66, 0xAC66, 0x4161, 0x9408, 0x0002, 0x0003, 0x0003, 0x0003, 0x0003,
  0x0003, 0x0003, 0x0003, 0x0003, 0x0003, 0x0003, 0x0024, 0x0023, 0x0023, 0x0002, 0x0000, 0x0041, 0x0020, 0x0021, 0x0000, 0x0000,
  0x1000, 0xB020, 0xA840, 0x7000, 0x9020, 0x6820, 0x1800, 0x0800, 0x2820, 0x2020, 0x2820, 0x1000, 0x0800, 0x0800, 0x0000, 0x0800,
  0x0000, 0x0000, 0x0000, 0x0000, 0x0000, 0x0000, 0x0000, 0x0000, 0x0000, 0x0000, 0x0000, 0x0000, 0x0865, 0x0887, 0x0001, 0x0022,
  0x0044, 0x0000, 0x0000, 0x0000, 0x3880, 0x3861, 0x1000, 0x0000, 0x0800, 0x1000, 0x0800, 0x0000, 0x0000, 0x0800, 0x0000, 0x0000,
  0x0003, 0x0003, 0x0003, 0x0003, 0x0003, 0x0003, 0x0003, 0x0003, 0x0003, 0x0003, 0x0002, 0x4A03, 0x38E0, 0x51E1, 0x5201, 0x5201,
  0x5201, 0x5222, 0x5222, 0x5A42, 0x5222, 0x5A22, 0x5222, 0x5222, 0x6A61, 0x8240, 0x0001, 0x0001, 0x0000, 0x5140, 0x5180, 0x5180,
  0x51C0, 0x51C0, 0x51A0, 0x5180, 0x5180, 0x5180, 0x5160, 0x5160, 0x4920, 0x0000, 0x0001, 0x18C1, 0xB382, 0x5A22, 0x5222, 0x5201,
  0x5201, 0x5222, 0x5222, 0x5222, 0x5222, 0x5222, 0x5222, 0x5222, 0x5202, 0x3080, 0x41E2, 0x0002, 0x0003, 0x0003, 0x0003, 0x0003,
  0x0003, 0x0003, 0x0003, 0x0003, 0x0003, 0x0003, 0x0024, 0x0023, 0x0043, 0x0021, 0x0041, 0x0000, 0x0020, 0x0041, 0x0000, 0x0000,
  0x0000, 0x5020, 0xB040, 0x8800, 0x8820, 0x6020, 0x3840, 0x3060, 0x2020, 0x3840, 0x3040, 0x2820, 0x2020, 0x2020, 0x1800, 0x0800,
  0x0800, 0x1000, 0x0800, 0x0000, 0x0000, 0x0000, 0x0000, 0x0000, 0x0000, 0x0000, 0x0000, 0x0000, 0x0043, 0x0886, 0x0043, 0x0044,
  0x0001, 0x0000, 0x0044, 0x0002, 0x3061, 0x3861, 0x1000, 0x0000, 0x0800, 0x1000, 0x0800, 0x0000, 0x0000, 0x0800, 0x0000, 0x0000,
  0x0003, 0x0003, 0x0003, 0x0023, 0x0003, 0x0003, 0x0003, 0x0003, 0x0003, 0x0003, 0x0003, 0x0002, 0x0002, 0x0001, 0x0001, 0x0000,
  0x0000, 0x0000, 0x0000, 0x0000, 0x0000, 0x0000, 0x0001, 0x0001, 0x0000, 0x2080, 0x0000, 0x0000, 0x0000, 0x0000, 0x0000, 0x0000,
  0x0000, 0x0000, 0x0000, 0x0000, 0x0000, 0x0000, 0x0000, 0x0000, 0x0000, 0x0000, 0x0000, 0x0000, 0x0000, 0x0000, 0x0000, 0x0000,
  0x0000, 0x0000, 0x0000, 0x0000, 0x0000, 0x0000, 0x0000, 0x0000, 0x0001, 0x0002, 0x0002, 0x0003, 0x0003, 0x0003, 0x0003, 0x0003,
  0x0003, 0x0003, 0x0003, 0x0023, 0x0024, 0x0003, 0x0023, 0x1882, 0x20A1, 0x0861, 0x0861, 0x0820, 0x0840, 0x0020, 0x0021, 0x0000,
  0x0000, 0x1000, 0xA840, 0x9820, 0x8800, 0x6000, 0x1820, 0x3880, 0x3040, 0x2020, 0x3040, 0x2840, 0x2020, 0x3040, 0x1000, 0x1000,
  0x1800, 0x0800, 0x0800, 0x0800, 0x0000, 0x0800, 0x0000, 0x0000, 0x0000, 0x0000, 0x0000, 0x0000, 0x0000, 0x0844, 0x0865, 0x0044,
  0x0022, 0x0022, 0x0066, 0x0044, 0x2040, 0x2840, 0x2020, 0x0800, 0x0000, 0x1000, 0x0800, 0x0000, 0x0000, 0x0000, 0x0000, 0x0000,
  0x0003, 0x0003, 0x0003, 0x0003, 0x0023, 0x0023, 0x0024, 0x0003, 0x0003, 0x0003, 0x0003, 0x0003, 0x0002, 0x0002, 0x0001, 0x8BEA,
  0xCD8B, 0xCD6B, 0xCD6A, 0xCD6A, 0xC54B, 0x0000, 0x0001, 0x0002, 0x0001, 0x0001, 0x0861, 0xAC88, 0xCD27, 0xCD48, 0xCD48, 0xCD28,
  0xA426, 0x0840, 0x0000, 0x0001, 0x0000, 0x0840, 0xB4C8, 0xD547, 0xD547, 0xCD26, 0xD526, 0xB485, 0x6AC5, 0x0000, 0x20E2, 0xCDAB,
  0xCD8B, 0xCD6A, 0xCD8B, 0xCD8A, 0xCD6A, 0xCD6A, 0xCD69, 0xD58A, 0x18A2, 0x0002, 0x0003, 0x0003, 0x0003, 0x0003, 0x0003, 0x0003,
  0x0003, 0x0003, 0x0024, 0x0024, 0x0024, 0x0023, 0x0003, 0x28C2, 0x3921, 0x1881, 0x1060, 0x0041, 0x1040, 0x0861, 0x0061, 0x0000,
  0x0021, 0x0000, 0x7820, 0x9820, 0x9820, 0x6020, 0x0000, 0x2040, 0x4060, 0x4880, 0x3860, 0x2820, 0x3860, 0x3840, 0x3860, 0x3040,
  0x1800, 0x1820, 0x1000, 0x1000, 0x1000, 0x0000, 0x0000, 0x0800, 0x0800, 0x0000, 0x0000, 0x0000, 0x0000, 0x0000, 0x0044, 0x0865,
  0x0044, 0x0066, 0x0065, 0x0045, 0x3060, 0x2821, 0x3040, 0x0800, 0x0000, 0x1000, 0x1001, 0x0000, 0x0800, 0x0000, 0x0000, 0x0000,
  0x0003, 0x0003, 0x0003, 0x0023, 0x0023, 0x0023, 0x0865, 0x0003, 0x0003, 0x0003, 0x0003, 0x0003, 0x0003, 0x0002, 0x0001, 0x6AC4,
  0xD4E4, 0xFDC4, 0xFDE5, 0xF5C5, 0x9384, 0x0000, 0x0002, 0x0002, 0x0001, 0x18C2, 0xE60A, 0xFDE5, 0xFDE5, 0xFDE5, 0xFE06, 0xFDC4,
  0xFDA4, 0xE565, 0x18A1, 0x0000, 0x2922, 0xF649, 0xFDE5, 0xFDE4, 0xFDC4, 0xFDE5, 0xFDA4, 0xFDC4, 0xFE07, 0x3140, 0x2901, 0xFE26,
  0xFDC4, 0xFDA4, 0xFDE4, 0xFDE5, 0xFDC4, 0xFDC5, 0xFDC4, 0xFDE6, 0x18A1, 0x0002, 0x0003, 0x0003, 0x0003, 0x0003, 0x0003, 0x0023,
  0x0023, 0x0044, 0x0866, 0x0865, 0x0024, 0x0044, 0x0024, 0x0022, 0x28A1, 0x28C1, 0x0020, 0x1081, 0x0820, 0x2060, 0x0860, 0x0000,
  0x0020, 0x0000, 0x5020, 0xA040, 0xA020, 0x5820, 0x0000, 0x0000, 0x0800, 0x3880, 0x58C0, 0x4080, 0x3040, 0x1800, 0x3860, 0x4881,
  0x3040, 0x1800, 0x3840, 0x1800, 0x1000, 0x0800, 0x0000, 0x0800, 0x0800, 0x0000, 0x0000, 0x0000, 0x0000, 0x0000, 0x0000, 0x0022,
  0x0866, 0x0066, 0x0066, 0x0024, 0x3861, 0x2020, 0x3040, 0x0800, 0x0000, 0x2020, 0x1001, 0x0000, 0x0800, 0x0000, 0x0000, 0x0000,
  0x0003, 0x0003, 0x0024, 0x0023, 0x0024, 0x0003, 0x0023, 0x0003, 0x0003, 0x0003, 0x0003, 0x0003, 0x0003, 0x0002, 0x0002, 0x0000,
  0x93A4, 0xFDE4, 0xFDC4, 0xE544, 0x0000, 0x0001, 0x0002, 0x0002, 0x0001, 0xAC88, 0xFDC4, 0xFDC4, 0xC4A4, 0x0820, 0x1060, 0xCCA3,
  0xFDA4, 0xFDC4, 0xAC46, 0x0000, 0xD569, 0xFDC4, 0xFDC4, 0xAC03, 0x0820, 0x0020, 0x8B42, 0xFDA4, 0xFD83, 0xA3A2, 0x28C0, 0xC3E1,
  0x0820, 0x72E3, 0xFDC4, 0xFDC3, 0xF583, 0x0820, 0x1060, 0xD441, 0x1880, 0x0003, 0x0003, 0x0023, 0x0003, 0x0023, 0x0023, 0x0023,
  0x0866, 0x0866, 0x0886, 0x0886, 0x0865, 0x1085, 0x4962, 0x1061, 0x1881, 0x0820, 0x30C0, 0x1881, 0x28C1, 0x1840, 0x30A0, 0x0021,
  0x0861, 0x0041, 0x0820, 0xB040, 0xA840, 0x1000, 0x0000, 0x0000, 0x0000, 0x0000, 0x0800, 0x3060, 0x4060, 0x4060, 0x5880, 0x2820,
  0x2020, 0x1800, 0x2820, 0x3040, 0x1000, 0x1800, 0x1000, 0x0800, 0x0800, 0x0801, 0x0000, 0x0000, 0x0000, 0x0000, 0x0000, 0x0000,
  0x0001, 0x0044, 0x0866, 0x0865, 0x2841, 0x3040, 0x3040, 0x0800, 0x0000, 0x2020, 0x0800, 0x0000, 0x0000, 0x0000, 0x0000, 0x0000,
  0x0845, 0x0024, 0x0024, 0x0023, 0x0024, 0x0003, 0x0003, 0x0023, 0x0023, 0x0023, 0x0023, 0x0003, 0x0003, 0x0003, 0x0002, 0x0001,
  0x93E8, 0xFDE5, 0xFDC4, 0xE543, 0x0000, 0x0002, 0x0002, 0x0002, 0x0000, 0xAC66, 0xFDC3, 0xFDC4, 0x72C2, 0x0000, 0x0000, 0x8366,
  0xFDE5, 0xFDC4, 0xAC03, 0x0000, 0xD4E4, 0xFDA3, 0xFDA3, 0x5A21, 0x0000, 0x0000, 0x18A0, 0x51E1, 0x51C0, 0x3100, 0x0820, 0x1860,
  0x0000, 0x6B05, 0xFE06, 0xFDA3, 0xF563, 0x0000, 0x0001, 0x28A0, 0x0821, 0x0003, 0x0003, 0x0023, 0x0023, 0x0024, 0x0045, 0x0865,
  0x0866, 0x0865, 0x0865, 0x0886, 0x0866, 0x4123, 0x3902, 0x20A2, 0x4122, 0x1860, 0x5141, 0x4101, 0x4941, 0x2880, 0x2840, 0x18A1,
  0x20A1, 0x0881, 0x0861, 0x6040, 0xB040, 0x1000, 0x0021, 0x0000, 0x0000, 0x0000, 0x0001, 0x0000, 0x0000, 0x0000, 0x2040, 0x1000,
  0x50A0, 0x4860, 0x2820, 0x3040, 0x2020, 0x2000, 0x1000, 0x1000, 0x0800, 0x0800, 0x0800, 0x0000, 0x0000, 0x0800, 0x0000, 0x0000,
  0x0000, 0x0000, 0x0023, 0x0865, 0x3061, 0x3040, 0x2020, 0x0800, 0x0800, 0x2020, 0x0800, 0x0000, 0x0000, 0x0000, 0x0000, 0x0000,
  0x0886, 0x0845, 0x0023, 0x0023, 0x0023, 0x0024, 0x0003, 0x0024, 0x0023, 0x0023, 0x0023, 0x0023, 0x0003, 0x0003, 0x0002, 0x0001,
  0x93A6, 0xFDE4, 0xFDC3, 0xE523, 0x0000, 0x0002, 0x0002, 0x0002, 0x0000, 0xAC45, 0xFDC3, 0xFDC4, 0x72E3, 0x0000, 0x0000, 0x8365,
  0xFDE5, 0xFDC3, 0xABE2, 0x0000, 0xD482, 0xFD83, 0xFD83, 0xD4C4, 0x3941, 0x20E1, 0x20E1, 0x0000, 0x0000, 0x0000, 0x0001, 0x0001,
  0x0001, 0x72C4, 0xFDE5, 0xFDA3, 0xF543, 0x0000, 0x0001, 0x0002, 0x0002, 0x0003, 0x0023, 0x0023, 0x0024, 0x0023, 0x0023, 0x0045,
  0x0023, 0x0045, 0x0886, 0x0044, 0x1084, 0x30E3, 0x1042, 0x4921, 0x28A2, 0x4121, 0x4121, 0x4921, 0x5161, 0x28A1, 0x1820, 0x30C0,
  0x1881, 0x28E1, 0x28E1, 0x0841, 0xA040, 0x1021, 0x0000, 0x0041, 0x0041, 0x0000, 0x0000, 0x0021, 0x0000, 0x0000, 0x0000, 0x0000,
  0x0800, 0x3060, 0x58C0, 0x2020, 0x2020, 0x1800, 0x1800, 0x1000, 0x1000, 0x0800, 0x0800, 0x0000, 0x0000, 0x0000, 0x0800, 0x0000,
  0x0000, 0x0000, 0x0000, 0x0022, 0x3040, 0x2840, 0x1800, 0x0800, 0x1000, 0x1820, 0x0800, 0x0000, 0x0000, 0x0000, 0x0800, 0x0000,
  0x0865, 0x0865, 0x0044, 0x0024, 0x0023, 0x0024, 0x0023, 0x0024, 0x0024, 0x0023, 0x0023, 0x0023, 0x0023, 0x0003, 0x0003, 0x0001,
  0x9362, 0xFD22, 0xFDA3, 0xE523, 0x0000, 0x0002, 0x0002, 0x0002, 0x0000, 0xABE1, 0xFD42, 0xFDA3, 0x7281, 0x0000, 0x0000, 0x8322,
  0xFD42, 0xFD62, 0xABE2, 0x0000, 0x61E0, 0xFD22, 0xFD42, 0xFD42, 0xFD63, 0xFDA4, 0xFDA4, 0x9321, 0x0020, 0x0001, 0x0001, 0x0002,
  0x0001, 0x7281, 0xFD42, 0xFD22, 0xF501, 0x0000, 0x0002, 0x0003, 0x0003, 0x0003, 0x0023, 0x0024, 0x0024, 0x0023, 0x0023, 0x0023,
  0x0024, 0x0024, 0x0045, 0x0024, 0x0024, 0x0024, 0x30C3, 0x30E2, 0x0002, 0x5162, 0x3902, 0x2082, 0x4101, 0x0821, 0x0840, 0x30A0,
  0x30E1, 0x1881, 0x20A1, 0x0062, 0x4840, 0x1041, 0x0021, 0x0020, 0x0021, 0x0000, 0x0042, 0x0022, 0x0021, 0x0000, 0x0000, 0x0000,
  0x0000, 0x0000, 0x1820, 0x5080, 0x4060, 0x2820, 0x1800, 0x2020, 0x1000, 0x0800, 0x1800, 0x0800, 0x0000, 0x0000, 0x0000, 0x0000,
  0x0000, 0x0000, 0x0000, 0x0000, 0x0800, 0x1800, 0x1000, 0x0000, 0x0800, 0x1800, 0x0000, 0x0000, 0x0000, 0x0800, 0x0800, 0x0000,
  0x1086, 0x1086, 0x1065, 0x0844, 0x0023, 0x0023, 0x0024, 0x0024, 0x0024, 0x0024, 0x0024, 0x0024, 0x0024, 0x0023, 0x0003, 0x0001,
  0x92C0, 0xFCA1, 0xFCC1, 0xE4A1, 0x0000, 0x0002, 0x0002, 0x0002, 0x0000, 0xB3A0, 0xFCA0, 0xFCC1, 0x7260, 0x0000, 0x0000, 0x82E1,
  0xFCC1, 0xFCC1, 0xAB80, 0x0000, 0x0000, 0x28E0, 0xDC81, 0xFCE0, 0xFCE0, 0xFD01, 0xFCE1, 0xFCC1, 0xCBE1, 0x0820, 0x0001, 0x0002,
  0x0001, 0x7260, 0xFCC0, 0xFCA1, 0xF460, 0x0000, 0x0002, 0x0003, 0x0003, 0x0023, 0x0024, 0x0024, 0x0024, 0x0024, 0x0024, 0x0024,
  0x0024, 0x0024, 0x0024, 0x0024, 0x0024, 0x0024, 0x28C3, 0x0044, 0x0023, 0x28E3, 0x0843, 0x0023, 0x0822, 0x30E1, 0x1880, 0x2020,
  0x30E1, 0x0000, 0x0000, 0x0062, 0x0041, 0x0041, 0x0062, 0x0020, 0x0041, 0x0000, 0x0022, 0x0022, 0x0000, 0x0000, 0x0000, 0x0000,
  0x0000, 0x0000, 0x0000, 0x3060, 0x50A0, 0x3040, 0x3040, 0x1000, 0x2020, 0x0800, 0x0800, 0x1000, 0x0000, 0x0800, 0x0000, 0x0000,
  0x0800, 0x0800, 0x0000, 0x0000, 0x0000, 0x0800, 0x0800, 0x0000, 0x0800, 0x1000, 0x0000, 0x0000, 0x0000, 0x0000, 0x0000, 0x0000,
  0x1086, 0x1086, 0x1886, 0x28A6, 0x0024, 0x0024, 0x0024, 0x0024, 0x0024, 0x0024, 0x0024, 0x0024, 0x0024, 0x0023, 0x0003, 0x0001,
  0x9320, 0xFCA0, 0xFC80, 0xE420, 0x0000, 0x0002, 0x0002, 0x0001, 0x0000, 0xB340, 0xFC60, 0xFC60, 0x7200, 0x0000, 0x0000, 0x8280,
  0xFCA0, 0xFC40, 0xAB20, 0x0000, 0x0001, 0x0000, 0x1060, 0x1880, 0x20A0, 0x82A0, 0xEC80, 0xFCA1, 0xFC60, 0xCBC0, 0x0000, 0x0002,
  0x0001, 0x7200, 0xFC80, 0xFC60, 0xF460, 0x0000, 0x0002, 0x0003, 0x0023, 0x0024, 0x0024, 0x0024, 0x0024, 0x0024, 0x0024, 0x0024,
  0x0024, 0x0024, 0x0024, 0x0024, 0x0024, 0x0024, 0x0044, 0x0044, 0x0044, 0x0024, 0x0024, 0x0024, 0x30C2, 0x5141, 0x28C1, 0x1040,
  0x1820, 0x0000, 0x0000, 0x1060, 0x0861, 0x0882, 0x0021, 0x0020, 0x0021, 0x0020, 0x0000, 0x0000, 0x0000, 0x0000, 0x0041, 0x0000,
  0x0000, 0x0800, 0x0000, 0x0000, 0x4880, 0x4060, 0x2841, 0x3040, 0x2820, 0x2820, 0x0800, 0x1800, 0x1000, 0x0800, 0x0000, 0x0800,
  0x0000, 0x0000, 0x0000, 0x0000, 0x0000, 0x0000, 0x0800, 0x0000, 0x0800, 0x0800, 0x0000, 0x0000, 0x0000, 0x0800, 0x0000, 0x0000,
  0x0866, 0x1086, 0x20A6, 0x28A6, 0x1065, 0x0044, 0x0024, 0x0044, 0x0024, 0x0024, 0x0024, 0x0024, 0x0024, 0x0023, 0x0003, 0x0001,
  0x92A0, 0xFC60, 0xFC20, 0xE3C0, 0x0000, 0x0001, 0x0001, 0x4960, 0x1880, 0xB300, 0xFC20, 0xFC20, 0x71E0, 0x0000, 0x0000, 0x8260,
  0xFC40, 0xFC20, 0xAAE0, 0x0000, 0x4160, 0x4980, 0x4980, 0x1880, 0x0000, 0x0000, 0x7220, 0xFC80, 0xFC40, 0xDBC0, 0x0000, 0x0001,
  0x0001, 0x71E0, 0xFC20, 0xFC20, 0xEBE0, 0x0000, 0x0003, 0x0023, 0x0023, 0x0024, 0x0024, 0x0024, 0x0024, 0x0024, 0x0024, 0x0024,
  0x0024, 0x0024, 0x0024, 0x0044, 0x0044, 0x0044, 0x0044, 0x0044, 0x0044, 0x0044, 0x0045, 0x1064, 0x4122, 0x3901, 0x3901, 0x30E1,
  0x2000, 0x0800, 0x0063, 0x0040, 0x0021, 0x0061, 0x0000, 0x0000, 0x0021, 0x0000, 0x0000, 0x0000, 0x0000, 0x0021, 0x0061, 0x0000,
  0x0000, 0x1860, 0x0800, 0x0000, 0x1840, 0x70E0, 0x50A1, 0x2820, 0x2020, 0x3040, 0x2020, 0x1000, 0x1800, 0x1000, 0x0800, 0x0800,
  0x0000, 0x0000, 0x0800, 0x0000, 0x0000, 0x0000, 0x0000, 0x0000, 0x0800, 0x0800, 0x0000, 0x0000, 0x0800, 0x0000, 0x0000, 0x0000,
  0x0886, 0x1086, 0x1886, 0x20A6, 0x1886, 0x1065, 0x1065, 0x0024, 0x1065, 0x0044, 0x0024, 0x0024, 0x0023, 0x0023, 0x0003, 0x0001,
  0x9260, 0xFC00, 0xFC00, 0xDB80, 0x0000, 0x0000, 0x4120, 0xFC60, 0x59A0, 0xAAC0, 0xFBE0, 0xF3E0, 0x9A80, 0x0000, 0x0000, 0xAAE0,
  0xFC00, 0xFC00, 0xAAC0, 0x0000, 0xCBC0, 0xFC60, 0xF440, 0x8A80, 0x0000, 0x0000, 0x8A40, 0xFC00, 0xF3E0, 0xD360, 0x0000, 0x0002,
  0x0001, 0x71C0, 0xF3C0, 0xF3C0, 0xEBA0, 0x0000, 0x0003, 0x0023, 0x0024, 0x0024, 0x0024, 0x0024, 0x0024, 0x0024, 0x0024, 0x0024,
  0x0024, 0x0044, 0x0024, 0x0044, 0x0044, 0x0044, 0x0044, 0x0044, 0x0045, 0x0045, 0x0045, 0x0044, 0x1883, 0x5941, 0x30E1, 0x4941,
  0x0820, 0x2000, 0x0884, 0x0082, 0x0000, 0x0020, 0x0000, 0x0000, 0x0000, 0x0000, 0x0000, 0x0000, 0x0000, 0x0840, 0x0041, 0x0000,
  0x0000, 0x30A0, 0x2880, 0x0800, 0x0000, 0x3060, 0x7100, 0x4080, 0x3040, 0x2840, 0x2840, 0x2820, 0x1000, 0x2020, 0x1820, 0x0800,
  0x0800, 0x0000, 0x0000, 0x0800, 0x0000, 0x0000, 0x0000, 0x0000, 0x0800, 0x0000, 0x0000, 0x0800, 0x0000, 0x0000, 0x0000, 0x0000,
  0x1086, 0x0865, 0x1066, 0x0866, 0x1065, 0x2086, 0x2086, 0x0845, 0x0845, 0x1065, 0x0044, 0x0024, 0x0023, 0x0003, 0x0002, 0x0001,
  0x9280, 0xF3E0, 0xF3E0, 0xEBC0, 0xB2E0, 0xB2E0, 0xDBC0, 0xF3C0, 0x5160, 0x5960, 0xFC00, 0xFBE0, 0xF3E0, 0xAB00, 0xB300, 0xFBE0,
  0xF3C0, 0xF3E0, 0x5160, 0x0000, 0x7A20, 0xF400, 0xF3E0, 0xEBC0, 0xB2E0, 0xB2E0, 0xEBA0, 0xF3C0, 0xF3C0, 0x69A0, 0x0000, 0x0001,
  0x0000, 0x71E0, 0xF3C0, 0xF3C0, 0xE380, 0x0000, 0x0002, 0x0023, 0x0024, 0x0024, 0x0024, 0x0024, 0x0024, 0x0024, 0x0024, 0x0024,
  0x0024, 0x0044, 0x0044, 0x0044, 0x0045, 0x0045, 0x0045, 0x0045, 0x0045, 0x0044, 0x0045, 0x0064, 0x4122, 0x28C2, 0x20C3, 0x3901,
  0x1020, 0x4000, 0x0821, 0x0063, 0x0000, 0x0000, 0x0041, 0x0020, 0x0000, 0x0021, 0x0020, 0x0000, 0x0841, 0x0840, 0x0021, 0x0041,
  0x0000, 0x1040, 0x2880, 0x0000, 0x0000, 0x0000, 0x3880, 0x7121, 0x5080, 0x3840, 0x1800, 0x2820, 0x1800, 0x1000, 0x2021, 0x1000,
  0x0800, 0x0800, 0x0000, 0x0000, 0x0000, 0x0000, 0x0000, 0x0000, 0x0000, 0x0000, 0x0000, 0x0800, 0x0000, 0x0000, 0x0000, 0x0000,
  0x0866, 0x0866, 0x0044, 0x1066, 0x0044, 0x0865, 0x1886, 0x1065, 0x1065, 0x0845, 0x0044, 0x0844, 0x0003, 0x0003, 0x0002, 0x9B40,
  0xF3E0, 0xF3E0, 0xF3E0, 0xF3C0, 0xF3C0, 0xF3C0, 0xF3C0, 0xF3C0, 0x5160, 0x0000, 0x71E0, 0xEBC0, 0xF3E0, 0xF3C0, 0xF3C0, 0xF3C0,
  0xDB80, 0x71E0, 0x0000, 0x0001, 0x0000, 0x9240, 0xEBC0, 0xF3C0, 0xF3C0, 0xF3C0, 0xF3C0, 0xDB60, 0x71C0, 0x0000, 0x0002, 0x0002,
  0x4940, 0xEBC0, 0xF3C0, 0xF3C0, 0xF3C0, 0xAAC0, 0x0001, 0x0023, 0x0023, 0x0023, 0x0023, 0x0023, 0x0024, 0x0024, 0x0024, 0x0024,
  0x0044, 0x0044, 0x0044, 0x0865, 0x0045, 0x0045, 0x0045, 0x0065, 0x0045, 0x0065, 0x0045, 0x0045, 0x3903, 0x0044, 0x0863, 0x30E1,
  0x28A1, 0x6000, 0x2000, 0x0022, 0x0000, 0x0000, 0x0064, 0x0041, 0x0021, 0x0062, 0x0042, 0x0840, 0x1881, 0x0861, 0x0040, 0x0041,
  0x0021, 0x0000, 0x0820, 0x0000, 0x0000, 0x0000, 0x0000, 0x48A0, 0x68E0, 0x4880, 0x3040, 0x1820, 0x2020, 0x0800, 0x2820, 0x1800,
  0x1000, 0x0800, 0x0000, 0x0000, 0x0800, 0x0000, 0x0000, 0x0000, 0x0000, 0x0000, 0x0000, 0x0800, 0x0000, 0x0000, 0x0000, 0x0000,
  0x0044, 0x0866, 0x0044, 0x0044, 0x0845, 0x0024, 0x0044, 0x0044, 0x0044, 0x0844, 0x0024, 0x0024, 0x0003, 0x0002, 0x0001, 0x51A0,
  0x7A20, 0x7A00, 0x7A00, 0x7A00, 0x7A00, 0x7A00, 0x79E0, 0x7A00, 0x28C0, 0x0000, 0x0000, 0x61A0, 0x7A00, 0x7A00, 0x79E0, 0x79E0,
  0x4920, 0x0000, 0x0001, 0x0001, 0x0001, 0x0000, 0x69C0, 0x7A00, 0x7A00, 0x7A00, 0x7A00, 0x5140, 0x0000, 0x0002, 0x0002, 0x0002,
  0x28A0, 0x79E0, 0x79E0, 0x7A00, 0x79E0, 0x5960, 0x0001, 0x0002, 0x0023, 0x0023, 0x0023, 0x0023, 0x0023, 0x0023, 0x0024, 0x0024,
  0x0024, 0x0024, 0x0044, 0x0045, 0x0045, 0x0045, 0x0865, 0x0065, 0x0866, 0x0865, 0x0865, 0x0065, 0x0064, 0x0045, 0x28C3, 0x5141,
  0x5941, 0x7000, 0x4000, 0x1000, 0x0001, 0x0021, 0x0864, 0x0000, 0x0021, 0x0062, 0x0863, 0x30E1, 0x28C1, 0x1081, 0x1081, 0x0840,
  0x0021, 0x0000, 0x0000, 0x0020, 0x0840, 0x0820, 0x0000, 0x0000, 0x48A0, 0x50A0, 0x58C0, 0x2000, 0x2000, 0x1000, 0x1000, 0x2820,
  0x1800, 0x1000, 0x0800, 0x0000, 0x0000, 0x0800, 0x0000, 0x0000, 0x0000, 0x0000, 0x0800, 0x0800, 0x0000, 0x0000, 0x0000, 0x0000,
  0x0045, 0x0045, 0x0845, 0x0045, 0x0044, 0x0024, 0x0024, 0x0024, 0x0024, 0x0024, 0x0023, 0x0002, 0x0862, 0x1082, 0x1082, 0x1061,
  0x0861, 0x0841, 0x0000, 0x0000, 0x0020, 0x0820, 0x0840, 0x0020, 0x0820, 0x0841, 0x0841, 0x0841, 0x0000, 0x0000, 0x0000, 0x0000,
  0x0000, 0x0861, 0x0862, 0x0861, 0x0862, 0x0821, 0x0001, 0x0000, 0x0020, 0x0020, 0x0020, 0x0020, 0x0001, 0x0002, 0x0002, 0x0002,
  0x0020, 0x0020, 0x0020, 0x0020, 0x0000, 0x0840, 0x0841, 0x0842, 0x0002, 0x0002, 0x0022, 0x0021, 0x0021, 0x0021, 0x0023, 0x0023,
  0x0024, 0x0044, 0x0044, 0x0845, 0x0865, 0x0865, 0x0865, 0x0865, 0x0886, 0x0886, 0x0886, 0x0065, 0x0065, 0x0865, 0x5142, 0x5142,
  0x4922, 0x7800, 0x6000, 0x2800, 0x1000, 0x0844, 0x0885, 0x0021, 0x0044, 0x0043, 0x0044, 0x30C2, 0x3901, 0x1860, 0x28C1, 0x0000,
  0x0021, 0x0000, 0x0861, 0x1061, 0x28A1, 0x1041, 0x0800, 0x0000, 0x0000, 0x60E0, 0x58C0, 0x4880, 0x2020, 0x1820, 0x0000, 0x2820,
  0x2021, 0x1000, 0x1000, 0x0000, 0x0000, 0x0800, 0x0800, 0x0000, 0x0000, 0x0000, 0x0000, 0x0000, 0x0000, 0x0000, 0x0000, 0x0000,
  0x0044, 0x0045, 0x0865, 0x0845, 0x0865, 0x0044, 0x0024, 0x0024, 0x0024, 0x0003, 0x0022, 0x4228, 0xF77B, 0xF77B, 0xF77C, 0xF77C,
  0xF75B, 0xB574, 0x2104, 0x0000, 0xCE58, 0xF75B, 0xF77B, 0xF77C, 0xF77C, 0xF75B, 0xF75B, 0xCE57, 0x3186, 0x0001, 0x0001, 0x0862,
  0x738D, 0xF77C, 0xF77C, 0xF77C, 0xF75B, 0x9CF2, 0x2925, 0x0841, 0xEF3A, 0xF75B, 0xF73A, 0xF79C, 0x2965, 0x0002, 0x0002, 0x2945,
  0xF77C, 0xF75B, 0xF75B, 0xB574, 0x9490, 0xF75B, 0xF77C, 0xF77B, 0x18C3, 0x0001, 0x83EF, 0xEF3B, 0xEF3A, 0xF75B, 0x840F, 0x0002,
  0x0024, 0x0044, 0x0044, 0x0044, 0x0865, 0x0045, 0x0865, 0x0065, 0x0045, 0x0065, 0x0865, 0x0866, 0x0865, 0x0885, 0x3903, 0x20C4,
  0x38C3, 0x8800, 0x7000, 0x4000, 0x1800, 0x2800, 0x0843, 0x0886, 0x0886, 0x0064, 0x10A5, 0x1883, 0x1040, 0x0840, 0x20C1, 0x0020,
  0x0020, 0x0000, 0x20A2, 0x1881, 0x28C1, 0x1861, 0x0820, 0x0800, 0x0800, 0x1020, 0x58C0, 0x7100, 0x3040, 0x3040, 0x1800, 0x0800,
  0x2820, 0x1800, 0x0800, 0x1000, 0x0000, 0x0000, 0x0800, 0x0000, 0x0000, 0x0000, 0x0000, 0x0000, 0x0000, 0x0800, 0x0000, 0x0000,
  0x0024, 0x0024, 0x0044, 0x1086, 0x0865, 0x1066, 0x0044, 0x0024, 0x0023, 0x0002, 0x4A69, 0xF77C, 0xEF3B, 0xE71A, 0xAD33, 0xB574,
  0xEF5B, 0xEF3B, 0xAD33, 0x18E3, 0x4208, 0xF75B, 0xEF3B, 0xE6FA, 0xB594, 0xAD53, 0xEF3B, 0xEF3B, 0xD678, 0x2945, 0x1082, 0xA4F2,
  0xEF3B, 0xEF3B, 0xBDD6, 0xBDB5, 0xEF5C, 0xEF3B, 0xAD74, 0x2104, 0x7BCE, 0xEF3B, 0xEF3B, 0x94B1, 0x0862, 0x0002, 0x0002, 0x0842,
  0x9491, 0xEF3B, 0xF79C, 0x4A69, 0x2945, 0xEF1A, 0xEF3B, 0xEF3B, 0x62EB, 0x0001, 0x18E3, 0xC5F6, 0xEF3B, 0xD678, 0x2124, 0x0023,
  0x0024, 0x0044, 0x0044, 0x0044, 0x0044, 0x0045, 0x0065, 0x0065, 0x0045, 0x0065, 0x0865, 0x0866, 0x0865, 0x0886, 0x28E4, 0x0886,
  0x1864, 0x9800, 0x8000, 0x6000, 0x1000, 0x3800, 0x2800, 0x1022, 0x0865, 0x0886, 0x0865, 0x0064, 0x0001, 0x28E2, 0x28A1, 0x1060,
  0x0840, 0x0020, 0x18A3, 0x30E1, 0x1880, 0x0020, 0x0800, 0x1820, 0x1020, 0x0000, 0x3080, 0x60C0, 0x4880, 0x2840, 0x3040, 0x0000,
  0x2020, 0x2021, 0x1000, 0x1000, 0x0800, 0x0000, 0x0800, 0x0800, 0x0000, 0x0000, 0x0000, 0x0000, 0x0000, 0x0000, 0x0000, 0x0000,
  0x0024, 0x0024, 0x0044, 0x0865, 0x1086, 0x1065, 0x1886, 0x0044, 0x0023, 0x0001, 0xDEB8, 0xEF3B, 0xEF3B, 0x7BCE, 0x0000, 0x0821,
  0xAD53, 0xEF3B, 0xEF3B, 0x4A69, 0x0841, 0xF79C, 0xEF3B, 0xBD95, 0x0000, 0x0000, 0x9491, 0xEF3B, 0xEF5B, 0x83EE, 0x39C7, 0xF75B,
  0xEF3B, 0xBDB5, 0x1082, 0x0841, 0xBDD5, 0xEF3B, 0xEF5B, 0x5ACA, 0x4A48, 0xF77C, 0xEF5B, 0x6B4C, 0x0001, 0x1083, 0x18E4, 0x0001,
  0x738C, 0xF75C, 0xF77B, 0x2124, 0x0000, 0xEF3B, 0xEF3B, 0xEF3B, 0xDEB9, 0x10A3, 0x0000, 0xB5B5, 0xEF5C, 0xC5F6, 0x0001, 0x0023,
  0x0024, 0x0044, 0x0044, 0x0044, 0x0045, 0x0065, 0x0065, 0x0865, 0x0065, 0x0865, 0x0865, 0x1086, 0x1086, 0x0886, 0x0886, 0x0886,
  0x1884, 0x9000, 0x8000, 0x7000, 0x2000, 0x3000, 0x4000, 0x2800, 0x1000, 0x1043, 0x0865, 0x0885, 0x0884, 0x28E5, 0x1860, 0x28A0,
  0x0820, 0x0840, 0x1063, 0x28C3, 0x1062, 0x0841, 0x0022, 0x0000, 0x0000, 0x0000, 0x0000, 0x58E0, 0x58C1, 0x4880, 0x2020, 0x1000,
  0x0800, 0x3040, 0x1000, 0x1800, 0x0800, 0x0000, 0x0000, 0x0800, 0x0000, 0x0000, 0x0000, 0x0000, 0x0800, 0x0000, 0x0000, 0x0000,
  0x0024, 0x0024, 0x0044, 0x0044, 0x0044, 0x0845, 0x1065, 0x0845, 0x1044, 0x0022, 0xD698, 0xEF3B, 0xEF5B, 0x4228, 0x0001, 0x0001,
  0x39C7, 0x632C, 0x632B, 0x20E3, 0x0861, 0xF77C, 0xEF3B, 0xB595, 0x0000, 0x0000, 0x630B, 0xEF5B, 0xEF3B, 0x840F, 0x39C6, 0xF77C,
  0xEF3B, 0xA4D1, 0x0000, 0x0000, 0x9CD1, 0xEF3B, 0xEF3B, 0x5ACA, 0x4A48, 0xF75C, 0xEF3B, 0x6B4C, 0x0001, 0x5ACA, 0x9491, 0x0000,
  0x6B4C, 0xE71B, 0xEF3B, 0x2944, 0x0000, 0xEF3B, 0xEF3B, 0xEF5B, 0xEF3B, 0x840E, 0x0000, 0xB5B5, 0xEF3B, 0xBDD6, 0x0001, 0x0024,
  0x0044, 0x0045, 0x0045, 0x0045, 0x0045, 0x0865, 0x0865, 0x0865, 0x10A6, 0x0865, 0x0885, 0x10A6, 0x1086, 0x0886, 0x0886, 0x0886,
  0x2065, 0xA820, 0x7800, 0x8000, 0x3800, 0x1022, 0x5000, 0x4000, 0x2800, 0x2000, 0x2000, 0x1801, 0x1822, 0x0821, 0x3040, 0x3060,
  0x1020, 0x1840, 0x0020, 0x2042, 0x1020, 0x1020, 0x0000, 0x0021, 0x1820, 0x0000, 0x0000, 0x2040, 0x7920, 0x4880, 0x3020, 0x1800,
  0x0800, 0x2840, 0x2821, 0x1800, 0x0800, 0x0000, 0x0000, 0x0800, 0x0000, 0x0800, 0x0000, 0x0000, 0x0000, 0x0000, 0x0000, 0x0000,
  0x0045, 0x0044, 0x0044, 0x0044, 0x0044, 0x0044, 0x0044, 0x0844, 0x0844, 0x0001, 0xD678, 0xE73B, 0xDEDA, 0x4228, 0x0002, 0x0002,
  0x0002, 0x0001, 0x0001, 0x0001, 0x0861, 0xEF3B, 0xDEDA, 0xC617, 0x5289, 0x5289, 0xE6FA, 0xDEFB, 0xD699, 0x62EB, 0x39A6, 0xEF3B,
  0xDEDA, 0x9CF2, 0x0001, 0x0001, 0x9CB1, 0xDEDA, 0xDEFA, 0x5AEA, 0x4228, 0xDEDA, 0xE6FB, 0x6B4C, 0x0020, 0xD678, 0xD699, 0x0861,
  0x6B4C, 0xD6DA, 0xE71B, 0x2124, 0x0000, 0xE6FA, 0xDEDA, 0xEF5B, 0xD699, 0xE6D9, 0x2124, 0xB595, 0xE71B, 0xBDD6, 0x0001, 0x0044,
  0x0045, 0x0045, 0x0045, 0x0845, 0x0845, 0x0865, 0x1086, 0x18A7, 0x10A6, 0x18A6, 0x1086, 0x10A6, 0x0886, 0x0886, 0x0886, 0x0886,
  0x2085, 0xB040, 0x7800, 0x9000, 0x4800, 0x0842, 0x5801, 0x4800, 0x4000, 0x2800, 0x2000, 0x2000, 0x3000, 0x1021, 0x4101, 0x5121,
  0x1081, 0x1881, 0x0865, 0x1883, 0x2080, 0x1041, 0x0864, 0x0021, 0x1840, 0x0020, 0x0000, 0x0000, 0x3880, 0x7120, 0x4880, 0x2820,
  0x0800, 0x1820, 0x3041, 0x1001, 0x1000, 0x0800, 0x0000, 0x0800, 0x0800, 0x0000, 0x0000, 0x0000, 0x0000, 0x0000, 0x0000, 0x0000,
  0x0045, 0x0845, 0x0044, 0x0045, 0x0045, 0x0044, 0x0044, 0x0024, 0x0023, 0x0001, 0xC637, 0xC679, 0xCE9A, 0x4207, 0x0002, 0x0003,
  0x0003, 0x0003, 0x0003, 0x0002, 0x0862, 0xDEFB, 0xD6BA, 0xD69A, 0xE6FB, 0xE6FA, 0xD6BA, 0xB595, 0x73AE, 0x0000, 0x39C7, 0xD6BA,
  0xD6DA, 0x9491, 0x0001, 0x0001, 0x8C50, 0xD69A, 0xD6BA, 0x52AA, 0x39E7, 0xC659, 0xCE9A, 0x736D, 0x2124, 0xDEDA, 0xDEDA, 0x62EB,
  0x630C, 0xC67A, 0xBE39, 0x2104, 0x0000, 0xD69A, 0xD6BA, 0xA513, 0xCE78, 0xD6BA, 0x9CD2, 0xAD75, 0xCE9A, 0xAD95, 0x0002, 0x0044,
  0x0845, 0x0865, 0x0865, 0x0865, 0x0865, 0x0865, 0x18A7, 0x18A7, 0x18A7, 0x20C7, 0x18A6, 0x0886, 0x0886, 0x0886, 0x0886, 0x0885,
  0x2885, 0xB040, 0x9820, 0xA020, 0x3800, 0x0842, 0x4863, 0x5000, 0x5000, 0x4800, 0x3000, 0x3800, 0x3800, 0x1084, 0x4122, 0x4101,
  0x28A1, 0x1860, 0x0885, 0x1085, 0x1041, 0x0000, 0x0885, 0x0843, 0x2060, 0x0840, 0x0820, 0x0000, 0x0800, 0x6900, 0x7921, 0x3860,
  0x1000, 0x0800, 0x3861, 0x1801, 0x1000, 0x0800, 0x0000, 0x0000, 0x0800, 0x0800, 0x0000, 0x0000, 0x0000, 0x0000, 0x0000, 0x0000,
  0x0045, 0x0845, 0x0865, 0x0045, 0x0865, 0x0045, 0x0044, 0x0024, 0x0024, 0x0001, 0xAD96, 0xBE39, 0xBE39, 0x39E7, 0x0003, 0x0003,
  0x0003, 0x0003, 0x0002, 0x0002, 0x0862, 0xBE39, 0xBE39, 0xC659, 0xBE38, 0xBE39, 0xBE18, 0x4A69, 0x0000, 0x0001, 0x31A6, 0xBE39,
  0xB5F8, 0x8451, 0x0001, 0x0001, 0x7C0F, 0xBE18, 0xADD8, 0x4A89, 0x31C7, 0xADD8, 0xADD8, 0xA534, 0xA534, 0xB5F8, 0xBE39, 0xBDF7,
  0x8C71, 0xADD8, 0xB5F8, 0x18E3, 0x0000, 0xB5F7, 0xADD8, 0x8430, 0x8430, 0xBE19, 0xBE59, 0xBE39, 0xB619, 0x94F4, 0x0002, 0x0044,
  0x0865, 0x0865, 0x0865, 0x0865, 0x1086, 0x0886, 0x10A6, 0x1086, 0x18A6, 0x0886, 0x1086, 0x18A6, 0x1086, 0x0886, 0x0886, 0x0886,
  0x2085, 0xB840, 0xB040, 0xA840, 0x2800, 0x10A6, 0x1886, 0x7000, 0x5000, 0x4800, 0x4800, 0x5800, 0x3000, 0x10A6, 0x20E6, 0x38E3,
  0x1861, 0x1084, 0x1086, 0x10A6, 0x1063, 0x0863, 0x10A7, 0x18A5, 0x1020, 0x18A2, 0x0861, 0x0800, 0x0000, 0x1020, 0x6900, 0x58C0,
  0x2020, 0x0800, 0x2840, 0x2020, 0x0800, 0x0800, 0x0000, 0x0000, 0x1000, 0x0800, 0x0000, 0x0000, 0x0000, 0x0000, 0x0000, 0x0000,
  0x1886, 0x0865, 0x0865, 0x0865, 0x0865, 0x0845, 0x0044, 0x0044, 0x0024, 0x0001, 0x9515, 0x9D77, 0x9D97, 0x31A7, 0x0002, 0x0002,
  0x4228, 0x632D, 0x6B4D, 0x18E4, 0x0842, 0xADB8, 0xA5B8, 0x8451, 0x39C7, 0xADB7, 0xA597, 0x9515, 0x10A2, 0x0001, 0x2966, 0xA5B7,
  0x9D77, 0x6BCF, 0x0001, 0x0001, 0x73CF, 0xA597, 0x9D77, 0x4249, 0x0000, 0x6B8E, 0x9D97, 0xADB8, 0xADF8, 0x9D76, 0x9D76, 0xB618,
  0xB5F8, 0x9577, 0x52CB, 0x0000, 0x0000, 0xA597, 0xA598, 0x73CF, 0x0841, 0x9D56, 0xADF8, 0xA5D8, 0xA597, 0x94D3, 0x0002, 0x0044,
  0x0865, 0x0865, 0x0865, 0x0865, 0x0885, 0x0865, 0x0886, 0x0886, 0x0886, 0x0865, 0x0885, 0x1086, 0x1086, 0x0886, 0x0886, 0x0886,
  0x2885, 0xC060, 0xC080, 0xA840, 0x2842, 0x10C7, 0x10A7, 0x6821, 0x5800, 0x6000, 0x6000, 0x5000, 0x2000, 0x10C7, 0x10A7, 0x18A6,
  0x1063, 0x10A6, 0x10A7, 0x10A7, 0x1085, 0x1086, 0x10A7, 0x3083, 0x1820, 0x1062, 0x0841, 0x0842, 0x0801, 0x1000, 0x0800, 0x50C0,
  0x4080, 0x1000, 0x2840, 0x2820, 0x1000, 0x0801, 0x0800, 0x0000, 0x0800, 0x0800, 0x0000, 0x0000, 0x0000, 0x0000, 0x0000, 0x0000,
  0x1086, 0x1086, 0x1065, 0x0865, 0x1066, 0x0865, 0x0845, 0x0845, 0x0024, 0x0001, 0x8CF5, 0x9D77, 0x8D36, 0x636E, 0x0000, 0x18E4,
  0x9D35, 0x9D97, 0xA5B7, 0x31A6, 0x0841, 0x9D77, 0x8CF5, 0x6BD0, 0x0000, 0x73D0, 0x9536, 0x9536, 0x636E, 0x0001, 0x2945, 0x9557,
  0x9536, 0x8493, 0x1082, 0x0862, 0x94F4, 0x9D77, 0x9556, 0x3A08, 0x0001, 0x632D, 0x9557, 0x9556, 0x9D77, 0x6BAF, 0x636E, 0x9D77,
  0xA5B8, 0x8D16, 0x4AAB, 0x0001, 0x0001, 0x9515, 0x8D16, 0x636E, 0x0000, 0x52AB, 0xA597, 0x9557, 0x8D16, 0x7C72, 0x0002, 0x0844,
  0x0865, 0x0865, 0x0865, 0x0865, 0x0865, 0x0865, 0x0886, 0x0886, 0x0866, 0x0865, 0x0865, 0x0886, 0x0886, 0x0886, 0x0886, 0x18A7,
  0x30A5, 0xC060, 0xB080, 0xA840, 0x2884, 0x10A7, 0x10A7, 0x4864, 0x7800, 0x6800, 0x7000, 0x5800, 0x2000, 0x10A7, 0x10A7, 0x18A7,
  0x1064, 0x10A7, 0x10A7, 0x10A7, 0x10A6, 0x10A7, 0x10A7, 0x18A6, 0x0800, 0x1085, 0x0862, 0x10C7, 0x1021, 0x1820, 0x3040, 0x1000,
  0x3860, 0x3040, 0x2020, 0x2820, 0x2040, 0x1800, 0x0800, 0x0000, 0x0000, 0x0800, 0x0800, 0x0800, 0x0000, 0x0000, 0x0000, 0x0000,
  0x0865, 0x0865, 0x1086, 0x1086, 0x0865, 0x0865, 0x0845, 0x0844, 0x0044, 0x0003, 0x31A7, 0x9536, 0x84F5, 0x9515, 0x8CB3, 0x9515,
  0x9536, 0x8D16, 0x636D, 0x0841, 0x0841, 0x84D5, 0x7474, 0x638F, 0x0000, 0x18E3, 0x8CF5, 0x8CF6, 0x8D16, 0x4A69, 0x0841, 0x638F,
  0x8D16, 0x9556, 0x9515, 0x9514, 0x9556, 0x84F5, 0x5B2D, 0x1082, 0x0001, 0x2124, 0x84D5, 0x8D16, 0x8D36, 0x1904, 0x1904, 0x9536,
  0x9536, 0x84B4, 0x10C3, 0x0001, 0x0000, 0x7C94, 0x7C94, 0x530D, 0x0001, 0x0842, 0x638F, 0x84F5, 0x84D5, 0x6BF1, 0x0001, 0x0044,
  0x0865, 0x0885, 0x0865, 0x1086, 0x0865, 0x0865, 0x0886, 0x1086, 0x0886, 0x0886, 0x0886, 0x1086, 0x1086, 0x1086, 0x18A6, 0x20C7,
  0x38C6, 0xC080, 0x8082, 0x6883, 0x28A6, 0x10A7, 0x10A7, 0x28A6, 0x9820, 0x6800, 0x6000, 0x5800, 0x1864, 0x18C7, 0x18C7, 0x20C7,
  0x1864, 0x18A7, 0x18A6, 0x18C7, 0x18C7, 0x18C7, 0x18C7, 0x30C4, 0x1820, 0x1885, 0x1085, 0x18C7, 0x0822, 0x1000, 0x4880, 0x2820,
  0x0800, 0x2020, 0x2020, 0x3841, 0x2821, 0x1800, 0x0800, 0x0000, 0x0000, 0x0000, 0x0800, 0x0800, 0x0000, 0x0000, 0x0000, 0x0000,
  0x0865, 0x0865, 0x0845, 0x0865, 0x0045, 0x0045, 0x0045, 0x0845, 0x0044, 0x0024, 0x0002, 0x31E8, 0x9515, 0x84F5, 0x84D5, 0x84F5,
  0x8CF5, 0x52EC, 0x0841, 0x0001, 0x7C31, 0x7494, 0x7C94, 0x8CD4, 0x4249, 0x0000, 0x6B8F, 0x8D15, 0x8D16, 0x9D55, 0x18E3, 0x1082,
  0x638F, 0x8CF5, 0x8D16, 0x8CF6, 0x8D16, 0x634E, 0x0862, 0x0002, 0x0003, 0x0001, 0x84B4, 0x8D16, 0x6BAF, 0x0000, 0x0021, 0x7411,
  0x8CF5, 0x8493, 0x0001, 0x0002, 0x632D, 0x84D5, 0x7C94, 0x84B4, 0x39E7, 0x0001, 0x2145, 0x8CF5, 0x8CF5, 0x8D16, 0x5AEC, 0x0043,
  0x0865, 0x0865, 0x1086, 0x1086, 0x1086, 0x1065, 0x1086, 0x1086, 0x1086, 0x1086, 0x1086, 0x18A7, 0x18A6, 0x20C7, 0x18C7, 0x20C7,
  0x30C6, 0xC880, 0x38C5, 0x28C6, 0x28A6, 0x18C7, 0x18C7, 0x18C7, 0x8841, 0x8000, 0x6800, 0x5800, 0x1864, 0x18C7, 0x18A7, 0x38E5,
  0x0821, 0x20C7, 0x18C6, 0x18C7, 0x18C7, 0x20C7, 0x20C7, 0x2883, 0x0000, 0x1064, 0x18C7, 0x18C7, 0x1064, 0x1020, 0x7100, 0x5081,
  0x1800, 0x0000, 0x1000, 0x3860, 0x2020, 0x1000, 0x1800, 0x0800, 0x0000, 0x0000, 0x0800, 0x0000, 0x0000, 0x0000, 0x0000, 0x0000,
  0x20A7, 0x0865, 0x0865, 0x0845, 0x0045, 0x0845, 0x0845, 0x0845, 0x0844, 0x0044, 0x0023, 0x0002, 0x2966, 0x2966, 0x2145, 0x2145,
  0x2145, 0x0842, 0x0002, 0x0002, 0x2125, 0x1925, 0x2125, 0x2125, 0x10A2, 0x0001, 0x1083, 0x2145, 0x2145, 0x2145, 0x0021, 0x0002,
  0x0862, 0x2145, 0x2145, 0x2145, 0x2145, 0x0862, 0x0003, 0x0023, 0x0023, 0x0002, 0x2145, 0x2145, 0x10A3, 0x0001, 0x0002, 0x10C3,
  0x2145, 0x2124, 0x0001, 0x0002, 0x18E4, 0x2125, 0x1925, 0x2145, 0x0882, 0x0002, 0x0022, 0x2145, 0x2145, 0x2145, 0x18C4, 0x0844,
  0x0865, 0x0885, 0x1086, 0x1086, 0x1086, 0x1086, 0x1086, 0x1086, 0x1086, 0x1086, 0x20C7, 0x20C7, 0x20C7, 0x20C7, 0x20C7, 0x18C7,
  0x30C6, 0xA881, 0x20C7, 0x20C7, 0x20C7, 0x20C7, 0x18C7, 0x18C7, 0x6883, 0x9800, 0x8000, 0x7800, 0x2064, 0x18C7, 0x20C7, 0x2881,
  0x0820, 0x1084, 0x18C7, 0x28E7, 0x20C7, 0x28E7, 0x20C7, 0x20C5, 0x1820, 0x20C7, 0x20C7, 0x18C7, 0x18A6, 0x0800, 0x7121, 0x60C1,
  0x3860, 0x0800, 0x0000, 0x1820, 0x2840, 0x1800, 0x1000, 0x0800, 0x0000, 0x0000, 0x0800, 0x0000, 0x0000, 0x0000, 0x0000, 0x0000,
  0x18A7, 0x1886, 0x0865, 0x1065, 0x1885, 0x0865, 0x0865, 0x0845, 0x0845, 0x0044, 0x0024, 0x0023, 0x0002, 0x0001, 0x0001, 0x0001,
  0x0001, 0x0002, 0x0002, 0x0001, 0x0001, 0x0001, 0x0001, 0x0001, 0x0001, 0x0001, 0x0001, 0x0001, 0x0001, 0x0001, 0x0002, 0x0002,
  0x0002, 0x0001, 0x6200, 0x7A80, 0x0001, 0x0002, 0x0023, 0x0003, 0x0003, 0x0002, 0x0001, 0x0001, 0x0001, 0x0001, 0x0002, 0x0001,
  0x0001, 0x0001, 0x0002, 0x0002, 0x0001, 0x0001, 0x0001, 0x0001, 0x0002, 0x0002, 0x0002, 0x0002, 0x0002, 0x0023, 0x0044, 0x0865,
  0x0865, 0x0885, 0x1086, 0x1086, 0x1086, 0x1086, 0x1086, 0x1086, 0x1086, 0x18A6, 0x18A7, 0x10A6, 0x18A6, 0x10A6, 0x18A6, 0x18C7,
  0x20E7, 0x68C3, 0x20C7, 0x20C7, 0x20C7, 0x18C7, 0x20C7, 0x20C7, 0x60A4, 0xA020, 0x8000, 0x7000, 0x2864, 0x28C7, 0x28E7, 0x30E4,
  0x0820, 0x20C7, 0x28E7, 0x28C7, 0x28C7, 0x30E7, 0x28E7, 0x38A2, 0x1000, 0x1064, 0x28E7, 0x20E7, 0x20E8, 0x1042, 0x7141, 0x68E0,
  0x4060, 0x2820, 0x0800, 0x1000, 0x1000, 0x2021, 0x1000, 0x0800, 0x0000, 0x0000, 0x0000, 0x0000, 0x0000, 0x0000, 0x0000, 0x0000,
  0x18A6, 0x20A6, 0x1886, 0x30C6, 0x40E6, 0x40E5, 0x1065, 0x0865, 0x0845, 0x0044, 0x0844, 0x7A82, 0x0001, 0x7221, 0x8261, 0x82A1,
  0x82C2, 0x82C2, 0x82C2, 0x82A1, 0x82C2, 0x82C2, 0x82C2, 0x82E2, 0x82E3, 0x82E3, 0x82E3, 0x82E3, 0x82C3, 0x4162, 0x0822, 0x4162,
  0x0001, 0x5A01, 0x82A0, 0x7260, 0x7221, 0x0002, 0x1881, 0x0002, 0x51E2, 0x82C2, 0x82A2, 0x82C2, 0x82C2, 0x82C2, 0x82C2, 0x82C2,
  0x82A1, 0x82A2, 0x82A2, 0x82C2, 0x82C2, 0x82C2, 0x82A2, 0x8281, 0x8281, 0x8282, 0x51A1, 0x0022, 0x7241, 0x0844, 0x0865, 0x0865,
  0x1086, 0x1086, 0x1086, 0x1086, 0x1086, 0x1086, 0x1086, 0x1086, 0x10A6, 0x10A6, 0x10A6, 0x10A6, 0x10A6, 0x18A7, 0x10A6, 0x18C7,
  0x20E7, 0x40C5, 0x18C7, 0x20C7, 0x20C7, 0x20C7, 0x28E7, 0x28E7, 0x70A4, 0xA840, 0x9000, 0x7000, 0x3084, 0x30E7, 0x28E7, 0x28E7,
  0x1883, 0x20E7, 0x20E7, 0x28E7, 0x20C7, 0x20C7, 0x48E5, 0x4880, 0x1801, 0x0000, 0x20C6, 0x28E7, 0x28E8, 0x18A5, 0x7941, 0x58C0,
  0x60C0, 0x3860, 0x1000, 0x2020, 0x1000, 0x0800, 0x1000, 0x0800, 0x0800, 0x0000, 0x0000, 0x0000, 0x0000, 0x0800, 0x0000, 0x0000,
  0x28C7, 0x20C7, 0x28C6, 0x30C6, 0x38C6, 0x40E6, 0x38C5, 0x0865, 0x0865, 0x0865, 0x0864, 0x61C1, 0x0022, 0x5980, 0x61E0, 0x61E1,
  0x6201, 0x6201, 0x6201, 0x6201, 0x6201, 0x6201, 0x6201, 0x6201, 0x6222, 0x6221, 0x6221, 0x6222, 0x6221, 0x3100, 0x28E0, 0x4980,
  0x5180, 0xAB41, 0x3100, 0x3920, 0xAB20, 0x61C0, 0x59A0, 0x4960, 0x4981, 0x6221, 0x6201, 0x6201, 0x6201, 0x6201, 0x6201, 0x6201,
  0x6201, 0x61E1, 0x61C0, 0x6201, 0x6221, 0x6201, 0x61E1, 0x61E1, 0x61E1, 0x61E1, 0x3921, 0x0022, 0x59C2, 0x0864, 0x1085, 0x1086,
  0x1086, 0x1086, 0x18A6, 0x10A6, 0x10A6, 0x10A6, 0x10A6, 0x18A7, 0x20C7, 0x10A6, 0x18A6, 0x18C6, 0x20C7, 0x18C7, 0x20C7, 0x28E7,
  0x28E7, 0x30E7, 0x28E7, 0x28E7, 0x28E7, 0x28E7, 0x28E7, 0x20E7, 0x70C4, 0xA840, 0xA020, 0x7000, 0x3084, 0x30E7, 0x30E7, 0x3907,
  0x28C6, 0x30E7, 0x20E7, 0x20E7, 0x28E7, 0x30E7, 0x6122, 0x60E0, 0x2021, 0x1001, 0x1884, 0x28E7, 0x30E7, 0x2908, 0x50E2, 0x58E1,
  0x7101, 0x3880, 0x1000, 0x3860, 0x2020, 0x0000, 0x1000, 0x1001, 0x0000, 0x0000, 0x0000, 0x0801, 0x0000, 0x0000, 0x0000, 0x0000,
  0x20C7, 0x28C7, 0x20C7, 0x28C6, 0x30C7, 0x40E6, 0x40E5, 0x1065, 0x0865, 0x0865, 0x0865, 0x0844, 0x0844, 0x0844, 0x0024, 0x0023,
  0x0023, 0x0023, 0x0023, 0x0023, 0x0023, 0x0023, 0x0023, 0x0023, 0x0023, 0x0023, 0x0023, 0x0003, 0x0002, 0x61E1, 0x69E0, 0x2081,
  0xCB60, 0x4120, 0x7A40, 0x7A20, 0x3920, 0xCB80, 0x1881, 0x61C0, 0x7A41, 0x0002, 0x0023, 0x0023, 0x0023, 0x0023, 0x0023, 0x0023,
  0x0023, 0x0023, 0x0023, 0x0044, 0x0044, 0x0024, 0x0024, 0x0044, 0x0044, 0x0044, 0x0844, 0x0864, 0x0865, 0x1085, 0x1086, 0x1086,
  0x1086, 0x18A6, 0x18A6, 0x18A6, 0x10A6, 0x18A6, 0x18A6, 0x18C7, 0x20C7, 0x28C7, 0x30E7, 0x20C7, 0x30E7, 0x30E7, 0x30E7, 0x38E7,
  0x38E7, 0x38E7, 0x30E7, 0x38E7, 0x30E7, 0x3107, 0x30E7, 0x28E7, 0x78C3, 0xA040, 0xB060, 0x7800, 0x3084, 0x30E7, 0x28E7, 0x30E7,
  0x30E6, 0x28E8, 0x28E7, 0x30E8, 0x28E7, 0x38E5, 0x2880, 0x0000, 0x0000, 0x0000, 0x0800, 0x30E7, 0x3108, 0x3108, 0x48E2, 0x7941,
  0x6901, 0x3860, 0x0000, 0x4060, 0x2820, 0x0800, 0x0000, 0x1001, 0x0800, 0x0000, 0x0000, 0x0800, 0x0800, 0x0000, 0x0000, 0x0000,
  0x20C7, 0x20C7, 0x20C7, 0x28C7, 0x28C7, 0x38E6, 0x28A6, 0x1086, 0x0885, 0x1885, 0x30C6, 0x20A6, 0x1065, 0x0865, 0x0865, 0x0845,
  0x0844, 0x0844, 0x0844, 0x0044, 0x0044, 0x0044, 0x0044, 0x0044, 0x0044, 0x0044, 0x0044, 0x0044, 0x0023, 0x51A0, 0x0002, 0x0023,
  0x2081, 0xCB60, 0x30E0, 0x28A0, 0xD3A0, 0x1880, 0x0002, 0x0002, 0x5180, 0x0022, 0x0844, 0x0844, 0x0844, 0x0844, 0x0844, 0x0844,
  0x0844, 0x0844, 0x0844, 0x0865, 0x0865, 0x0865, 0x0865, 0x0865, 0x0865, 0x0865, 0x0865, 0x1085, 0x1086, 0x1086, 0x1086, 0x18A6,
  0x18A6, 0x18A6, 0x18A6, 0x18A6, 0x18A6, 0x18A6, 0x20C7, 0x28C7, 0x28C7, 0x28E7, 0x28E7, 0x30E7, 0x30E7, 0x4107, 0x38E7, 0x38E7,
  0x38E7, 0x38E7, 0x30E7, 0x30E7, 0x28E7, 0x28E7, 0x30E7, 0x30E7, 0x78A3, 0xB060, 0xC080, 0x7800, 0x2842, 0x3907, 0x28E7, 0x3107,
  0x30E7, 0x2908, 0x30E7, 0x30E8, 0x3907, 0x3107, 0x20A5, 0x2084, 0x1000, 0x20A5, 0x30E6, 0x3907, 0x3907, 0x3908, 0x48C2, 0x8961,
  0x58E0, 0x4880, 0x0800, 0x2840, 0x2020, 0x1800, 0x0000, 0x0800, 0x0000, 0x0000, 0x1000, 0x0000, 0x0800, 0x0000, 0x0000, 0x0000,
  0x28C7, 0x20C7, 0x20C7, 0x28C7, 0x20C7, 0x30C7, 0x30C6, 0x28A6, 0x28A6, 0x30C7, 0x40E6, 0x40E6, 0x20A6, 0x1086, 0x1086, 0x1085,
  0x1085, 0x0865, 0x0865, 0x0865, 0x0865, 0x0865, 0x0865, 0x0865, 0x0865, 0x0865, 0x0845, 0x0845, 0x0844, 0x0044, 0x0044, 0x0044,
  0x0023, 0x28C1, 0xAAE0, 0xBB00, 0x28C0, 0x0002, 0x0023, 0x0044, 0x0044, 0x0844, 0x0844, 0x0864, 0x0864, 0x0864, 0x0864, 0x0864,
  0x0865, 0x0865, 0x1065, 0x1085, 0x1085, 0x1085, 0x1085, 0x1085, 0x1086, 0x1086, 0x1086, 0x10A6, 0x10A6, 0x10A6, 0x18A6, 0x18A6,
  0x18A6, 0x20C6, 0x20C6, 0x18C6, 0x28E7, 0x28C7, 0x30E7, 0x30E7, 0x28E7, 0x20C7, 0x20C7, 0x28E7, 0x18C7, 0x20E7, 0x28E7, 0x28E7,
  0x30E7, 0x20E7, 0x28E7, 0x28E7, 0x28E7, 0x28E7, 0x28E7, 0x30E7, 0x70C4, 0xB080, 0xC880, 0x9820, 0x2000, 0x30A5, 0x3107, 0x3108,
  0x3908, 0x3108, 0x3907, 0x3908, 0x3908, 0x3907, 0x3107, 0x30C4, 0x1000, 0x1883, 0x4127, 0x4927, 0x4107, 0x4128, 0x30A3, 0x7121,
  0x7121, 0x4080, 0x1000, 0x2020, 0x2821, 0x1000, 0x0800, 0x0800, 0x0000, 0x0000, 0x1000, 0x0000, 0x0000, 0x0000, 0x0000, 0x0000,
  0x18A7, 0x20A7, 0x28C7, 0x30C7, 0x30E7, 0x20C7, 0x28C7, 0x30E7, 0x30C6, 0x30C7, 0x30C6, 0x40E6, 0x38C6, 0x1086, 0x18A6, 0x1886,
  0x1086, 0x1086, 0x1086, 0x1085, 0x0885, 0x0886, 0x0885, 0x0865, 0x0865, 0x0865, 0x0865, 0x0865, 0x0865, 0x0865, 0x0865, 0x0844,
  0x0044, 0x0023, 0x30C1, 0x4100, 0x0023, 0x0844, 0x0844, 0x0844, 0x0864, 0x0864, 0x0865, 0x1065, 0x1065, 0x1065, 0x1085, 0x1085,
  0x1085, 0x1086, 0x1086, 0x1086, 0x1086, 0x1086, 0x1086, 0x18A6, 0x18A6, 0x18A6, 0x18A6, 0x18A6, 0x18A6, 0x18A6, 0x20C7, 0x18C7,
  0x20C7, 0x28C7, 0x28E7, 0x38E7, 0x3907, 0x38E7, 0x38E7, 0x20C7, 0x20C7, 0x20C7, 0x20C7, 0x20C7, 0x20C7, 0x20C7, 0x20E7, 0x20E7,
  0x20E7, 0x28E7, 0x28E7, 0x28E7, 0x28E7, 0x28E7, 0x28E7, 0x28E7, 0x78C4, 0xC0A0, 0xB8A0, 0xA860, 0x2800, 0x2842, 0x3928, 0x3928,
  0x3908, 0x3908, 0x3907, 0x3908, 0x3908, 0x3908, 0x3907, 0x7121, 0x2021, 0x0821, 0x4127, 0x4928, 0x4928, 0x4127, 0x30A4, 0x7121,
  0x8161, 0x3060, 0x1000, 0x3060, 0x2840, 0x0800, 0x0800, 0x0000, 0x0000, 0x0800, 0x1001, 0x0800, 0x0000, 0x0000, 0x0000, 0x0000,
  0x10A7, 0x18A6, 0x30C7, 0x30C6, 0x30C6, 0x30C7, 0x30E7, 0x30E7, 0x30E7, 0x30C6, 0x30E6, 0x38E6, 0x40E6, 0x20A6, 0x1086, 0x1886,
  0x18A6, 0x18A6, 0x10A6, 0x1086, 0x1086, 0x1086, 0x1086, 0x1086, 0x0865, 0x1086, 0x1086, 0x1085, 0x0865, 0x0865, 0x0865, 0x0865,
  0x0865, 0x0844, 0x0844, 0x0844, 0x0844, 0x0865, 0x0865, 0x0865, 0x0865, 0x0865, 0x0865, 0x1065, 0x1085, 0x1085, 0x1085, 0x1886,
  0x18A6, 0x18A6, 0x18A6, 0x1086, 0x10A6, 0x28A6, 0x38E6, 0x30E7, 0x20C6, 0x28C6, 0x20C7, 0x18C6, 0x20C6, 0x20C7, 0x20C7, 0x20C7,
  0x20E7, 0x20E7, 0x28E7, 0x30E7, 0x30E7, 0x30E7, 0x28E7, 0x28E7, 0x20E7, 0x20C7, 0x20C7, 0x20C7, 0x20E7, 0x20E7, 0x20E7, 0x20E7,
  0x28E7, 0x28E7, 0x28E7, 0x28E7, 0x3107, 0x30E7, 0x4106, 0x4907, 0x80E3, 0xD0A0, 0x68E4, 0xA080, 0x2000, 0x2800, 0x4107, 0x4128,
  0x4128, 0x4128, 0x4128, 0x4128, 0x4128, 0x4128, 0x5146, 0x58C0, 0x2021, 0x0000, 0x40E6, 0x5127, 0x5127, 0x5127, 0x40E5, 0x6901,
  0x6900, 0x4080, 0x1000, 0x3040, 0x3040, 0x1000, 0x0800, 0x0000, 0x0000, 0x1000, 0x0800, 0x0800, 0x0000, 0x0000, 0x0000, 0x0000,
  0x10A7, 0x10A7, 0x18A6, 0x1086, 0x18A6, 0x38C6, 0x38E6, 0x38E6, 0x38E6, 0x38E7, 0x40E6, 0x38C6, 0x20A6, 0x10A6, 0x1086, 0x18A6,
  0x18A6, 0x18A6, 0x18A6, 0x18A6, 0x1086, 0x1086, 0x1086, 0x1086, 0x1086, 0x1086, 0x1086, 0x1086, 0x0886, 0x1086, 0x1086, 0x1086,
  0x1085, 0x1085, 0x1085, 0x1085, 0x1085, 0x1065, 0x1085, 0x1085, 0x0865, 0x0865, 0x1065, 0x1065, 0x1065, 0x1885, 0x1885, 0x18A6,
  0x20A6, 0x20C6, 0x18A6, 0x20C6, 0x28C6, 0x38E6, 0x38E7, 0x4906, 0x30C6, 0x28C7, 0x28C7, 0x20C7, 0x20C7, 0x28C7, 0x28C7, 0x28C7,
  0x28E7, 0x28E7, 0x28E7, 0x28E7, 0x28E7, 0x28E7, 0x28E7, 0x28E7, 0x28E7, 0x28E7, 0x30E6, 0x30E7, 0x28E7, 0x28E7, 0x30E7, 0x4906,
  0x30E7, 0x3107, 0x30E7, 0x5905, 0x4107, 0x4107, 0x6926, 0x7125, 0x98E3, 0xB0C1, 0x4127, 0x60C4, 0x3800, 0x2800, 0x3842, 0x4127,
  0x4927, 0x4928, 0x4927, 0x4927, 0x4927, 0x5127, 0x5125, 0x2860, 0x0800, 0x0000, 0x40E5, 0x6126, 0x6146, 0x5947, 0x6126, 0x4880,
  0x68E1, 0x50A0, 0x1800, 0x1820, 0x3040, 0x1800, 0x1000, 0x0000, 0x0000, 0x1800, 0x0800, 0x0800, 0x0000, 0x0000, 0x0000, 0x0000,
  0x10A7, 0x10A7, 0x10A6, 0x10A6, 0x1086, 0x18A6, 0x20A6, 0x38E6, 0x20C7, 0x28C7, 0x38E7, 0x28C6, 0x30C6, 0x28C6, 0x28C6, 0x38C6,
  0x28C6, 0x18A6, 0x10A6, 0x10A6, 0x10A6, 0x10A6, 0x10A6, 0x10A6, 0x1086, 0x1086, 0x1086, 0x1086, 0x1086, 0x18A6, 0x18A6, 0x1086,
  0x1086, 0x10A6, 0x18A6, 0x1086, 0x1086, 0x1085, 0x1085, 0x1085, 0x1085, 0x1085, 0x1065, 0x1085, 0x1085, 0x1085, 0x1885, 0x1085,
  0x20A6, 0x28C6, 0x28C6, 0x28C7, 0x38E6, 0x40E7, 0x4906, 0x4106, 0x30E6, 0x30E7, 0x28C6, 0x28C7, 0x30E7, 0x28E7, 0x28C7, 0x28E7,
  0x28E7, 0x28E7, 0x28E7, 0x28E7, 0x28E7, 0x28E7, 0x28E7, 0x28E7, 0x30E7, 0x3907, 0x6926, 0x6946, 0x5926, 0x3107, 0x4906, 0x6946,
  0x5926, 0x30E7, 0x4907, 0x6926, 0x6126, 0x6126, 0x6946, 0x6126, 0x88E3, 0x7104, 0x4128, 0x4906, 0x4800, 0x2800, 0x3800, 0x48E5,
  0x5147, 0x4927, 0x5127, 0x5127, 0x5127, 0x5147, 0x7162, 0x50C0, 0x2041, 0x0800, 0x2883, 0x5147, 0x5127, 0x6147, 0x5926, 0x50A0,
  0x7921, 0x4080, 0x1800, 0x1820, 0x3040, 0x1000, 0x0800, 0x0000, 0x0800, 0x1800, 0x0800, 0x0000, 0x0000, 0x0000, 0x0000, 0x0000,
  0x18A7, 0x18A7, 0x18A7, 0x18A6, 0x18A6, 0x10A6, 0x10A6, 0x20C7, 0x20C6, 0x20C7, 0x38E7, 0x38E7, 0x30E7, 0x38E7, 0x40E6, 0x4906,
  0x20C6, 0x10A6, 0x30C6, 0x30C6, 0x18A6, 0x10A6, 0x10A6, 0x10A6, 0x10A6, 0x10A6, 0x18A6, 0x18A6, 0x20C7, 0x18A6, 0x20A6, 0x18A6,
  0x20A6, 0x18A6, 0x18A6, 0x18A6, 0x18A6, 0x10A6, 0x1086, 0x1085, 0x1085, 0x1085, 0x1065, 0x1085, 0x1085, 0x1085, 0x1085, 0x1085,
  0x1885, 0x30C6, 0x38E7, 0x38E7, 0x28E7, 0x28E7, 0x30E7, 0x30C6, 0x38E6, 0x38E6, 0x38E6, 0x38E6, 0x30E7, 0x28E7, 0x28E7, 0x28E7,
  0x28E7, 0x28E7, 0x28E7, 0x28E7, 0x28E7, 0x28E7, 0x30E7, 0x38E7, 0x4907, 0x6926, 0x6126, 0x7146, 0x7925, 0x6126, 0x7946, 0x6146,
  0x6946, 0x6126, 0x6126, 0x6926, 0x6926, 0x7146, 0x6926, 0x5927, 0x70E4, 0x4906, 0x4127, 0x5927, 0x4800, 0x2000, 0x3800, 0x3821,
  0x5127, 0x5927, 0x5127, 0x5127, 0x5127, 0x5126, 0x48C0, 0x1840, 0x0800, 0x0000, 0x0800, 0x5106, 0x5947, 0x5927, 0x6147, 0x40A3,
  0x7920, 0x4080, 0x0800, 0x3060, 0x2820, 0x1800, 0x0800, 0x0000, 0x1000, 0x1000, 0x0800, 0x0000, 0x0000, 0x0800, 0x0000, 0x0000,
  0x28C7, 0x20C7, 0x20A6, 0x18A6, 0x18A6, 0x18A7, 0x20C7, 0x20C7, 0x28C7, 0x20C7, 0x28C7, 0x38E7, 0x38E7, 0x38E7, 0x40E7, 0x4107,
  0x38E7, 0x40E6, 0x4906, 0x5106, 0x30C6, 0x18A6, 0x18A6, 0x18A6, 0x10A6, 0x18A6, 0x18A6, 0x20C7, 0x18C7, 0x18C7, 0x18A6, 0x28E7,
  0x28C7, 0x18A6, 0x20C7, 0x28C7, 0x20C7, 0x18A6, 0x18A6, 0x1085, 0x1085, 0x1085, 0x1085, 0x1085, 0x1085, 0x1085, 0x1885, 0x1885,
  0x20A5, 0x20A5, 0x28C6, 0x38E7, 0x30E7, 0x28C7, 0x28C7, 0x20C7, 0x28C7, 0x28E7, 0x28E7, 0x30E7, 0x28E7, 0x28E7, 0x38E7, 0x4106,
  0x28E7, 0x28E7, 0x28E7, 0x28E7, 0x28E7, 0x3107, 0x3107, 0x4906, 0x6946, 0x4927, 0x4127, 0x6126, 0x6147, 0x7146, 0x7146, 0x6146,
  0x7945, 0x7946, 0x7946, 0x6926, 0x8145, 0x7945, 0x6126, 0x6147, 0x5127, 0x4927, 0x5127, 0x6926, 0x5820, 0x2800, 0x4000, 0x3800,
  0x3841, 0x5127, 0x5927, 0x5927, 0x5947, 0x5947, 0x4927, 0x4906, 0x1820, 0x4906, 0x4906, 0x5947, 0x5147, 0x5127, 0x6147, 0x40A2,
  0x8141, 0x50A1, 0x1820, 0x4880, 0x1800, 0x1000, 0x1000, 0x0000, 0x0800, 0x1000, 0x0000, 0x0000, 0x0000, 0x0800, 0x0000, 0x0000,
  0x18C7, 0x28E7, 0x30E7, 0x28C7, 0x20C7, 0x28E7, 0x30E7, 0x20C7, 0x20C7, 0x20C7, 0x18C7, 0x28C6, 0x30C7, 0x30C7, 0x38E6, 0x4106,
  0x4906, 0x4906, 0x5106, 0x5106, 0x38C6, 0x18A6, 0x18A6, 0x18A6, 0x18A6, 0x10A6, 0x18A6, 0x20C7, 0x28E7, 0x28E7, 0x28E7, 0x30E7,
  0x38E7, 0x30E7, 0x38E7, 0x30E7, 0x38E6, 0x28C7, 0x20C6, 0x18A6, 0x18A5, 0x1885, 0x1885, 0x1085, 0x1085, 0x1085, 0x1885, 0x1885,
  0x1885, 0x2085, 0x30C6, 0x28C6, 0x18A5, 0x20A5, 0x28C6, 0x28C7, 0x28E7, 0x30E7, 0x28E7, 0x30E7, 0x30E7, 0x4106, 0x6926, 0x7925,
  0x5126, 0x3907, 0x30E7, 0x3907, 0x3907, 0x3107, 0x3907, 0x3907, 0x4128, 0x4927, 0x4127, 0x4927, 0x4927, 0x4927, 0x6147, 0x5147,
  0x5126, 0x7946, 0x9165, 0x9964, 0x7945, 0x7146, 0x6147, 0x7946, 0x5127, 0x6946, 0x7946, 0x7925, 0x6020, 0x3000, 0x4800, 0x3842,
  0x5000, 0x3042, 0x5127, 0x5947, 0x5947, 0x6147, 0x5947, 0x5126, 0x2060, 0x4926, 0x5947, 0x5947, 0x6147, 0x7167, 0x6147, 0x40A2,
  0x7921, 0x5080, 0x1820, 0x50A0, 0x1820, 0x1800, 0x0800, 0x0000, 0x1000, 0x0800, 0x0000, 0x0000, 0x0000, 0x0800, 0x0000, 0x0000,
  0x28C7, 0x20C7, 0x30E7, 0x38E7, 0x38E7, 0x38E7, 0x38E7, 0x30E7, 0x38E7, 0x28C7, 0x28C6, 0x20C7, 0x20C7, 0x20C7, 0x38E6, 0x4107,
  0x4107, 0x4906, 0x38E7, 0x5926, 0x40E6, 0x18A6, 0x18A7, 0x18C7, 0x18A7, 0x18A6, 0x18C6, 0x28E7, 0x30E7, 0x30E7, 0x38E7, 0x38E7,
  0x38E6, 0x40E6, 0x4107, 0x4907, 0x4907, 0x4107, 0x30E7, 0x20A6, 0x38E6, 0x30C6, 0x1885, 0x1885, 0x1885, 0x1885, 0x1885, 0x1885,
  0x1885, 0x1885, 0x1885, 0x1885, 0x1885, 0x20A5, 0x28A6, 0x30C6, 0x3907, 0x3107, 0x4107, 0x6126, 0x5906, 0x7125, 0x5927, 0x6946,
  0x8965, 0x4927, 0x3907, 0x5127, 0x5926, 0x4927, 0x4927, 0x4927, 0x5127, 0x4947, 0x4927, 0x4127, 0x4927, 0x5127, 0x5127, 0x4927,
  0x4947, 0x7965, 0x7966, 0x7946, 0x7146, 0x6126, 0x9165, 0x8965, 0x8965, 0x8945, 0x7946, 0x8125, 0x6000, 0x3000, 0x4800, 0x50C4,
  0x6041, 0x5000, 0x2821, 0x5926, 0x7966, 0x7966, 0x6947, 0x6946, 0x2860, 0x6925, 0x6947, 0x5947, 0x8966, 0xA185, 0x8166, 0x40A2,
  0x6900, 0x50A0, 0x1000, 0x50A0, 0x2020, 0x1000, 0x0800, 0x0000, 0x1800, 0x0800, 0x0000, 0x0000, 0x0800, 0x0800, 0x0000, 0x0000,
  0x30E7, 0x30E7, 0x38E7, 0x1862, 0x40E7, 0x38E7, 0x3907, 0x38E7, 0x40E7, 0x40E6, 0x48E6, 0x38E7, 0x4106, 0x30E7, 0x20E7, 0x20E7,
  0x28E7, 0x28E7, 0x28E7, 0x38E6, 0x4906, 0x38E6, 0x40E6, 0x20E7, 0x18C7, 0x18C7, 0x20C7, 0x30E7, 0x28C7, 0x28E7, 0x30E6, 0x38E6,
  0x38E7, 0x4107, 0x4906, 0x4907, 0x5127, 0x5127, 0x4906, 0x30E6, 0x40E6, 0x38E6, 0x20A5, 0x20A6, 0x20A5, 0x20A5, 0x1885, 0x1885,
  0x1885, 0x1885, 0x1885, 0x1885, 0x1885, 0x1885, 0x30C5, 0x38C5, 0x38E6, 0x4127, 0x5127, 0x6126, 0x5127, 0x5127, 0x7146, 0x7946,
  0x8146, 0x7945, 0x5947, 0x7146, 0x7146, 0x8965, 0x5926, 0x4927, 0x4927, 0x5147, 0x5127, 0x5127, 0x5927, 0x5927, 0x5927, 0x5927,
  0x5147, 0x5127, 0x5127, 0x5127, 0x5927, 0x5127, 0x6147, 0x8145, 0x7146, 0x8966, 0x8965, 0x9124, 0x6800, 0x4000, 0x5000, 0x60C4,
  0x7925, 0x6800, 0x4800, 0x2820, 0x58C3, 0x8965, 0x8966, 0x9186, 0x6104, 0x9986, 0xA985, 0x7966, 0x9985, 0x9985, 0xA185, 0x58C2,
  0x8141, 0x50A0, 0x0800, 0x3040, 0x2020, 0x1800, 0x0000, 0x0800, 0x1000, 0x0800, 0x0000, 0x0000, 0x0800, 0x0000, 0x0000, 0x0000,
  0x4107, 0x4107, 0x28A4, 0x0000, 0x30C5, 0x4907, 0x4907, 0x4907, 0x4906, 0x5106, 0x4906, 0x40E7, 0x5106, 0x4107, 0x28E7, 0x28E7,
  0x30E7, 0x30E7, 0x30E7, 0x28E7, 0x3107, 0x4107, 0x3907, 0x28E7, 0x28E7, 0x20C7, 0x20C6, 0x20C7, 0x28E7, 0x28E7, 0x28E7, 0x28E7,
  0x48E6, 0x38E7, 0x4107, 0x4107, 0x5127, 0x5927, 0x5126, 0x4906, 0x5106, 0x4906, 0x4106, 0x40E6, 0x28C5, 0x20A5, 0x20A5, 0x2085,
  0x1885, 0x1885, 0x1885, 0x1885, 0x1885, 0x1885, 0x20A5, 0x38C5, 0x5106, 0x5927, 0x5127, 0x5127, 0x5127, 0x5127, 0x6946, 0x6946,
  0x6946, 0x8945, 0x8965, 0x8145, 0x8145, 0x9164, 0x8965, 0x5927, 0x5127, 0x5947, 0x6146, 0x6147, 0x5947, 0x5947, 0x6146, 0x5947,
  0x5947, 0x5947, 0x5147, 0x5127, 0x5127, 0x5127, 0x5947, 0x6946, 0x5947, 0x6967, 0x6967, 0x7925, 0x6000, 0x4800, 0x4800, 0x60E4,
  0x7167, 0x7062, 0x6800, 0x3000, 0x2000, 0x3841, 0x8923, 0xA185, 0x9985, 0xB184, 0xA985, 0xA985, 0xA985, 0xB1A5, 0xA9A5, 0x68E2,
  0x9181, 0x58E1, 0x1820, 0x2840, 0x2820, 0x1000, 0x0000, 0x1000, 0x1000, 0x0800, 0x0000, 0x0000, 0x0800, 0x0000, 0x0000, 0x0000,
  0x4107, 0x40E6, 0x0821, 0x0000, 0x2841, 0x5107, 0x4907, 0x5107, 0x4907, 0x5107, 0x5106, 0x5106, 0x5107, 0x5906, 0x5127, 0x4906,
  0x4907, 0x5106, 0x5926, 0x5926, 0x30E7, 0x28E7, 0x28E7, 0x3107, 0x3907, 0x28E7, 0x28E7, 0x28E7, 0x28E7, 0x28E7, 0x28E7, 0x28E7,
  0x28E7, 0x3107, 0x30E7, 0x4107, 0x3107, 0x4107, 0x4107, 0x5926, 0x5127, 0x4927, 0x5127, 0x5926, 0x38E6, 0x38C5, 0x2085, 0x2085,
  0x20A5, 0x20A5, 0x1885, 0x1885, 0x1885, 0x2085, 0x30C5, 0x40E6, 0x5106, 0x5926, 0x5927, 0x6126, 0x5927, 0x5927, 0x5927, 0x5947,
  0x5947, 0x6146, 0x8965, 0x8965, 0x9965, 0xA184, 0xA164, 0x8965, 0x8965, 0x7146, 0x6147, 0x6147, 0x6946, 0x6947, 0x6147, 0x6147,
  0x6147, 0x6147, 0x6147, 0x6147, 0x5947, 0x5947, 0x5947, 0x6147, 0x5947, 0x6147, 0x6967, 0x7925, 0x6000, 0x5000, 0x4800, 0x68E4,
  0x7967, 0x8146, 0x7800, 0x6000, 0x3800, 0x2000, 0x2000, 0x3040, 0x58A2, 0xA984, 0xA985, 0xB984, 0xB184, 0xB9A4, 0xB1A5, 0x7102,
  0x8141, 0x4081, 0x2020, 0x2040, 0x2020, 0x0800, 0x0000, 0x2020, 0x0800, 0x0800, 0x0000, 0x0800, 0x0800, 0x0000, 0x0000, 0x0000,
  0x4907, 0x38C5, 0x0000, 0x0000, 0x1000, 0x40C5, 0x4907, 0x5107, 0x5107, 0x5107, 0x5906, 0x4906, 0x5106, 0x5127, 0x6126, 0x6126,
  0x6126, 0x6126, 0x6126, 0x6926, 0x4907, 0x4907, 0x30E7, 0x5906, 0x6926, 0x30E7, 0x30E7, 0x30E7, 0x3107, 0x3107, 0x3107, 0x2907,
  0x3107, 0x28E7, 0x28E7, 0x28E7, 0x28E7, 0x28E7, 0x3107, 0x3907, 0x5926, 0x6126, 0x6126, 0x6126, 0x4906, 0x38E6, 0x30C5, 0x20A5,
  0x20A5, 0x20A5, 0x2085, 0x2085, 0x2085, 0x20A5, 0x40E5, 0x5105, 0x6126, 0x6146, 0x6146, 0x6147, 0x6147, 0x6147, 0x6147, 0x6147,
  0x5947, 0x5947, 0x6147, 0x6946, 0x8165, 0x7166, 0x8986, 0x9185, 0x9185, 0x7966, 0x8966, 0x7146, 0x7146, 0x7146, 0x7166, 0x6147,
  0x6946, 0x6946, 0x6147, 0x6167, 0x6967, 0x6167, 0x6946, 0x7966, 0x7966, 0x8986, 0x7966, 0x8945, 0x6000, 0x6000, 0x4800, 0x78E3,
  0x9985, 0xA1A6, 0x88A1, 0x6000, 0x6000, 0x4000, 0x2000, 0x2000, 0x2000, 0x2000, 0x3841, 0x5081, 0x4081, 0x58A2, 0x50A2, 0x3060,
  0x7921, 0x58C0, 0x2820, 0x1820, 0x2820, 0x0800, 0x0800, 0x1800, 0x0000, 0x0000, 0x0000, 0x1000, 0x0000, 0x0000, 0x0000, 0x0000,
  0x4128, 0x5127, 0x2083, 0x0000, 0x2062, 0x4127, 0x4127, 0x4128, 0x3908, 0x4907, 0x3907, 0x4107, 0x5926, 0x5127, 0x6126, 0x6126,
  0x6926, 0x6926, 0x6126, 0x6926, 0x6926, 0x5927, 0x5926, 0x6126, 0x6926, 0x5926, 0x3907, 0x3907, 0x3907, 0x3107, 0x3907, 0x3107,
  0x3108, 0x3107, 0x3108, 0x3108, 0x3108, 0x3107, 0x3107, 0x3107, 0x3907, 0x4927, 0x5127, 0x6146, 0x5126, 0x40E6, 0x40E5, 0x38C5,
  0x28A5, 0x2085, 0x20A5, 0x28A5, 0x28A5, 0x20A5, 0x30C5, 0x48E5, 0x6946, 0x5906, 0x5926, 0x6946, 0x6947, 0x6967, 0x6947, 0x6946,
  0x6947, 0x6147, 0x6946, 0x6946, 0x6947, 0x6967, 0x6967, 0x6146, 0x6946, 0x7166, 0x7966, 0x7966, 0x9186, 0x9986, 0x8986, 0x9186,
  0xA1A5, 0x7966, 0x7966, 0x91A5, 0x7987, 0x8186, 0xA1A5, 0x99A6, 0xA9A5, 0xA1A5, 0xA9A5, 0xB185, 0x7040, 0x88E2, 0x5000, 0x8903,
  0xB1A5, 0xB1C5, 0xA184, 0x7800, 0x5800, 0x6800, 0x5000, 0x3000, 0x2800, 0x2000, 0x1800, 0x2000, 0x2000, 0x2840, 0x3021, 0x2860,
  0x50C1, 0x48A0, 0x1800, 0x2000, 0x2020, 0x0000, 0x1820, 0x1000, 0x0800, 0x0000, 0x0000, 0x0800, 0x0000, 0x0000, 0x0000, 0x0000,
  0x4927, 0x5127, 0x1862, 0x0000, 0x1820, 0x50E6, 0x4927, 0x5127, 0x4127, 0x3907, 0x4107, 0x4127, 0x4107, 0x4127, 0x4927, 0x5927,
  0x5927, 0x6946, 0x6126, 0x6946, 0x6946, 0x6926, 0x6126, 0x5927, 0x6126, 0x5127, 0x4907, 0x4907, 0x5106, 0x4107, 0x4107, 0x4127,
  0x3927, 0x3908, 0x3908, 0x3908, 0x3908, 0x3107, 0x3907, 0x3907, 0x3907, 0x4127, 0x4128, 0x4927, 0x5127, 0x5926, 0x5106, 0x5105,
  0x40E5, 0x28A5, 0x30A5, 0x28C5, 0x28A5, 0x20A5, 0x30A5, 0x38C5, 0x48E5, 0x38C5, 0x38C5, 0x4906, 0x6126, 0x7166, 0x7946, 0x7966,
  0x7166, 0x7167, 0x7166, 0x6967, 0x7166, 0x7166, 0x7146, 0x7146, 0x7146, 0x7166, 0x7966, 0x7166, 0x7966, 0x7987, 0x9186, 0x99A5,
  0x9985, 0xB1A4, 0xB184, 0xB1A4, 0xB1A5, 0xB1A4, 0xA985, 0xB184, 0xC1A4, 0xB9A4, 0xB9A4, 0xB1A5, 0x9103, 0xA963, 0x5000, 0x9923,
  0xB9C5, 0xB1C5, 0xB1A5, 0x90C2, 0x5000, 0x6000, 0x6800, 0x5000, 0x4000, 0x4000, 0x2000, 0x3000, 0x4040, 0xB184, 0xB1A4, 0x6901,
  0x60E0, 0x3040, 0x1800, 0x2820, 0x1000, 0x0000, 0x2820, 0x0800, 0x0000, 0x0000, 0x0000, 0x0000, 0x0000, 0x0000, 0x0000, 0x0000,
  0x4928, 0x4927, 0x1862, 0x0000, 0x1000, 0x2821, 0x5927, 0x5927, 0x5127, 0x5127, 0x4927, 0x4127, 0x4127, 0x4127, 0x3928, 0x3928,
  0x3928, 0x6147, 0x4927, 0x5947, 0x6947, 0x5127, 0x6926, 0x6126, 0x5927, 0x5127, 0x6946, 0x5926, 0x5927, 0x5127, 0x5127, 0x4927,
  0x4127, 0x4128, 0x3907, 0x4127, 0x5147, 0x7166, 0x8965, 0x6126, 0x4927, 0x4927, 0x5147, 0x5147, 0x6947, 0x6946, 0x6126, 0x6946,
  0x48E5, 0x40E5, 0x40E5, 0x40E5, 0x30A5, 0x28A5, 0x28A5, 0x28A5, 0x28A5, 0x30C5, 0x30C5, 0x38C5, 0x5105, 0x8165, 0xA984, 0x9965,
  0x8985, 0x7966, 0x7966, 0x7166, 0x7966, 0x7966, 0x7966, 0x7966, 0x7966, 0x7966, 0x7987, 0x7167, 0x7187, 0x7987, 0x7987, 0x7187,
  0x8186, 0x9185, 0x99A5, 0xB9A4, 0xC9C3, 0xB1A4, 0xC1A3, 0xC1A4, 0x9185, 0xB1A5, 0xA9A5, 0xC1C4, 0xC9E4, 0xB983, 0x5800, 0xA122,
  0xC1C4, 0xC1C4, 0xC9E4, 0xB143, 0x7000, 0x4800, 0x7000, 0x6800, 0x4000, 0x3800, 0x3000, 0x3800, 0x4841, 0xC1C5, 0xC9E4, 0x60E1,
  0x58C0, 0x4880, 0x1800, 0x2020, 0x1000, 0x0800, 0x1800, 0x0800, 0x0000, 0x0000, 0x0000, 0x0000, 0x0000, 0x0821, 0x0021, 0x0000,
  0x5947, 0x5128, 0x0821, 0x0000, 0x0800, 0x1000, 0x3820, 0x6126, 0x6147, 0x6147, 0x5947, 0x5127, 0x4927, 0x4107, 0x4128, 0x4928,
  0x4127, 0x4127, 0x4928, 0x4928, 0x5947, 0x5947, 0x6147, 0x6147, 0x6946, 0x6946, 0x5147, 0x5127, 0x5127, 0x5927, 0x5127, 0x5127,
  0x5147, 0x4927, 0x6946, 0x7166, 0x8966, 0x8966, 0x9185, 0xA184, 0x7966, 0x5926, 0x6147, 0x6947, 0x9165, 0xA185, 0x8145, 0x7145,
  0x6105, 0x5106, 0x5105, 0x6925, 0x48E5, 0x30A5, 0x28A5, 0x28A5, 0x28A4, 0x28A5, 0x30A5, 0x30C5, 0x48E4, 0x8944, 0xB1A4, 0xA984,
  0xA9A5, 0xA1A5, 0x8986, 0x8166, 0x8986, 0x8186, 0x8186, 0x8186, 0x8186, 0x8186, 0x8186, 0x8187, 0x8186, 0x8186, 0x8186, 0x8986,
  0x8986, 0x9186, 0x91A6, 0x91A6, 0xA9C5, 0x9985, 0x99A5, 0x99A5, 0x99A5, 0xB1A4, 0x8986, 0x91A6, 0x91A6, 0x99C6, 0x7040, 0x7104,
  0x99A6, 0xB1C5, 0xB9C5, 0xB1A5, 0x8061, 0x6000, 0x5800, 0x7800, 0x5800, 0x4000, 0x4800, 0x3000, 0x8103, 0xB9E5, 0xB9E5, 0x7921,
  0x7120, 0x3860, 0x2820, 0x1000, 0x1000, 0x0800, 0x0800, 0x0000, 0x0000, 0x0000, 0x1862, 0x2082, 0x28A4, 0x20A4, 0x0843, 0x0001,
  0x6947, 0x6946, 0x0000, 0x0000, 0x0800, 0x2000, 0x1000, 0x4020, 0x7925, 0x7146, 0x7146, 0x7966, 0x6147, 0x7966, 0x5947, 0x6946,
  0x6946, 0x5147, 0x6147, 0x6947, 0x7147, 0x7167, 0x6947, 0x6947, 0x6947, 0x6947, 0x6947, 0x6947, 0x5947, 0x5947, 0x5147, 0x6147,
  0x8166, 0x7966, 0x8966, 0x8986, 0x7966, 0x8986, 0x8966, 0x9185, 0x9985, 0x9185, 0x7966, 0x8986, 0x8986, 0x9985, 0x9985, 0xA185,
  0xA185, 0x8945, 0x9985, 0x8944, 0x40C4, 0x38C5, 0x28A5, 0x28A5, 0x28A5, 0x28A4, 0x28A4, 0x40C4, 0x58E4, 0x7924, 0x8944, 0xB9A4,
  0xB1C5, 0xB1A5, 0xA1A5, 0xB9C4, 0xA1A5, 0x9985, 0x8986, 0x9986, 0xA185, 0x9186, 0xA1A5, 0x99A6, 0x9985, 0xA1A5, 0xA1A5, 0xB1A5,
  0xA1A5, 0xA1A5, 0xA1A5, 0xB1C5, 0xB1C5, 0xA9A5, 0x9985, 0x9186, 0x9186, 0x91A6, 0x91A6, 0x91A6, 0x89A6, 0x91A6, 0x70C3, 0x7104,
  0x89A7, 0x89A7, 0x91C7, 0x99C7, 0x88C2, 0x7000, 0x5800, 0x7800, 0x6000, 0x4800, 0x5800, 0x2800, 0x9165, 0xA1A6, 0xA9C6, 0x8941,
  0x58C0, 0x2020, 0x2000, 0x1000, 0x0000, 0x0000, 0x0000, 0x1041, 0x28C3, 0x3904, 0x28C4, 0x1062, 0x0841, 0x1062, 0x1063, 0x0000,
  0x6947, 0x5905, 0x0000, 0x0000, 0x0800, 0x2800, 0x0000, 0x2000, 0x5041, 0x7146, 0x7166, 0x7966, 0x8166, 0x8166, 0x8146, 0x8965,
  0x8166, 0x8186, 0x6967, 0x6947, 0x6947, 0x6947, 0x7167, 0x7166, 0x7146, 0x7146, 0x7167, 0x7147, 0x8166, 0x6147, 0x6947, 0x8966,
  0x9186, 0x8986, 0x8986, 0x8186, 0x9186, 0x9186, 0x9985, 0x9185, 0x9985, 0xA185, 0x9986, 0x9186, 0xA185, 0xA1A5, 0xA185, 0xA185,
  0xA9A5, 0xA9A4, 0xB184, 0x6105, 0x40C5, 0x38C5, 0x28A4, 0x28A5, 0x28A5, 0x28A4, 0x28A4, 0x30A4, 0x40C4, 0x48E4, 0x50E5, 0x7944,
  0xA9C5, 0x99A6, 0x99A5, 0x99A6, 0xA1C5, 0xA1A6, 0xA9A5, 0xA1A5, 0xA1A5, 0xA9A5, 0xB9C4, 0xB9C5, 0xC1C4, 0xB9C5, 0xB9C4, 0xB9A4,
  0xB9A4, 0xB9A4, 0xA9A5, 0xC1C4, 0xA9C5, 0xB1C5, 0xA1A5, 0xA9A5, 0xA9A5, 0xA1A6, 0x99A6, 0x99A6, 0x99A6, 0x99C6, 0x8965, 0x7904,
  0x91A7, 0x91A7, 0x99C7, 0xA1C7, 0x9924, 0x8000, 0x6800, 0x6800, 0x7000, 0x4800, 0x6800, 0x4000, 0x9144, 0xA9A5, 0x9985, 0x6920,
  0x3860, 0x3860, 0x1000, 0x0800, 0x0820, 0x30C2, 0x4904, 0x38E4, 0x20A3, 0x0821, 0x0001, 0x0821, 0x1043, 0x0821, 0x1063, 0x0000,
  0x7167, 0x38C3, 0x2082, 0x0000, 0x0800, 0x2800, 0x1800, 0x1800, 0x3000, 0x6061, 0x7946, 0x7167, 0x7167, 0x7167, 0x7967, 0x8166,
  0x9186, 0x9985, 0x8986, 0x7966, 0x6147, 0x6167, 0x6167, 0x6167, 0x6167, 0x6167, 0x7167, 0x8166, 0x8166, 0x8966, 0x9186, 0x9186,
  0x8986, 0x8986, 0x8186, 0x8986, 0x8186, 0x8186, 0x8186, 0x8986, 0x91A6, 0x8165, 0x8965, 0x99A6, 0x99A6, 0x8986, 0xA1A5, 0x8986,
  0x9186, 0x9185, 0xA1A5, 0x7125, 0x5905, 0x40E5, 0x38A4, 0x30A5, 0x30A4, 0x30A4, 0x28A5, 0x30A5, 0x30C4, 0x38A4, 0x48E5, 0x6125,
  0x7965, 0xA1A5, 0xA1A6, 0x99A6, 0xA1C6, 0xA1A6, 0x99A6, 0x99A6, 0x91A6, 0x99A6, 0x99C6, 0x99A6, 0xA9C5, 0x99A6, 0x99A6, 0xA1A5,
  0x7923, 0x99A5, 0x8165, 0x99A5, 0x99A6, 0x91A6, 0x99A6, 0xA1A5, 0xA9C5, 0xA9C5, 0xA1C6, 0xA1C6, 0xA9C6, 0xA9C6, 0xA9C5, 0x9985,
  0xB1E6, 0xB1E6, 0xB1C6, 0xB1E6, 0xB1C6, 0x8840, 0x7000, 0x6800, 0x7000, 0x7000, 0x6800, 0x4800, 0x6061, 0xB1C5, 0x7903, 0x9181,
  0x48A0, 0x2020, 0x0000, 0x38C2, 0x5964, 0x38E3, 0x1862, 0x0842, 0x0842, 0x1042, 0x1042, 0x1043, 0x1843, 0x1022, 0x1063, 0x0000,
  0x7987, 0x2862, 0x40A2, 0x0820, 0x0800, 0x2000, 0x3000, 0x0800, 0x2800, 0x3800, 0x7082, 0x8187, 0x7986, 0x8166, 0x8966, 0x8166,
  0x7966, 0x8966, 0x9985, 0x9185, 0x7967, 0x7167, 0x6967, 0x6967, 0x6167, 0x6167, 0x5967, 0x6967, 0x6967, 0x7167, 0x8966, 0x8186,
  0x89A6, 0x8187, 0x8186, 0x7987, 0x8186, 0x7187, 0x7987, 0x7987, 0x81A7, 0x6125, 0x58A3, 0x8986, 0x8186, 0x8186, 0x8187, 0x8186,
  0x8186, 0x8986, 0x8986, 0x9186, 0x7945, 0x5905, 0x6124, 0x50E5, 0x48E4, 0x40C5, 0x38C5, 0x30A5, 0x30A5, 0x30A4, 0x38C4, 0x5905,
  0x7124, 0xA1A4, 0xB1C5, 0xA9A5, 0xA9A5, 0xC1C4, 0xB1C5, 0x99A5, 0xA1A5, 0xB9C4, 0xA1A6, 0x99A6, 0xA1A5, 0xA9A5, 0xA1A5, 0xA1C5,
  0x8165, 0x6924, 0xB1A5, 0xA1A5, 0xB9C4, 0xB1C4, 0xA1A6, 0xA1A5, 0xA1A6, 0xB1C5, 0xB9E5, 0xC9E4, 0xC1E5, 0xC9E4, 0xC1E5, 0xC1E5,
  0xDA04, 0xC9E5, 0xB9E5, 0xD1E5, 0xC1E5, 0x98A1, 0x7800, 0x7800, 0x98C1, 0x7800, 0x7000, 0x5000, 0x6061, 0xC1E5, 0x7122, 0x7961,
  0x3041, 0x2020, 0x1040, 0x6184, 0x30C2, 0x1042, 0x1862, 0x1842, 0x1042, 0x1043, 0x1043, 0x1043, 0x1022, 0x1022, 0x1043, 0x0000,
  0x7987, 0x0820, 0x5905, 0x1041, 0x0000, 0x2000, 0x3800, 0x1000, 0x1800, 0x2800, 0x4000, 0x78C3, 0x7987, 0x8167, 0x7967, 0x8186,
  0x7967, 0x7167, 0x7987, 0x8186, 0x8986, 0x9186, 0x9186, 0x6967, 0x6967, 0x6967, 0x6967, 0x7167, 0x7167, 0x7167, 0x7167, 0x6967,
  0x7986, 0x8986, 0x8186, 0x8986, 0x8187, 0x8986, 0x8986, 0x8986, 0x8986, 0x6125, 0x4001, 0x5001, 0x68C3, 0x8986, 0x91A6, 0x91A6,
  0x8986, 0x91A6, 0x99A6, 0x91A6, 0x8986, 0x9185, 0x7945, 0x9164, 0x8144, 0x7124, 0x48E5, 0x30C4, 0x30A4, 0x38C4, 0x38C4, 0x48E4,
  0x6924, 0xB1A4, 0xB9C4, 0xC1C4, 0xB1C5, 0xB1C5, 0xC9C4, 0xC9E4, 0xC9E4, 0xDA03, 0xD1E3, 0xA9A5, 0xB1C5, 0xB1C5, 0xB1C4, 0xA9C5,
  0xA9C5, 0xA9A5, 0xB9C4, 0xC9E4, 0xEA02, 0xD9E3, 0xD1E3, 0xC1C4, 0xB9A4, 0xD9E3, 0xDA04, 0xC9E4, 0xE1E3, 0xC1C4, 0xD9E3, 0xD1E4,
  0xCA05, 0xB1E6, 0xC1E5, 0xB1E6, 0xC9E5, 0xB163, 0x7800, 0x7800, 0xC9A3, 0x9040, 0x6000, 0x5000, 0x7081, 0xCA25, 0x7962, 0x6101,
  0x4060, 0x1000, 0x1840, 0x5964, 0x1042, 0x2883, 0x1862, 0x1042, 0x1042, 0x20A4, 0x20C4, 0x1043, 0x1022, 0x1022, 0x1063, 0x0000,
  0x6146, 0x0000, 0x8186, 0x1041, 0x0000, 0x2000, 0x3000, 0x2800, 0x0800, 0x3000, 0x2800, 0x4000, 0x8104, 0x8187, 0x8986, 0x8987,
  0x8987, 0x7987, 0x8186, 0x8986, 0x9186, 0x9986, 0xA185, 0x9186, 0x8986, 0x7987, 0x7187, 0x7167, 0x8166, 0x7966, 0x7966, 0x7987,
  0x8187, 0x8986, 0x91A6, 0x91A6, 0x8986, 0x8986, 0x91A6, 0x91A6, 0x99A6, 0x7945, 0x6062, 0x5841, 0x5000, 0x88E2, 0xA1C6, 0x99A6,
  0xA1A6, 0x99A6, 0x99A6, 0xA1A6, 0xA9C5, 0xB1C5, 0xC9C4, 0xC1C4, 0xC9C4, 0xA164, 0x58E4, 0x38C4, 0x30A4, 0x30A4, 0x40C4, 0x50E4,
  0x8124, 0xC1C3, 0xD9E3, 0xE203, 0xDA04, 0xD9E3, 0xD1E3, 0xE203, 0xE203, 0xD1E3, 0xE1E3, 0xDA03, 0xDA03, 0xDA03, 0xDA03, 0xD1E4,
  0xD1E3, 0xC1C4, 0xD204, 0xEA22, 0xC9E3, 0xE202, 0xF222, 0xE202, 0xE9E2, 0xC9E4, 0xC9E4, 0xD1E4, 0xC1C4, 0xD9E3, 0xC9E4, 0xB9E5,
  0xB1C5, 0xB1C6, 0xB1C6, 0xB9E5, 0xC1E5, 0xC9E5, 0x9061, 0x98C1, 0xDA04, 0xA0E2, 0x6000, 0x5800, 0x7081, 0xC205, 0x6101, 0x50A0,
  0x58C0, 0x1801, 0x0820, 0x5144, 0x1042, 0x2062, 0x1042, 0x1042, 0x28E4, 0x28C5, 0x28E5, 0x3105, 0x1043, 0x1043, 0x1064, 0x0000,
  0x5905, 0x2020, 0x89A7, 0x3082, 0x0000, 0x2800, 0x2800, 0x3800, 0x1000, 0x2820, 0x3021, 0x2800, 0x6020, 0x9165, 0x9186, 0x99A6,
  0xA1A6, 0x91A6, 0x99A6, 0xA1A5, 0xA186, 0xA185, 0xA185, 0xA1A5, 0xA9A5, 0xA1A5, 0x8986, 0x7987, 0x8186, 0x8986, 0x9986, 0x9986,
  0x8986, 0x8986, 0x8986, 0x99A6, 0xA1A5, 0xA1A5, 0x99A6, 0xA1A6, 0xA9A6, 0x6104, 0x8144, 0xA1A5, 0x9164, 0x9144, 0xB1E6, 0xA9C5,
  0xA9A5, 0xB1A5, 0xB9C5, 0xB9C5, 0xC9E4, 0xC9C4, 0xC9C3, 0xC9E4, 0xC1C4, 0x7945, 0x48C4, 0x38C4, 0x38C4, 0x38C4, 0x40C4, 0x6104,
  0xA184, 0xB1C5, 0xC1E5, 0xB1C5, 0xC1E5, 0xC1E4, 0xA9C5, 0xB9E4, 0xC9E3, 0xC1C4, 0xB9C4, 0xC9E4, 0xD203, 0xDA03, 0xCA04, 0xC1C4,
  0xB9C4, 0xC1E4, 0xC1E5, 0xB9C5, 0xC1E5, 0xE203, 0xDA23, 0xF222, 0xEA22, 0xF222, 0xEA23, 0xD204, 0xD1E4, 0xD1E4, 0xD9E3, 0xC1E4,
  0xD1E4, 0xD204, 0xD204, 0xD1E4, 0xDA04, 0xDA04, 0xB942, 0xA0E1, 0xE203, 0xA8E1, 0x6800, 0x6000, 0x7860, 0xA983, 0x7121, 0x58E0,
  0x4060, 0x1800, 0x0800, 0x5965, 0x1842, 0x1842, 0x1042, 0x1863, 0x20A4, 0x3946, 0x3926, 0x3105, 0x1042, 0x1043, 0x1063, 0x0000,
  0x40C3, 0x2840, 0x91A7, 0x38A2, 0x0000, 0x3000, 0x3000, 0x3800, 0x3861, 0x3862, 0x40C3, 0x3041, 0x3800, 0x90A2, 0xA1C6, 0x99A6,
  0x91A6, 0x99A6, 0x99A6, 0xA9A5, 0xA9A5, 0xA985, 0xA9A5, 0xB1A5, 0xB1A5, 0xB1C5, 0xB1A5, 0xA1A5, 0x9186, 0x8186, 0x8986, 0x9986,
  0xA1A6, 0xA1A5, 0xA9A5, 0xA1A5, 0xA9C5, 0xC1C4, 0xC1E5, 0xC1E5, 0xB1C5, 0x40C3, 0x50E3, 0xC1E4, 0xB9E5, 0xB9E5, 0xC9E4, 0xD1E4,
  0xD9E4, 0xD1E4, 0xD9E3, 0xD1E3, 0xD1E3, 0xD9E3, 0xD9E3, 0xE203, 0xC9E4, 0x7945, 0x5104, 0x50E4, 0x48E5, 0x50E4, 0x48E4, 0x7124,
  0x9984, 0xB1C5, 0x9985, 0xB9C5, 0xB9C5, 0xB1C5, 0xB1C5, 0xB9C5, 0xB1C5, 0xB9C4, 0xB9C4, 0xB9C5, 0xB1C5, 0xB1C4, 0xB9C4, 0xB9A4,
  0xC9C4, 0xC1E4, 0xC1E4, 0xB9C5, 0xB9E5, 0xB9E5, 0xB9E5, 0xC1E4, 0xDA23, 0xE222, 0xF242, 0xF242, 0xF242, 0xF243, 0xF242, 0xF222,
  0xF222, 0xF243, 0xF223, 0xF223, 0xEA23, 0xEA23, 0xEA23, 0xB121, 0xEA03, 0xD9C2, 0x7000, 0x6800, 0x7060, 0x9142, 0x7961, 0x58C0,
  0x3040, 0x1800, 0x0800, 0x5964, 0x1842, 0x1842, 0x2083, 0x49A7, 0x4187, 0x20A4, 0x20A4, 0x20A4, 0x1863, 0x1043, 0x1043, 0x0000,
  0x0000, 0x40A2, 0x91A7, 0x48C3, 0x0000, 0x3800, 0x3000, 0x48E3, 0x4904, 0x40E3, 0x3061, 0x3041, 0x2800, 0x6000, 0x99A5, 0x89A7,
  0x81A7, 0x81A7, 0x89A7, 0x81A7, 0x8187, 0x8986, 0x99A6, 0x99A6, 0xA9A6, 0xB9C5, 0xB9A5, 0xB1A5, 0xB1A5, 0xB9A5, 0xB1A5, 0xA1A5,
  0xB1C5, 0xC1C5, 0xC1E5, 0xB9E5, 0xC1C4, 0xB9C5, 0xC9E4, 0xC9E4, 0x7144, 0x1864, 0x1843, 0xB1C3, 0xC1E5, 0xB1C5, 0xA9C5, 0xC9E4,
  0xB9C5, 0xB9C4, 0xB1C5, 0xC1C4, 0xB9C4, 0xB9C5, 0xC1C4, 0xC1E4, 0xC1E4, 0x99A5, 0x7145, 0x7124, 0x6924, 0x50E4, 0x5905, 0x5904,
  0x8144, 0x7125, 0x7144, 0xA1A4, 0xB9C4, 0xC1E5, 0xC1E5, 0xC1C4, 0xC1C4, 0xC1C4, 0xC1E4, 0xC1E4, 0xD1E3, 0xC1E4, 0xC1E4, 0xC9E3,
  0xD9E3, 0xC9E3, 0xC9C3, 0xD1E3, 0xC9E4, 0xC1E4, 0xC1E4, 0xC1E4, 0xC1E5, 0xC9E4, 0xE243, 0xDA23, 0xEA43, 0xD204, 0xC9E4, 0xD1E4,
  0xD204, 0xD204, 0xCA04, 0xEA23, 0xD204, 0xD205, 0xD225, 0xD9E4, 0xC9E5, 0xE203, 0x8840, 0x6800, 0x7861, 0x8122, 0x7141, 0x50C1,
  0x2840, 0x2840, 0x0800, 0x5144, 0x1842, 0x1842, 0x4146, 0x20C4, 0x3105, 0x30E5, 0x3105, 0x4167, 0x4167, 0x1884, 0x1063, 0x0821,
  0x0000, 0x7944, 0x99A6, 0x7144, 0x0000, 0x3800, 0x3800, 0x3800, 0x3000, 0x40E4, 0x38A2, 0x5145, 0x48E3, 0x3800, 0x80C2, 0xA1A6,
  0xA1A6, 0x99A6, 0x99C6, 0x89A7, 0x91A7, 0x89A7, 0x91A6, 0x91A6, 0x91A7, 0x99A6, 0x99A6, 0xA9A6, 0x99A6, 0xA9A5, 0xA1C5, 0xB9C5,
  0xB9C5, 0xB1C5, 0xB1C5, 0xB9C5, 0xB9C5, 0xC1E4, 0xC9E4, 0xC1E4, 0x1043, 0x1044, 0x1864, 0x6103, 0xC1C5, 0xC1C4, 0xB9E5, 0xA9C5,
  0xA9C6, 0xA9C6, 0xA9C6, 0xA9C5, 0xA9C5, 0xA9C5, 0xA9C5, 0xB1C5, 0xB9E5, 0xB9E5, 0xA1A4, 0x9164, 0x8144, 0x7924, 0x50E4, 0x48E5,
  0x48E5, 0x50E4, 0x6125, 0x7944, 0xA9A4, 0xD1E4, 0xD204, 0xC9E4, 0xD1E3, 0xD1E4, 0xE203, 0xE203, 0xEA22, 0xF262, 0xF242, 0xF242,
  0xF242, 0xFA62, 0xF242, 0xF262, 0xEA43, 0xDA03, 0xDA04, 0xC9E4, 0xD1E4, 0xB1A4, 0xB1A4, 0xB1C4, 0xCA05, 0xC1E5, 0xC9E5, 0xC9E5,
  0xC205, 0xC1E5, 0xC9E5, 0xC1E5, 0xC9E5, 0xCA05, 0xCA05, 0xCA05, 0xCA05, 0xD205, 0xA0E2, 0x6800, 0x7860, 0x9162, 0x6921, 0x68E1,
  0x3040, 0x3060, 0x0000, 0x38E3, 0x2063, 0x1862, 0x1863, 0x1883, 0x3926, 0x20C4, 0x4167, 0x1884, 0x20C5, 0x28E5, 0x1063, 0x0821,
  0x0000, 0x9185, 0xA1C6, 0x7144, 0x0000, 0x2800, 0x4000, 0x3800, 0x48E3, 0x38C3, 0x5124, 0x3820, 0x40E3, 0x2820, 0x6800, 0xB9A4,
  0xB9C5, 0xB1C6, 0xA1C6, 0xB1C5, 0xB1C6, 0xA1A6, 0xA1A6, 0x99A6, 0xA1C6, 0xA1A6, 0xA1A6, 0xA1A6, 0xB1C5, 0xA1C6, 0xA9C6, 0xB1C5,
  0xB9C5, 0xC1C5, 0xC9E5, 0xC9E5, 0xB9E5, 0xC1E5, 0xC9E5, 0x6925, 0x1064, 0x1064, 0x1064, 0x38A3, 0xB9A3, 0xC1E4, 0xC1E5, 0xC9E4,
  0xC9E4, 0xB9E5, 0xB1C5, 0xB9E5, 0xC1E4, 0xC1E5, 0xB9E5, 0xC9E4, 0xD204, 0xD9E3, 0xD9E3, 0xC9C3, 0xD1C3, 0xB183, 0x6104, 0x50E5,
  0x40E5, 0x40E5, 0x5105, 0x6945, 0x9164, 0xE223, 0xE223, 0xE223, 0xEA42, 0xEA42, 0xF262, 0xEA42, 0xF262, 0xF262, 0xFA62, 0xF262,
  0xF241, 0xF262, 0xFA82, 0xF262, 0xFA62, 0xEA42, 0xF242, 0xE223, 0xC9E4, 0xC9E4, 0x9963, 0xB9A4, 0xD204, 0xCA04, 0xDA04, 0xDA04,
  0xDA04, 0xE204, 0xDA04, 0xDA04, 0xDA04, 0xDA04, 0xE224, 0xE224, 0xEA44, 0xE224, 0xC183, 0x7000, 0x8080, 0x8961, 0x91A1, 0x50A0,
  0x3860, 0x2820, 0x0000, 0x38E3, 0x2083, 0x1863, 0x1863, 0x3105, 0x3946, 0x3126, 0x28E5, 0x1043, 0x1884, 0x28E5, 0x1043, 0x0821,
  0x1820, 0xA9C6, 0xB9E6, 0x7944, 0x0000, 0x2000, 0x5082, 0x4041, 0x3020, 0x40E4, 0x4082, 0x3820, 0x4062, 0x3882, 0x5000, 0xA923,
  0xC1E5, 0xB9E5, 0x5904, 0xA9A5, 0x7145, 0xC9E5, 0xB9C5, 0xB1C5, 0xB1C5, 0xB1C6, 0xB1C5, 0xB9C5, 0xC9E5, 0xC1E5, 0xB9E5, 0xA184,
  0x7903, 0xB9C5, 0xC9E5, 0xC9E4, 0xD1E4, 0xD204, 0xDA04, 0x28A5, 0x1064, 0x1064, 0x1043, 0x2863, 0xA183, 0xDA24, 0xD204, 0xD1E4,
  0xDA03, 0xE204, 0xD1E4, 0xDA03, 0xDA04, 0xDA04, 0xDA03, 0xE203, 0xDA03, 0xD204, 0xD1E4, 0xD1E4, 0xD1E4, 0xB1A4, 0x8144, 0x7124,
  0x50E4, 0x48E5, 0x48E5, 0x6924, 0x9983, 0xE223, 0xE223, 0xE223, 0xDA04, 0xE223, 0xEA63, 0xF262, 0xF262, 0xF262, 0xF262, 0xFA82,
  0xFA62, 0xFA82, 0xFA82, 0xFA62, 0xF262, 0xF282, 0xF262, 0xEA22, 0xEA42, 0xE223, 0xDA03, 0xF262, 0xF223, 0xF243, 0xF223, 0xEA03,
  0xEA23, 0xEA24, 0xEA23, 0xEA23, 0xEA23, 0xEA23, 0xE224, 0xEA24, 0xEA44, 0xEA44, 0xE204, 0x8860, 0x8880, 0x8141, 0x9181, 0x3040,
  0x3860, 0x1800, 0x0000, 0x38C2, 0x2083, 0x1863, 0x20A4, 0x1043, 0x1063, 0x4187, 0x20A4, 0x20A4, 0x28C5, 0x2905, 0x1043, 0x0822,
  0x4081, 0xB1E6, 0xB9E6, 0x8984, 0x0000, 0x2000, 0x5041, 0x5104, 0x3800, 0x3882, 0x40E3, 0x48C3, 0x5104, 0x3861, 0x3000, 0x8060,
  0xB1C5, 0x5104, 0x48E4, 0x28C5, 0x7124, 0xA9A4, 0xC9E5, 0xC1E5, 0xC9E5, 0xC9E5, 0xC1E5, 0xB9C5, 0xC1E5, 0xC9E5, 0xD1E4, 0xB1A3,
  0x4001, 0x7082, 0xC9E4, 0xD1E4, 0xD205, 0xD204, 0x8964, 0x18A5, 0x1064, 0x1064, 0x1043, 0x2063, 0x6903, 0xE223, 0xD204, 0xD204,
  0xCA04, 0xCA05, 0xC1E5, 0xCA04, 0xD204, 0xD204, 0xDA24, 0xDA23, 0xD204, 0xE203, 0xE203, 0xDA04, 0xDA04, 0xD204, 0xC1C4, 0xB9A3,
  0x7944, 0x5904, 0x5905, 0x6104, 0xA183, 0xE203, 0xE223, 0xDA03, 0xDA23, 0xDA03, 0xDA23, 0xDA23, 0xEA42, 0xF282, 0xFA82, 0xFB02,
  0xFC23, 0xFC83, 0xFC82, 0xFBC2, 0xFAE2, 0xFA82, 0xF282, 0xF242, 0xFA82, 0xF262, 0xF242, 0xEA43, 0xEA43, 0xF263, 0xEA23, 0xEA23,
  0xEA23, 0xEA43, 0xF243, 0xEA43, 0xEA44, 0xEA44, 0xEA24, 0xF223, 0xEA44, 0xF243, 0xF243, 0xC9A2, 0x90A1, 0x91A2, 0x6101, 0x3040,
  0x4880, 0x1000, 0x0800, 0x2081, 0x28A3, 0x1863, 0x4166, 0x1863, 0x1863, 0x4167, 0x20C4, 0x3946, 0x4166, 0x1884, 0x1043, 0x0822,
  0x50E2, 0xB9E6, 0xB1E6, 0x99A5, 0x0000, 0x2000, 0x4000, 0x48A2, 0x48E3, 0x5165, 0x3862, 0x50E3, 0x5104, 0x3800, 0x2800, 0x6000,
  0x8103, 0x38E5, 0x1085, 0x18A5, 0x28A4, 0x48E4, 0xA1C5, 0xB9E6, 0xB9E6, 0xB9E5, 0xB9E5, 0xB9E5, 0xB1E6, 0xB9E6, 0xB9E5, 0x9984,
  0x68A2, 0x6041, 0x78A1, 0xD9E4, 0xD204, 0xD204, 0x38E5, 0x1885, 0x1885, 0x1064, 0x1864, 0x1863, 0x38A3, 0xD1E2, 0xEA23, 0xEA43,
  0xE223, 0xEA43, 0xEA23, 0xE224, 0xE224, 0xE223, 0xE223, 0xE243, 0xA9A3, 0xC9C2, 0xC1E3, 0xEA43, 0xE203, 0xE223, 0xE223, 0xE203,
  0xC9E3, 0xA183, 0x6925, 0x6104, 0x7924, 0xA1A4, 0xB9C3, 0xEA22, 0xEA43, 0xEA43, 0xF242, 0xF242, 0xF262, 0xFAA2, 0xFB82, 0xFD63,
  0xFDA3, 0xFDA3, 0xFD83, 0xFD83, 0xFD43, 0xFB62, 0xFA82, 0xF262, 0xEA63, 0xEA43, 0xEA43, 0xF242, 0xEA43, 0xEA23, 0xEA43, 0xEA43,
  0xEA44, 0xEA44, 0xE244, 0xF243, 0xEA44, 0xEA44, 0xEA44, 0xA9C5, 0x7987, 0xC204, 0xF243, 0xF263, 0xA102, 0x6100, 0x60E0, 0x50A0,
  0x3860, 0x0800, 0x0800, 0x2081, 0x30C3, 0x1863, 0x3105, 0x4167, 0x3126, 0x3946, 0x1043, 0x28E5, 0x28C4, 0x1043, 0x1043, 0x0822,
  0xA983, 0xC1E5, 0xB9E5, 0xA9C5, 0x0000, 0x1800, 0x3800, 0x4000, 0x48A2, 0x38A2, 0x2000, 0x4000, 0x4000, 0x3800, 0x2800, 0x4800,
  0x90C1, 0x5924, 0x18A5, 0x1085, 0x30C4, 0x99C5, 0xCA05, 0xD205, 0xD1E5, 0xC9E5, 0xD204, 0xD205, 0xD204, 0xC9E5, 0xC9E5, 0xA9A4,
  0xA9A4, 0xD204, 0xA963, 0xD204, 0xDA04, 0xB1A4, 0x18A5, 0x1064, 0x18A5, 0x1064, 0x1064, 0x1063, 0x3083, 0x9162, 0xDA24, 0xDA24,
  0x7123, 0xB162, 0xE223, 0xEA23, 0xE223, 0xEA23, 0xC9E3, 0xCA03, 0x38C3, 0x28C4, 0xB1C3, 0x8963, 0xEA22, 0xEA23, 0xEA43, 0xEA23,
  0xF243, 0xE223, 0x8144, 0x7124, 0x6924, 0x6924, 0x8144, 0xC1E3, 0xF262, 0xF243, 0xF242, 0xF282, 0xFAA2, 0xFB42, 0xFD83, 0xFDA3,
  0xFDA3, 0xFDA3, 0xFDA3, 0xFD83, 0xFD83, 0xFD43, 0xFB02, 0xFAA2, 0xFAA2, 0xFA82, 0xFA82, 0xFA62, 0xFA62, 0xFA62, 0x8163, 0xF263,
  0xA1A3, 0xCA03, 0xFA63, 0xF263, 0xFA63, 0xF243, 0x99A5, 0x7167, 0x6967, 0x7167, 0x91A6, 0xCA25, 0xB9A2, 0x6100, 0x48A0, 0x58C0,
  0x1800, 0x0800, 0x0800, 0x1861, 0x38E4, 0x1863, 0x1863, 0x3105, 0x3926, 0x1043, 0x1022, 0x1043, 0x1043, 0x1043, 0x0843, 0x1043,
  0xC9E5, 0xC9E5, 0xC1E5, 0xB9E5, 0x0000, 0x1000, 0x3000, 0x4800, 0x4800, 0x2800, 0x2000, 0x3800, 0x4800, 0x4000, 0x2800, 0x3000,
  0x6800, 0x5924, 0x38E5, 0x4105, 0x4905, 0x7985, 0xE224, 0xE224, 0xDA24, 0xDA25, 0xDA24, 0xE244, 0x9183, 0xD203, 0xDA04, 0xB9C4,
  0xB9C4, 0xE223, 0xE203, 0xE223, 0xEA44, 0x6945, 0x1885, 0x1064, 0x1885, 0x1064, 0x1864, 0x1863, 0x2063, 0x6902, 0xF263, 0xEA43,
  0x68E2, 0x5801, 0x7861, 0xA962, 0xF242, 0xE263, 0x5923, 0x2083, 0x5124, 0x28A4, 0x48E2, 0x6122, 0xC202, 0xFA82, 0xF262, 0xF242,
  0xFA62, 0xF242, 0xB9E3, 0x8944, 0x6104, 0x5104, 0x6904, 0xA9A3, 0xF282, 0xFAA2, 0xFAA2, 0xFAA2, 0xFAA1, 0xFC02, 0xFD83, 0xFD63,
  0xFDA3, 0xFDA3, 0xFDA3, 0xFD22, 0xFD02, 0xFD22, 0xFC02, 0xFAA2, 0xFA82, 0xF262, 0xF262, 0xF263, 0xEA63, 0xB1C2, 0x8983, 0x5903,
  0x4904, 0xA1C3, 0xD244, 0xF263, 0xB9E5, 0x91A6, 0x7986, 0x6967, 0x6967, 0x7167, 0x6967, 0x7167, 0x5104, 0x8161, 0x58C0, 0x4880,
  0x1000, 0x1800, 0x0800, 0x1861, 0x38E3, 0x2063, 0x1863, 0x1843, 0x1043, 0x1043, 0x1023, 0x1043, 0x1043, 0x1043, 0x0823, 0x0842,
  0xC9E5, 0xC9E5, 0xD1E5, 0xC1E5, 0x0000, 0x0800, 0x4000, 0x5000, 0x4800, 0x3000, 0x2800, 0x3000, 0x5000, 0x5000, 0x2800, 0x2800,
  0x5800, 0xA163, 0xA9C4, 0x7943, 0x7165, 0xE285, 0xA1C5, 0xEA44, 0xE244, 0xE244, 0xCA04, 0x6104, 0x40C4, 0x6103, 0x7923, 0xC204,
  0xB1C3, 0xE244, 0x8985, 0xB9E4, 0xEA64, 0x28A5, 0x1885, 0x1064, 0x1064, 0x1044, 0x1864, 0x1864, 0x1863, 0x40C3, 0xDA23, 0xF243,
  0x8963, 0xD1E2, 0xA941, 0xA941, 0xF262, 0xE243, 0xA1C3, 0x38A3, 0x1884, 0x28A4, 0x1863, 0x40C2, 0x9183, 0xFA63, 0xF242, 0xF242,
  0xF242, 0xF242, 0xFA62, 0xD1E2, 0x7924, 0x5905, 0x7124, 0xB183, 0xF282, 0xFAA2, 0xF283, 0xFA82, 0xFAA2, 0xFCC2, 0xFD42, 0xFD22,
  0xFD43, 0xFD43, 0xFD43, 0xFD02, 0xFCE2, 0xFCC2, 0xFC81, 0xFA81, 0xFA81, 0xFA81, 0xFA82, 0xFA62, 0xA1A2, 0x40E3, 0x38C4, 0x1884,
  0x28A4, 0x30C4, 0x7145, 0x99C5, 0x7986, 0x7986, 0x6967, 0x6967, 0x6967, 0x6967, 0x6967, 0x6967, 0x48E4, 0x8981, 0x4880, 0x3040,
  0x0800, 0x2020, 0x0800, 0x0820, 0x38E3, 0x2063, 0x2883, 0x1042, 0x1043, 0x2022, 0x1801, 0x1022, 0x1043, 0x1043, 0x0823, 0x0842,
  0xB9E5, 0xA9C6, 0xC9E5, 0xD205, 0x1020, 0x1000, 0x5800, 0x5000, 0x5800, 0x4000, 0x2800, 0x2800, 0x5800, 0x5000, 0x4000, 0x2800,
  0x4800, 0x9902, 0xA207, 0x8184, 0xE244, 0x6146, 0x4127, 0x81A5, 0xE244, 0xC204, 0x20A5, 0x18A6, 0x18A5, 0x2084, 0x38C4, 0x48E3,
  0xA9E4, 0xCA04, 0x4906, 0x6126, 0x99A4, 0x18A6, 0x0864, 0x18A6, 0x0843, 0x1064, 0x1864, 0x1864, 0x2063, 0x38A3, 0xA9A2, 0xFA83,
  0x9182, 0xF242, 0xEA83, 0xD244, 0xE263, 0xCA02, 0x30C4, 0x4904, 0x1884, 0x1884, 0x2083, 0x40C3, 0xDA43, 0xF242, 0xEA43, 0xF262,
  0xF243, 0xF242, 0xEA63, 0xE222, 0x8944, 0x7124, 0x8144, 0xB9C3, 0xF282, 0xFA82, 0xF282, 0xFAA2, 0xFAA2, 0xFB41, 0xFB60, 0xFB80,
  0xFC01, 0xFC61, 0xFD02, 0xFCA1, 0xFC00, 0xFBC1, 0xFB61, 0xFA82, 0xFA62, 0xFA62, 0xF262, 0xF262, 0xE243, 0x91A4, 0x30A3, 0x1884,
  0x1084, 0x38E5, 0x5946, 0x8187, 0x7187, 0x7987, 0x7187, 0x7187, 0x6967, 0x6167, 0x6168, 0x6988, 0x58E2, 0x8161, 0x4060, 0x1000,
  0x2020, 0x2020, 0x0800, 0x0000, 0x4903, 0x1842, 0x2083, 0x1042, 0x1822, 0x2800, 0x0800, 0x1001, 0x1043, 0x1043, 0x0821, 0x0822,
  0x6167, 0x89A6, 0x99A6, 0xDA04, 0x1020, 0x1000, 0x6000, 0x5800, 0x7060, 0x8901, 0x3800, 0x2000, 0x5000, 0x5000, 0x5800, 0x3800,
  0x4000, 0x7841, 0x4927, 0x38E6, 0x6987, 0x4107, 0x3907, 0x5126, 0x7986, 0x30C5, 0x18A5, 0x18A5, 0x1885, 0x28C5, 0x30A4, 0x38A3,
  0x50E3, 0x7165, 0x4106, 0x5127, 0x28C6, 0x1085, 0x1064, 0x1084, 0x1043, 0x1064, 0x1885, 0x1064, 0x1863, 0x2063, 0x6923, 0xB9E5,
  0x6944, 0xD223, 0xA1C6, 0x89A6, 0x91A5, 0xB9E3, 0xB203, 0x4105, 0x6123, 0x2883, 0x38C3, 0x89A4, 0x6123, 0xF262, 0xE243, 0xCA03,
  0xF242, 0xFA82, 0xFA82, 0xFA62, 0xEA42, 0x8944, 0x6925, 0x9964, 0xEA62, 0xFAA2, 0xFAA2, 0xFAC2, 0xFAA2, 0xFBC2, 0xFC82, 0xFC81,
  0xFC81, 0xFCA2, 0xFC82, 0xFC41, 0xFC61, 0xFC21, 0xFB62, 0xFA82, 0xEA82, 0xEA62, 0xF282, 0xB1E4, 0x7145, 0x30C4, 0x38E5, 0x1884,
  0x20A5, 0x4106, 0x4925, 0x7987, 0x7987, 0x6966, 0x7187, 0x7187, 0x6967, 0x6988, 0x6988, 0x6167, 0x7941, 0x58C0, 0x3860, 0x1000,
  0x3060, 0x1000, 0x0000, 0x0000, 0x4903, 0x1863, 0x1862, 0x2042, 0x2001, 0x1800, 0x0801, 0x1001, 0x0821, 0x1042, 0x0801, 0x0823,
  0x3927, 0x5967, 0x4927, 0x91A6, 0x1041, 0x0800, 0x6000, 0x5820, 0x6925, 0x6966, 0x3841, 0x1800, 0x1800, 0x4000, 0x5800, 0x4800,
  0x3000, 0x7020, 0x5926, 0x20C5, 0x3907, 0x3907, 0x3107, 0x4127, 0x20C6, 0x1885, 0x1885, 0x1084, 0x1085, 0x1884, 0x2063, 0x38A3,
  0x3083, 0x38A4, 0x3906, 0x3906, 0x18A5, 0x0844, 0x1064, 0x1064, 0x2884, 0x1064, 0x1064, 0x1884, 0x2063, 0x2063, 0x50E3, 0x91C6,
  0x6145, 0x8986, 0x81A6, 0x81A6, 0x5924, 0x91A6, 0x8165, 0x5104, 0x9163, 0x6103, 0x7144, 0x6945, 0x7965, 0xB1E5, 0x91A6, 0x8186,
  0x99C5, 0xDA43, 0xCA44, 0xEA62, 0xFAA2, 0xB9C3, 0x7124, 0xA183, 0xF282, 0xFAA2, 0xFAA2, 0xAA03, 0xC222, 0xFAE2, 0xFBA1, 0xFBC0,
  0xFBC0, 0xFC00, 0xFBE1, 0xFB80, 0xFB81, 0xF321, 0xB204, 0xA9E5, 0xB1C4, 0x91A5, 0xB205, 0x8986, 0x6945, 0x7145, 0x20A4, 0x38C5,
  0x5926, 0x28C5, 0x5946, 0x7987, 0x4906, 0x30C5, 0x4106, 0x5147, 0x3927, 0x3906, 0x5148, 0x40E5, 0x8161, 0x58C1, 0x2840, 0x1820,
  0x3860, 0x0800, 0x0800, 0x0000, 0x40E3, 0x1843, 0x1862, 0x2883, 0x1842, 0x2000, 0x1801, 0x1043, 0x1043, 0x0001, 0x0822, 0x0822,
  0x28E7, 0x18C6, 0x3107, 0x4927, 0x1062, 0x0000, 0x4041, 0x50C5, 0x4948, 0x4927, 0x40C4, 0x2800, 0x2000, 0x1800, 0x2800, 0x5800,
  0x4000, 0x5000, 0x60C4, 0x20C6, 0x3107, 0x2907, 0x28E6, 0x18A6, 0x18A5, 0x18A5, 0x18A5, 0x20A5, 0x20A6, 0x1884, 0x3084, 0x3083,
  0x3883, 0x3883, 0x30C4, 0x10A5, 0x1085, 0x1064, 0x1885, 0x2085, 0x20A5, 0x30A4, 0x1864, 0x1864, 0x2083, 0x3083, 0x3082, 0x7165,
  0x5125, 0x7986, 0x8186, 0x6146, 0x40E4, 0x6166, 0x7187, 0x8186, 0x48E4, 0x7145, 0x89A6, 0x6946, 0x89A6, 0x8186, 0x7966, 0x5925,
  0x7986, 0x8986, 0x89A6, 0x91A6, 0xB1E5, 0xA1A4, 0x6925, 0x9984, 0xCA24, 0xB204, 0x4905, 0x4104, 0x5145, 0x6144, 0xBA04, 0xD282,
  0xFB00, 0xFAE0, 0xFAE0, 0xEAA1, 0xC223, 0xA1C5, 0x91A6, 0x9186, 0x9186, 0x9186, 0x91A6, 0x89A6, 0x81A6, 0x6146, 0x40E5, 0x6125,
  0x4905, 0x5946, 0x6167, 0x5126, 0x30C5, 0x1084, 0x20C5, 0x30E6, 0x28E6, 0x18C6, 0x30E7, 0x38E4, 0x8161, 0x4880, 0x1000, 0x50C0,
  0x2841, 0x1000, 0x0800, 0x0000, 0x38E2, 0x2063, 0x30A2, 0x2083, 0x1043, 0x1842, 0x1822, 0x1022, 0x1042, 0x0822, 0x0801, 0x0801,
  0x10A6, 0x18A6, 0x18C7, 0x28E7, 0x0841, 0x0000, 0x30E6, 0x3907, 0x20C6, 0x28E7, 0x3107, 0x3042, 0x2000, 0x2000, 0x0821, 0x2800,
  0x4800, 0x5000, 0x6861, 0x20C6, 0x20C6, 0x28C6, 0x30E7, 0x1064, 0x1064, 0x1064, 0x2084, 0x38A4, 0x2864, 0x1864, 0x1043, 0x1843,
  0x1843, 0x1843, 0x1884, 0x18A5, 0x1064, 0x1864, 0x2083, 0x30A4, 0x2884, 0x2084, 0x3083, 0x3083, 0x2884, 0x2083, 0x3083, 0x40A3,
  0x28A4, 0x5127, 0x4926, 0x18A5, 0x28A4, 0x40E5, 0x3906, 0x7166, 0x40C4, 0x7966, 0x81A6, 0x6946, 0x89A6, 0x7166, 0x28C5, 0x18A4,
  0x38C5, 0x7166, 0x7987, 0x79A7, 0x89A6, 0x89A6, 0x7146, 0x7125, 0x89A6, 0x81A6, 0x40E5, 0x28A5, 0x28C5, 0x5924, 0x99A5, 0x99A5,
  0xB1E5, 0xD1E3, 0xC9E3, 0xA1C5, 0x99A5, 0x89A6, 0x91A6, 0x89A6, 0x8986, 0x8186, 0x8186, 0x8186, 0x5946, 0x7987, 0x7167, 0x7967,
  0x38C4, 0x5967, 0x4127, 0x28C5, 0x18A5, 0x1084, 0x10A5, 0x30C5, 0x20E6, 0x18C6, 0x20C6, 0x6122, 0x7941, 0x3040, 0x2040, 0x50C0,
  0x1820, 0x1800, 0x0800, 0x0000, 0x30C2, 0x2083, 0x28A3, 0x2063, 0x1042, 0x1042, 0x0822, 0x0801, 0x0001, 0x0000, 0x0000, 0x0000,
  0x10A6, 0x10A6, 0x10A6, 0x18C6, 0x0021, 0x0000, 0x2883, 0x10A6, 0x1085, 0x18C6, 0x20C7, 0x2863, 0x2800, 0x2800, 0x1063, 0x2000,
  0x1800, 0x4000, 0x7840, 0x18A5, 0x0884, 0x0884, 0x20E6, 0x18A5, 0x2085, 0x28A4, 0x50A2, 0x9182, 0x48C3, 0x2084, 0x1843, 0x40A3,
  0x38A3, 0x2063, 0x1085, 0x1885, 0x1044, 0x2884, 0x40A3, 0x8921, 0x60E3, 0x38A4, 0x2083, 0x2083, 0x3083, 0x2883, 0x2863, 0x2063,
  0x2084, 0x28A4, 0x18A5, 0x1884, 0x20A5, 0x38A4, 0x4106, 0x4126, 0x30A4, 0x5126, 0x5946, 0x38E6, 0x8186, 0x4105, 0x20A5, 0x18A5,
  0x28C4, 0x6146, 0x81A7, 0x7986, 0x81A7, 0x6166, 0x5925, 0x6125, 0x8186, 0x7986, 0x5925, 0x28A4, 0x28C5, 0x5925, 0x7986, 0x91A6,
  0x99C6, 0x99A6, 0x99A6, 0x99A5, 0x89A6, 0x99A6, 0x99A6, 0x9186, 0x89A6, 0x7986, 0x5126, 0x4906, 0x30E6, 0x5126, 0x4926, 0x4127,
  0x28A4, 0x4127, 0x4106, 0x28C5, 0x18A5, 0x1084, 0x10A5, 0x20C5, 0x28C6, 0x20C6, 0x20C6, 0x7162, 0x60E1, 0x2020, 0x4080, 0x4080,
  0x1020, 0x1000, 0x0800, 0x0000, 0x30A2, 0x2883, 0x1842, 0x0821, 0x0821, 0x0820, 0x0821, 0x1062, 0x1062, 0x1063, 0x0822, 0x0802,
  0x0886, 0x0886, 0x1085, 0x10A6, 0x0022, 0x0000, 0x2042, 0x10A6, 0x0885, 0x1085, 0x1085, 0x2064, 0x3000, 0x2800, 0x1884, 0x2800,
  0x2000, 0x3000, 0x7820, 0x3883, 0x0864, 0x1084, 0x0884, 0x0864, 0x2085, 0x38A4, 0x8101, 0xE422, 0x70E3, 0x30A5, 0x2863, 0x81C2,
  0x6902, 0x2063, 0x1084, 0x1864, 0x3083, 0x38A4, 0x70E2, 0xDBE2, 0x9942, 0x58C3, 0x2883, 0x2084, 0x1044, 0x0843, 0x0843, 0x1043,
  0x0843, 0x1043, 0x1084, 0x2884, 0x28A4, 0x3883, 0x58E4, 0x30E6, 0x38A4, 0x4127, 0x4106, 0x4106, 0x5126, 0x4106, 0x20C5, 0x1884,
  0x28C5, 0x5926, 0x6967, 0x4106, 0x5946, 0x30E6, 0x38C5, 0x48E5, 0x5926, 0x8186, 0x5126, 0x5925, 0x6125, 0x4906, 0x7986, 0x7166,
  0x7986, 0x91A6, 0x91A6, 0x8986, 0x7166, 0x99A5, 0x8986, 0x7966, 0x5126, 0x4105, 0x3906, 0x30E6, 0x38E6, 0x38E5, 0x30E6, 0x3906,
  0x28C5, 0x3907, 0x3106, 0x30E4, 0x18A5, 0x18A5, 0x18C6, 0x20C6, 0x20C6, 0x20E6, 0x28C5, 0x91A1, 0x4881, 0x1000, 0x6901, 0x3861,
  0x0800, 0x0800, 0x0800, 0x0000, 0x1861, 0x1861, 0x1061, 0x2082, 0x28A3, 0x28C4, 0x28A3, 0x1883, 0x0842, 0x1043, 0x0001, 0x0802,
  0x1086, 0x10A6, 0x10A6, 0x10C6, 0x0042, 0x0000, 0x1842, 0x1085, 0x1085, 0x1084, 0x1085, 0x10A6, 0x2801, 0x3000, 0x10A5, 0x3000,
  0x4000, 0x2800, 0x6000, 0x5062, 0x0864, 0x0864, 0x0864, 0x0864, 0x2084, 0x38A3, 0x58C3, 0x89E3, 0x48C3, 0x2884, 0x2063, 0x6962,
  0x50E3, 0x1884, 0x1885, 0x2085, 0x3084, 0x3082, 0x50C3, 0x91C2, 0x68C2, 0x40A3, 0x2863, 0x1863, 0x0843, 0x1043, 0x1064, 0x1064,
  0x1044, 0x1864, 0x1043, 0x1864, 0x2884, 0x38A4, 0x48E4, 0x20C5, 0x40E5, 0x3107, 0x28E6, 0x30E5, 0x4106, 0x4106, 0x5127, 0x30C5,
  0x3906, 0x4927, 0x3927, 0x30E6, 0x3106, 0x28E6, 0x30E5, 0x30C5, 0x28C5, 0x5126, 0x7987, 0x5125, 0x8187, 0x7166, 0x5926, 0x28C6,
  0x30E5, 0x7166, 0x7986, 0x7166, 0x4106, 0x5126, 0x6146, 0x4106, 0x28C5, 0x30E5, 0x4106, 0x38E6, 0x30E5, 0x20C5, 0x20C6, 0x28E6,
  0x28C5, 0x20C5, 0x28E6, 0x20E6, 0x20C6, 0x20C5, 0x3107, 0x28E6, 0x2906, 0x2107, 0x3904, 0x91A1, 0x4080, 0x3880, 0x7100, 0x3040,
  0x1000, 0x1000, 0x0000, 0x1020, 0x40E2, 0x5123, 0x4924, 0x30C3, 0x2083, 0x1043, 0x0822, 0x0822, 0x0841, 0x1043, 0x0000, 0x0001,
  0x10A6, 0x10A6, 0x10C6, 0x10C6, 0x0863, 0x0000, 0x0842, 0x0885, 0x10A6, 0x0884, 0x1085, 0x10A6, 0x1863, 0x3000, 0x10A6, 0x2821,
  0x5000, 0x2800, 0x5000, 0x6041, 0x0864, 0x1084, 0x1884, 0x1884, 0x1884, 0x2884, 0x28A5, 0x38A4, 0x28A5, 0x1864, 0x1043, 0x2085,
  0x1885, 0x1885, 0x20A5, 0x28A5, 0x20A5, 0x40A3, 0x3882, 0x40A3, 0x30A3, 0x2883, 0x2883, 0x1864, 0x1864, 0x1884, 0x1885, 0x2084,
  0x2084, 0x1064, 0x2084, 0x2883, 0x2884, 0x30A4, 0x40E4, 0x1884, 0x38C4, 0x20E6, 0x18C5, 0x20C5, 0x28E6, 0x3906, 0x30E6, 0x30C5,
  0x3906, 0x4106, 0x3107, 0x30E6, 0x28C5, 0x20A4, 0x30E6, 0x30E6, 0x28E6, 0x30E6, 0x4105, 0x30C5, 0x5147, 0x5946, 0x5146, 0x38E6,
  0x4906, 0x6966, 0x4126, 0x4105, 0x38E5, 0x28E6, 0x4906, 0x38E5, 0x28C5, 0x28E6, 0x3906, 0x28E6, 0x28E6, 0x20E6, 0x20E6, 0x20E6,
  0x28E6, 0x20C5, 0x2927, 0x2928, 0x3106, 0x28E5, 0x28C4, 0x28C4, 0x20C5, 0x20C5, 0x6121, 0x7941, 0x2840, 0x60E0, 0x4060, 0x1000,
  0x2021, 0x1000, 0x2880, 0x6963, 0x5943, 0x38C3, 0x1863, 0x1042, 0x1042, 0x0821, 0x0822, 0x0801, 0x1042, 0x1043, 0x0001, 0x0001,
  0x18C6, 0x10C7, 0x18E7, 0x10A6, 0x0863, 0x0000, 0x1842, 0x10A6, 0x10A6, 0x1086, 0x10A6, 0x10C6, 0x18C6, 0x3021, 0x10A6, 0x2863,
  0x5000, 0x4800, 0x4000, 0x6820, 0x1884, 0x1084, 0x0864, 0x1864, 0x1064, 0x1064, 0x2083, 0x1084, 0x1885, 0x1885, 0x1064, 0x0843,
  0x1043, 0x1863, 0x3083, 0x48A2, 0x38A3, 0x1863, 0x1842, 0x1864, 0x1043, 0x1043, 0x1863, 0x2084, 0x2063, 0x2084, 0x30A4, 0x38A4,
  0x30A4, 0x2084, 0x2063, 0x38A3, 0x48A2, 0x48C2, 0x30C4, 0x1884, 0x38C5, 0x20C5, 0x30A4, 0x20A5, 0x28E5, 0x2906, 0x20C5, 0x28E6,
  0x28E7, 0x2907, 0x2907, 0x3924, 0x9AE5, 0x6982, 0x6982, 0x3106, 0x30E6, 0x28E6, 0x38E6, 0x28A5, 0x3106, 0x3106, 0x3106, 0x38E6,
  0x5926, 0x4106, 0x30E6, 0x30E6, 0x30E6, 0x28E6, 0x30E5, 0x28C6, 0x20C5, 0x28E6, 0x20E6, 0x20E6, 0x28E6, 0x2107, 0x28E6, 0x2907,
  0x2907, 0x20A5, 0x3127, 0x3926, 0x28C4, 0x30C3, 0x1883, 0x1083, 0x18A4, 0x10A4, 0x8181, 0x50A0, 0x60E1, 0x68E1, 0x2840, 0x1000,
  0x2020, 0x0800, 0x6962, 0x5123, 0x1862, 0x1863, 0x1042, 0x1863, 0x1042, 0x1843, 0x0822, 0x0000, 0x1043, 0x0822, 0x0822, 0x0001,
  0x18E7, 0x18E7, 0x10C7, 0x10A6, 0x0863, 0x0000, 0x2820, 0x10A6, 0x10C7, 0x10A6, 0x10A5, 0x18C6, 0x18C6, 0x2863, 0x18E6, 0x28A5,
  0x4000, 0x5800, 0x3000, 0x8020, 0x2884, 0x0864, 0x0864, 0x1864, 0x28A4, 0x38A5, 0x2883, 0x2063, 0x2084, 0x4083, 0x2084, 0x1064,
  0x2084, 0x3084, 0x68E3, 0xB1E1, 0x7102, 0x40C3, 0x2883, 0x2083, 0x1864, 0x1064, 0x0843, 0x1864, 0x2084, 0x30A4, 0x60E3, 0x7902,
  0x60E3, 0x38A4, 0x1863, 0x3883, 0x3083, 0x2083, 0x20A4, 0x1884, 0x2884, 0x28A4, 0x28A4, 0x20A5, 0x20C5, 0x20E6, 0x20A5, 0x28E6,
  0x28E6, 0x2907, 0x2907, 0x4123, 0x2082, 0x0821, 0x38A0, 0x28E6, 0x3106, 0x28E6, 0x28E6, 0x28C5, 0x3107, 0x3107, 0x3106, 0x30E6,
  0x28E6, 0x28E6, 0x2906, 0x28E6, 0x28E6, 0x28E6, 0x30E5, 0x20C6, 0x20E6, 0x20E6, 0x20E6, 0x20E6, 0x2906, 0x2907, 0x2907, 0x2907,
  0x3106, 0x28A5, 0x30E5, 0x30E4, 0x20A5, 0x18A4, 0x18A4, 0x18A4, 0x10A5, 0x30E3, 0x91A1, 0x48A0, 0x8140, 0x48A1, 0x1800, 0x1020,
  0x2020, 0x0000, 0x6962, 0x30C3, 0x2083, 0x1043, 0x1042, 0x1863, 0x1863, 0x1043, 0x0822, 0x0821, 0x1022, 0x0821, 0x0822, 0x0000,
  0x20E7, 0x18E7, 0x20E7, 0x1085, 0x1084, 0x0000, 0x3020, 0x18E7, 0x18E7, 0x1908, 0x18E7, 0x18C6, 0x20C6, 0x18A5, 0x28E6, 0x30C5,
  0x4000, 0x5000, 0x4000, 0x7820, 0x4883, 0x1084, 0x1085, 0x28A4, 0x50C3, 0x8162, 0x40A4, 0x1864, 0x3883, 0x8A22, 0x3084, 0x1064,
  0x30A4, 0x38A4, 0x9121, 0xE4A3, 0x8982, 0x50C3, 0x2883, 0x38A3, 0x1863, 0x1883, 0x1063, 0x2084, 0x30A4, 0x40A3, 0xA181, 0xDB61,
  0x9921, 0x48C3, 0x2063, 0x58C2, 0x48C3, 0x2063, 0x1884, 0x2884, 0x30A4, 0x2883, 0x28A4, 0x20C5, 0x1884, 0x28C5, 0x20C5, 0x28E6,
  0x28E6, 0x18C5, 0x30E6, 0x20C5, 0x0000, 0x0000, 0x1884, 0x3127, 0x3107, 0x20E6, 0x28E6, 0x28E6, 0x3127, 0x3107, 0x2907, 0x28E6,
  0x20E6, 0x20E6, 0x20E6, 0x28E6, 0x28E6, 0x20C6, 0x28E6, 0x20C6, 0x20E6, 0x28E6, 0x2906, 0x2107, 0x2907, 0x3107, 0x3127, 0x3127,
  0x3926, 0x28C5, 0x1883, 0x20C6, 0x20C5, 0x18C5, 0x18C5, 0x18C5, 0x18A5, 0x40E1, 0x7941, 0x68E0, 0x60E0, 0x2020, 0x0800, 0x3040,
  0x1000, 0x1020, 0x6143, 0x2083, 0x1062, 0x1042, 0x1042, 0x2083, 0x1863, 0x1063, 0x0001, 0x0821, 0x1043, 0x1042, 0x0822, 0x0000,
  0x18E7, 0x2107, 0x2107, 0x1063, 0x1084, 0x0000, 0x2820, 0x20E7, 0x2108, 0x18C7, 0x18E7, 0x2907, 0x6925, 0x20C6, 0x28E4, 0x40E5,
  0x5861, 0x4000, 0x5800, 0x6000, 0x70A1, 0x18A4, 0x1884, 0x38C4, 0x8942, 0xD3C3, 0x60C3, 0x1884, 0x30A3, 0x40A3, 0x1884, 0x1063,
  0x40C3, 0x40C4, 0x7102, 0xB1E1, 0x7122, 0x40C3, 0x2883, 0x28A3, 0x1883, 0x2083, 0x30A2, 0x2084, 0x38A4, 0x58C2, 0xC282, 0xFD42,
  0xA920, 0x50C3, 0x2883, 0x7902, 0x6902, 0x2883, 0x30A3, 0x58E3, 0x58E3, 0x38A3, 0x30A4, 0x2884, 0x1864, 0x18A4, 0x18A5, 0x28E5,
  0x28C5, 0x28E6, 0x28E6, 0x28E6, 0x2040, 0x0800, 0x38E4, 0x3906, 0x3107, 0x28E6, 0x2907, 0x3106, 0x3127, 0x3107, 0x2907, 0x20E6,
  0x20E6, 0x2906, 0x28E6, 0x28E6, 0x28E6, 0x20E6, 0x20E6, 0x20E6, 0x28E7, 0x2907, 0x2907, 0x3127, 0x3127, 0x3148, 0x1062, 0x28E5,
  0x28E5, 0x20A4, 0x1062, 0x0821, 0x1083, 0x18C5, 0x4062, 0x1862, 0x18C5, 0x7981, 0x50A0, 0x7941, 0x4081, 0x1000, 0x1020, 0x3860,
  0x0800, 0x1020, 0x5103, 0x1863, 0x0822, 0x2063, 0x1862, 0x1863, 0x1863, 0x1863, 0x0000, 0x1042, 0x1043, 0x1043, 0x0822, 0x0000,
  0x1085, 0x18C5, 0x18A5, 0x1863, 0x1084, 0x0000, 0x1800, 0x18C6, 0x18C6, 0x18C6, 0x18A5, 0x28E5, 0x38E4, 0x1084, 0x18A4, 0x38C3,
  0x48E3, 0x3800, 0x6800, 0x5800, 0x7880, 0x3903, 0x1063, 0x30A4, 0x50E3, 0x7142, 0x30C4, 0x1884, 0x1084, 0x0864, 0x0864, 0x1084,
  0x20A3, 0x28A4, 0x30A4, 0x28A3, 0x38C4, 0x2084, 0x1084, 0x1063, 0x1084, 0x20A3, 0x40E2, 0x50E2, 0x38A2, 0x50E3, 0xA1C2, 0xAA21,
  0x9101, 0x58E2, 0x2083, 0x48C3, 0x58C2, 0x28A4, 0x50C2, 0xA141, 0xBA01, 0x7902, 0x30A4, 0x3084, 0x38A4, 0x30C4, 0x20A4, 0x1884,
  0x30E5, 0x30E5, 0x28E6, 0x28C5, 0x2020, 0x0800, 0x30C4, 0x28E6, 0x28E6, 0x30E5, 0x30E6, 0x20C5, 0x30E5, 0x3906, 0x3906, 0x3106,
  0x2927, 0x2927, 0x3127, 0x2906, 0x2907, 0x2907, 0x28E6, 0x2907, 0x3107, 0x3127, 0x3128, 0x3128, 0x3948, 0x3948, 0x20C5, 0x0800,
  0x2040, 0x2040, 0x0800, 0x0000, 0x0000, 0x2042, 0x8020, 0x4000, 0x1061, 0x78C0, 0x4880, 0x60E0, 0x2841, 0x0800, 0x3040, 0x2840,
  0x0000, 0x1040, 0x40E3, 0x1042, 0x0821, 0x30C3, 0x0821, 0x1043, 0x1063, 0x1042, 0x0000, 0x1862, 0x1043, 0x1043, 0x0822, 0x0000,
  0x10A4, 0x1085, 0x0842, 0x1063, 0x0884, 0x0000, 0x0800, 0x1884, 0x0864, 0x0884, 0x0884, 0x0885, 0x1084, 0x0884, 0x1084, 0x1064,
  0x18A4, 0x3021, 0x3801, 0x6000, 0x8040, 0x18A4, 0x28C3, 0x18A3, 0x1084, 0x28A3, 0x1884, 0x1084, 0x0863, 0x0864, 0x0863, 0x0884,
  0x0863, 0x1084, 0x1084, 0x1884, 0x18A5, 0x1884, 0x1084, 0x1084, 0x1084, 0x10A4, 0x1883, 0x20A3, 0x1883, 0x20A3, 0x38C3, 0x48A2,
  0x38A3, 0x20A3, 0x1882, 0x2083, 0x30A3, 0x50C3, 0x7922, 0xD362, 0xEBE2, 0x9142, 0x38A4, 0x7163, 0x7983, 0x38C4, 0x30C4, 0x28A4,
  0x20C5, 0x28C5, 0x28A5, 0x30E4, 0x1820, 0x0000, 0x2083, 0x28C5, 0x20C5, 0x20C5, 0x20C5, 0x28C5, 0x20A5, 0x20A5, 0x30C5, 0x30E5,
  0x3927, 0x30E6, 0x28E6, 0x3106, 0x3106, 0x3107, 0x3107, 0x3127, 0x3127, 0x3128, 0x3947, 0x3927, 0x3106, 0x1883, 0x2860, 0x2060,
  0x0800, 0x0000, 0x0000, 0x0000, 0x0000, 0x1800, 0x5800, 0x1800, 0x4800, 0x4800, 0x3060, 0x3060, 0x1800, 0x1820, 0x4060, 0x1000,
  0x0000, 0x2881, 0x38C3, 0x0821, 0x30C2, 0x2083, 0x0821, 0x1043, 0x2083, 0x0822, 0x0000, 0x1863, 0x0822, 0x0822, 0x0823, 0x0001,
  0x10C5, 0x10A4, 0x0000, 0x1883, 0x10A4, 0x0000, 0x0000, 0x1863, 0x1084, 0x1084, 0x0884, 0x0885, 0x1084, 0x1084, 0x1085, 0x0884,
  0x1084, 0x2042, 0x1842, 0x6000, 0x8040, 0x0884, 0x10A5, 0x1084, 0x1084, 0x10A4, 0x0884, 0x0884, 0x0884, 0x0884, 0x1084, 0x0884,
  0x1084, 0x10A4, 0x18A4, 0x20C4, 0x10A4, 0x10A5, 0x10A4, 0x10A4, 0x0884, 0x1084, 0x1084, 0x1083, 0x10A4, 0x1083, 0x28A3, 0x28C4,
  0x1883, 0x18A4, 0x18A4, 0x1884, 0x2083, 0x38C3, 0x58E2, 0x99E1, 0xA222, 0x6902, 0x30A4, 0x38E3, 0x38E4, 0x28A3, 0x18A3, 0x40E4,
  0x28E5, 0x20A4, 0x30C4, 0x28E4, 0x2020, 0x0800, 0x38A2, 0x30E4, 0x3105, 0x28E5, 0x28C4, 0x28C4, 0x28C5, 0x28A4, 0x30C4, 0x30E4,
  0x38E4, 0x4104, 0x30E5, 0x3925, 0x4105, 0x3105, 0x3926, 0x3127, 0x3906, 0x3926, 0x1062, 0x2082, 0x2860, 0x1020, 0x0000, 0x0000,
  0x0000, 0x0000, 0x0000, 0x0000, 0x0000, 0x0000, 0x2000, 0x1800, 0x3800, 0x1000, 0x3060, 0x2021, 0x0800, 0x1820, 0x3041, 0x0800,
  0x0000, 0x2881, 0x2082, 0x1022, 0x38E3, 0x1863, 0x0821, 0x0843, 0x1863, 0x0001, 0x0841, 0x1863, 0x0822, 0x0822, 0x0822, 0x0000,
  0x18E5, 0x10A4, 0x0800, 0x18E5, 0x18A4, 0x0000, 0x0000, 0x30A3, 0x18C5, 0x18C5, 0x18E5, 0x18E5, 0x18C5, 0x20E5, 0x20E5, 0x2905,
  0x20E4, 0x20C4, 0x20C4, 0x4841, 0x7840, 0x2104, 0x28E4, 0x20C4, 0x20E4, 0x3104, 0x2904, 0x28E4, 0x28E4, 0x28E4, 0x28E4, 0x28C4,
  0x3104, 0x3104, 0x1882, 0x3105, 0x18A3, 0x28E5, 0x3104, 0x30E4, 0x28E4, 0x28E4, 0x3904, 0x3903, 0x3903, 0x3903, 0x4902, 0x5142,
  0x4923, 0x4123, 0x3903, 0x4923, 0x4103, 0x40E2, 0x5122, 0x6942, 0x6142, 0x5123, 0x4923, 0x4103, 0x30E3, 0x3903, 0x3904, 0x30E3,
  0x28E4, 0x3104, 0x28E4, 0x28C3, 0x1840, 0x0000, 0x30A2, 0x3904, 0x3104, 0x3925, 0x3905, 0x4125, 0x5144, 0x4105, 0x4905, 0x40E4,
  0x4924, 0x5164, 0x4905, 0x4925, 0x5145, 0x4945, 0x4125, 0x4924, 0x4923, 0x3904, 0x1882, 0x0000, 0x0000, 0x1840, 0x2060, 0x0800,
  0x0000, 0x0000, 0x0000, 0x0000, 0x0000, 0x0000, 0x0000, 0x2000, 0x0800, 0x2000, 0x0800, 0x0800, 0x0801, 0x1800, 0x1820, 0x0000,
  0x0000, 0x2882, 0x2882, 0x1862, 0x2083, 0x0822, 0x1042, 0x0822, 0x1022, 0x0000, 0x0822, 0x1043, 0x0821, 0x0822, 0x0001, 0x0000,
  0x2905, 0x1062, 0x2041, 0x2905, 0x20E4, 0x0000, 0x0000, 0x30C3, 0x18E5, 0x20E5, 0x18E5, 0x1905, 0x2105, 0x2105, 0x2105, 0x20E5,
  0x2105, 0x28E4, 0x2904, 0x38A3, 0x7840, 0x3104, 0x20E4, 0x2904, 0x3104, 0x2904, 0x28E4, 0x28E4, 0x3104, 0x3924, 0x3924, 0x3903,
  0x3124, 0x2904, 0x0000, 0x28A3, 0x1861, 0x3104, 0x3103, 0x3104, 0x3104, 0x28E4, 0x2904, 0x2904, 0x2904, 0x3104, 0x28E4, 0x28E4,
  0x3104, 0x3924, 0x3923, 0x3903, 0x3923, 0x3903, 0x3903, 0x4923, 0x3903, 0x5143, 0x4124, 0x4943, 0x4123, 0x3924, 0x3924, 0x3923,
  0x4123, 0x5163, 0x38E2, 0x2880, 0x2860, 0x0800, 0x4020, 0x48A1, 0x28A2, 0x3903, 0x5144, 0x6945, 0x7945, 0xC9C4, 0xD1C3, 0xE1E3,
  0xFB42, 0xFCA3, 0xF2C3, 0xA9A2, 0x7964, 0x4924, 0x38E3, 0x3104, 0x30E4, 0x3104, 0x3104, 0x2081, 0x38A1, 0x2060, 0x0000, 0x0000,
  0x0000, 0x0000, 0x0000, 0x0000, 0x0000, 0x0800, 0x4000, 0x4000, 0x1000, 0x3800, 0x4000, 0x1000, 0x0000, 0x0000, 0x0800, 0x0000,
  0x0000, 0x2041, 0x2062, 0x2083, 0x0842, 0x1042, 0x0821, 0x0842, 0x1042, 0x0000, 0x0822, 0x0822, 0x0822, 0x0822, 0x0820, 0x1041,
  0x2106, 0x0821, 0x1882, 0x20E5, 0x2905, 0x0000, 0x0000, 0x30A2, 0x18E5, 0x18E5, 0x18E5, 0x18E5, 0x10C5, 0x18E5, 0x20E5, 0x2105,
  0x18E5, 0x20E5, 0x2105, 0x28E5, 0x6861, 0x20E4, 0x2904, 0x28E4, 0x30E4, 0x30E3, 0x20C4, 0x20C4, 0x28E4, 0x20E4, 0x28E4, 0x28E4,
  0x3104, 0x1882, 0x0000, 0x0000, 0x0820, 0x0820, 0x3104, 0x2905, 0x20E4, 0x2904, 0x20C4, 0x20C4, 0x20C4, 0x18A4, 0x20C4, 0x20C4,
  0x20C4, 0x20C4, 0x28C4, 0x20C4, 0x28E4, 0x20C4, 0x30E3, 0x20A3, 0x30C3, 0x20C4, 0x28E4, 0x2904, 0x28E4, 0x28E4, 0x3104, 0x3104,
  0x4102, 0x5101, 0x8180, 0x7120, 0x5080, 0x2000, 0x1800, 0x4800, 0xB0A0, 0x70E1, 0x28C3, 0x28E3, 0x28E4, 0x4104, 0x7143, 0xCA02,
  0x9AA3, 0x7224, 0x4124, 0x28E4, 0x28E3, 0x28E4, 0x28C4, 0x28E4, 0x28E5, 0x2904, 0x18A2, 0x40A0, 0x2881, 0x0000, 0x0000, 0x0000,
  0x0000, 0x0000, 0x0000, 0x0000, 0x1800, 0x4800, 0x5000, 0x1000, 0x0000, 0x0000, 0x1800, 0x3000, 0x0000, 0x0800, 0x0000, 0x0000,
  0x0000, 0x1842, 0x1042, 0x1042, 0x0822, 0x0822, 0x0000, 0x1863, 0x0842, 0x0000, 0x0821, 0x0843, 0x0821, 0x2081, 0x1882, 0x0842,
  0x20E5, 0x0000, 0x4126, 0x3127, 0x3947, 0x0020, 0x0000, 0x2083, 0x2907, 0x2927, 0x2907, 0x2907, 0x2907, 0x2907, 0x2907, 0x2907,
  0x2906, 0x2907, 0x2906, 0x3927, 0x58A3, 0x3106, 0x3926, 0x4105, 0x5924, 0x69C4, 0x4105, 0x3906, 0x3906, 0x3906, 0x30E6, 0x3106,
  0x28E4, 0x0000, 0x0800, 0x0000, 0x0800, 0x38C4, 0x3927, 0x3126, 0x3926, 0x2906, 0x30E5, 0x28C5, 0x28C6, 0x20C5, 0x18A4, 0x18A5,
  0x18A5, 0x18A5, 0x1884, 0x20A5, 0x20A5, 0x20A4, 0x30A4, 0x58C3, 0x58C3, 0x30A4, 0x20C5, 0x28C5, 0x3106, 0x3906, 0x4905, 0x5123,
  0xAA00, 0x50C0, 0x1820, 0x1000, 0x0800, 0x0800, 0x0000, 0x1800, 0x6000, 0xA080, 0x50A2, 0x6145, 0x6145, 0x7144, 0x7944, 0x8983,
  0x8A63, 0x92C5, 0x89A2, 0x8163, 0x7144, 0x6125, 0x5925, 0x5126, 0x30E4, 0x1883, 0x38A0, 0x38A1, 0x1020, 0x0000, 0x0000, 0x0000,
  0x0000, 0x0000, 0x0000, 0x3000, 0x5800, 0x6000, 0x2800, 0x0000, 0x0000, 0x0000, 0x0000, 0x0000, 0x0000, 0x0000, 0x0000, 0x0000,
  0x0000, 0x1821, 0x1042, 0x0821, 0x0822, 0x0821, 0x0821, 0x1063, 0x0822, 0x0000, 0x0822, 0x1861, 0x2882, 0x0842, 0x0022, 0x0022,
  0x10A4, 0x1820, 0x4167, 0x28C4, 0x4968, 0x0821, 0x0000, 0x30A3, 0x4968, 0x4148, 0x4148, 0x4968, 0x4968, 0x5168, 0x4948, 0x5168,
  0x5167, 0x6986, 0x6167, 0x5147, 0x6147, 0x5947, 0x5946, 0x5925, 0x7944, 0xAA03, 0x7165, 0x6146, 0x4106, 0x3906, 0x3106, 0x4126,
  0x2062, 0x0801, 0x0800, 0x0000, 0x2041, 0x3926, 0x30E6, 0x28C5, 0x30C5, 0x20A4, 0x20A4, 0x1884, 0x20A5, 0x30C5, 0x48E4, 0x6944,
  0x6925, 0x7166, 0x7945, 0x7945, 0x7145, 0x9965, 0xB9C3, 0xEB22, 0xEB82, 0xC9C2, 0x9164, 0x8145, 0x6126, 0x7146, 0x7167, 0x48E3,
  0x1820, 0x2061, 0x40C3, 0x28A2, 0x3105, 0x0800, 0x0800, 0x1862, 0x2800, 0x6800, 0x8040, 0xA9A4, 0xC1E4, 0xD204, 0xE263, 0xF2E2,
  0xFC44, 0xFCC5, 0xF322, 0xE222, 0xDA03, 0xD1E4, 0xB9C5, 0xA9C6, 0x40C2, 0x1020, 0x1840, 0x0820, 0x0000, 0x0000, 0x0000, 0x0000,
  0x0000, 0x0000, 0x4800, 0x6000, 0x7000, 0x3800, 0x0000, 0x0000, 0x0000, 0x0000, 0x0000, 0x0000, 0x0000, 0x0000, 0x0000, 0x0000,
  0x0000, 0x0801, 0x1021, 0x0822, 0x0822, 0x0000, 0x0822, 0x1042, 0x0001, 0x0000, 0x1042, 0x28A2, 0x0842, 0x0022, 0x0022, 0x0022,
  0x0022, 0x2041, 0x18A3, 0x28E3, 0x30E5, 0x0821, 0x0000, 0x3061, 0x28E6, 0x30E5, 0x3107, 0x4127, 0x28E6, 0x30E6, 0x30E6, 0x30C4,
  0x28E6, 0x3905, 0x3906, 0x30E4, 0x30E5, 0x30E4, 0x28C4, 0x40E4, 0x6103, 0x8162, 0x40E4, 0x40E4, 0x3905, 0x4105, 0x38E5, 0x30E5,
  0x0801, 0x0800, 0x0800, 0x1000, 0x6902, 0x6146, 0x5926, 0x6924, 0x91C3, 0x6126, 0x5126, 0x6166, 0x7166, 0x7966, 0xB1A4, 0xA204,
  0x9185, 0x7166, 0x6146, 0x5926, 0x7125, 0x7965, 0x8965, 0xA183, 0xA9C3, 0x8985, 0x7146, 0x7146, 0x6946, 0x7146, 0x7166, 0x7166,
  0x7944, 0x99C6, 0x99A5, 0x61A5, 0x49A7, 0x0800, 0x0800, 0x7944, 0x2040, 0x5800, 0xA000, 0x8923, 0xB9E4, 0xC1E4, 0xD204, 0xEA43,
  0xF384, 0xF3C2, 0xEAE3, 0xD223, 0xC9E4, 0xC1C4, 0xA9A5, 0xB1C5, 0xA9E6, 0x6923, 0x2040, 0x0000, 0x0000, 0x0000, 0x0000, 0x0000,
  0x2800, 0x6800, 0x7800, 0x7000, 0x3800, 0x0000, 0x0000, 0x0000, 0x5102, 0x5922, 0x0820, 0x0000, 0x0000, 0x0000, 0x0000, 0x0000,
  0x0000, 0x0800, 0x0821, 0x0822, 0x0801, 0x0000, 0x0822, 0x1042, 0x0000, 0x0820, 0x20A2, 0x0842, 0x0842, 0x0022, 0x0022, 0x0022,
  0x0000, 0x1842, 0x0842, 0x20A3, 0x1883, 0x0821, 0x0000, 0x3040, 0x18A5, 0x18A5, 0x20C5, 0x20A4, 0x20C4, 0x20A4, 0x20A3, 0x2862,
  0x30E6, 0x4105, 0x38E4, 0x5904, 0x48E5, 0x6904, 0x5105, 0x8144, 0xA163, 0xD2A3, 0xA963, 0x8144, 0x6946, 0x8166, 0x9185, 0x7987,
  0x1841, 0x0800, 0x0800, 0x48A1, 0x7965, 0x6946, 0x6967, 0x8165, 0x7966, 0x5126, 0x4926, 0x4927, 0x5946, 0x7186, 0x89A4, 0x58C2,
  0xA183, 0x7986, 0x7966, 0x7145, 0x7166, 0x7166, 0x8165, 0xB223, 0xAA44, 0x8965, 0x7166, 0x6967, 0x7167, 0x6946, 0x6966, 0x6146,
  0x7987, 0x91A6, 0x91A6, 0x61C5, 0x51E7, 0x0800, 0x0801, 0x7186, 0x4861, 0x4800, 0x7800, 0x80A2, 0xA9E5, 0xA9E5, 0xB9E4, 0xDA23,
  0xEA62, 0xE282, 0xD1E3, 0xB1A4, 0xA9A5, 0x7145, 0x8986, 0x7166, 0x7187, 0x30C0, 0x0820, 0x0800, 0x0000, 0x0000, 0x0000, 0x3000,
  0x6800, 0x8800, 0x7800, 0x1000, 0x0000, 0x0000, 0x0000, 0x0000, 0x2861, 0x6984, 0x1860, 0x0000, 0x0000, 0x0000, 0x0000, 0x0000,
  0x0000, 0x0000, 0x0000, 0x0822, 0x0821, 0x0822, 0x1042, 0x0822, 0x0000, 0x28C2, 0x0022, 0x0042, 0x0022, 0x0821, 0x0001, 0x0001,
  0x0000, 0x2062, 0x0841, 0x1062, 0x20A4, 0x0841, 0x0000, 0x1820, 0x38E5, 0x4127, 0x3906, 0x4926, 0x4126, 0x4927, 0x38E5, 0x40A1,
  0x5947, 0x5967, 0x48E4, 0x50E4, 0x5925, 0x8144, 0x8145, 0xB982, 0xE221, 0xF382, 0xC9A2, 0x7944, 0x8145, 0x7966, 0x7987, 0x6967,
  0x38A3, 0x1021, 0x3082, 0xA1C3, 0x8185, 0x6947, 0x5905, 0x40C4, 0x7167, 0x6147, 0x5147, 0x4105, 0x6167, 0x6967, 0x7125, 0x2063,
  0x7924, 0x7166, 0x6967, 0x48C4, 0x6946, 0x7966, 0xA984, 0xEAA3, 0xDAA2, 0xA184, 0x8186, 0x5125, 0x7187, 0x7986, 0x6946, 0x50A3,
  0x8986, 0x9985, 0xA9A6, 0x61C5, 0x5A07, 0x0800, 0x1021, 0xA984, 0x9943, 0x3800, 0x5800, 0x9840, 0xD1C4, 0xDA04, 0xEA23, 0xF2E2,
  0xFC63, 0xFCE4, 0xE342, 0x48E3, 0xDA22, 0x40C3, 0xB9E5, 0x40C4, 0x8144, 0x28A2, 0x5923, 0x1020, 0x0800, 0x0000, 0x1800, 0x4000,
  0x6800, 0x3800, 0x2881, 0x2081, 0x0000, 0x0000, 0x0000, 0x0000, 0x4902, 0x6984, 0x0000, 0x0000, 0x0000, 0x0000, 0x0000, 0x0000,
  0x0000, 0x0000, 0x0001, 0x0822, 0x0000, 0x1042, 0x0822, 0x0000, 0x2081, 0x0862, 0x0022, 0x0022, 0x0021, 0x0000, 0x0000, 0x0822,
  0x1000, 0x1841, 0x2083, 0x1020, 0x5125, 0x1041, 0x0000, 0x0800, 0x5125, 0x4947, 0x3906, 0x5947, 0x5147, 0x6167, 0x28A4, 0x50A1,
  0x6167, 0x6146, 0x5925, 0x60E3, 0x8165, 0x9165, 0xA963, 0xF220, 0xFB40, 0xFBE1, 0xE1E1, 0xB183, 0x9185, 0x9186, 0x9985, 0x7187,
  0x1861, 0x6924, 0x8186, 0xB204, 0x8985, 0x7166, 0x48E5, 0x2063, 0x5905, 0x30C5, 0x5106, 0x1041, 0x6946, 0x3882, 0x8965, 0x3083,
  0x9143, 0x8145, 0x7125, 0x3083, 0x7105, 0x8165, 0xA164, 0xB1C3, 0xA183, 0x8166, 0x40C4, 0x30C4, 0x5947, 0x6967, 0x4906, 0x38A4,
  0x7966, 0x6126, 0x7167, 0x51C6, 0x7268, 0x0800, 0x1001, 0x6145, 0x7145, 0x4000, 0x5800, 0x7800, 0x80E3, 0x8985, 0x8984, 0x8964,
  0xA1A3, 0xB9A2, 0x6104, 0x2883, 0x50E3, 0x3083, 0x5904, 0x2884, 0x40E5, 0x5126, 0x48E2, 0x0000, 0x1820, 0x0000, 0x3000, 0x1800,
  0x1820, 0x0000, 0x6163, 0x9225, 0x6163, 0x0820, 0x28A0, 0x0000, 0x1861, 0x1820, 0x2000, 0x3000, 0x2800, 0x1800, 0x0800, 0x0000,
  0x0000, 0x0000, 0x0001, 0x0000, 0x0821, 0x0821, 0x0021, 0x0840, 0x1062, 0x0022, 0x0841, 0x0841, 0x0841, 0x0842, 0x0000, 0x0822,
  0x1041, 0x0021, 0x1883, 0x0820, 0x28A3, 0x0820, 0x0000, 0x0800, 0x3081, 0x1883, 0x30A3, 0x5925, 0x4147, 0x6147, 0x40A3, 0x3062,
  0x6104, 0x38A2, 0x6945, 0x50E3, 0x8945, 0x60E3, 0xC181, 0xFB00, 0xFD03, 0xFD65, 0xFA60, 0xA141, 0x6103, 0x9985, 0x81A7, 0x5924,
  0x2040, 0x6967, 0x7986, 0x8985, 0x7146, 0x6146, 0x1864, 0x1863, 0x1884, 0x1864, 0x1042, 0x0000, 0x1021, 0x1041, 0x3083, 0x2883,
  0x38A3, 0x38C5, 0x48A3, 0x1863, 0x60E3, 0x6903, 0x8144, 0xC2E3, 0xDAC2, 0x9165, 0x50C3, 0x3083, 0x7967, 0x7966, 0x5905, 0x2883,
  0x9985, 0x8165, 0xA9A5, 0x5984, 0x7AA9, 0x0800, 0x0800, 0x8964, 0xB185, 0x4800, 0x5800, 0x5000, 0x6840, 0xE9E3, 0xE1E2, 0xCA02,
  0xFC63, 0xFC03, 0xA1C2, 0x2063, 0x9183, 0x30A4, 0x3083, 0x2084, 0x2084, 0x1884, 0x0821, 0x0821, 0x0000, 0x0000, 0x0000, 0x0000,
  0x50E1, 0x4922, 0x0820, 0x79C4, 0x9225, 0x1860, 0x3040, 0x3800, 0x5800, 0x4800, 0x3000, 0x1800, 0x1800, 0x2800, 0x3000, 0x2800,
  0x0000, 0x0000, 0x0000, 0x0000, 0x0822, 0x0001, 0x0000, 0x1861, 0x0022, 0x0022, 0x0000, 0x0000, 0x0021, 0x0862, 0x0020, 0x0001,
  0x1862, 0x1041, 0x1041, 0x1841, 0x1862, 0x0841, 0x0000, 0x0000, 0x3061, 0x20A2, 0x2082, 0x40A1, 0x4905, 0x5926, 0x1021, 0x3020,
  0x1021, 0x0821, 0x3061, 0x60C1, 0x60C3, 0x2821, 0x5840, 0xDAC0, 0xFE47, 0xFE28, 0xC9C0, 0x3041, 0x1801, 0x7102, 0xA184, 0x1841,
  0x6903, 0x8966, 0x9186, 0xA9C4, 0x7966, 0x7187, 0x5905, 0x1863, 0x6125, 0x28A4, 0x0801, 0x0000, 0x0000, 0x0000, 0x2862, 0x2884,
  0x3083, 0x38C4, 0x38A4, 0x1843, 0x2084, 0x2084, 0x1843, 0x1843, 0x2063, 0x1843, 0x1863, 0x2083, 0x2884, 0x2884, 0x2063, 0x2063,
  0x30A3, 0x28C4, 0x58E3, 0x4964, 0x932A, 0x1000, 0x1021, 0x7944, 0x9185, 0x6040, 0x6000, 0x5800, 0x88C1, 0xC9E3, 0x8983, 0xD222,
  0xFBE2, 0xF3A3, 0xB1A2, 0x2883, 0xA184, 0x40E5, 0x6925, 0x38C5, 0x5105, 0x3906, 0x28C4, 0x38E5, 0x0000, 0x1862, 0x2082, 0x0820,
  0x28A1, 0x9A44, 0x81E4, 0x6163, 0x2881, 0x2000, 0x3000, 0x2000, 0x1800, 0x4000, 0x5800, 0x4800, 0x3000, 0x1800, 0x1000, 0x2000,
  0x1800, 0x0000, 0x0000, 0x0000, 0x0801, 0x0000, 0x0000, 0x1042, 0x0022, 0x0000, 0x0000, 0x0000, 0x0000, 0x0041, 0x0842, 0x0000,
  0x1042, 0x2862, 0x0000, 0x1841, 0x1862, 0x0821, 0x0000, 0x0000, 0x3061, 0x1062, 0x1062, 0x2062, 0x1862, 0x1042, 0x0000, 0x2841,
  0x0822, 0x1842, 0x2062, 0x2861, 0x2840, 0x2821, 0x5060, 0x88E0, 0xECE6, 0xDA82, 0x4820, 0x2021, 0x2021, 0x2841, 0x4081, 0x1820,
  0x8164, 0x48E4, 0x8965, 0x5904, 0x6125, 0x8985, 0x5905, 0x1843, 0x6145, 0x30A3, 0x0000, 0x0800, 0x0000, 0x1000, 0x8124, 0x40C4,
  0x6104, 0x8986, 0x6925, 0x1843, 0x7945, 0x8966, 0x8964, 0xBAA3, 0x5962, 0x48C3, 0x3083, 0x2063, 0x30A4, 0x38C5, 0x1043, 0x1043,
  0x1063, 0x1063, 0x1064, 0x3964, 0x8AC9, 0x1041, 0x1041, 0x1883, 0x20A3, 0x5062, 0x6000, 0x4800, 0x2083, 0x30C3, 0x28A3, 0x28A3,
  0x38E3, 0x38C3, 0x30C3, 0x28C4, 0x28C5, 0x30C4, 0x30C4, 0x28C4, 0x28A5, 0x3905, 0x30E5, 0x4126, 0x0841, 0x40E4, 0x5945, 0x30C4,
  0x0820, 0x4922, 0x4902, 0x3000, 0x5000, 0x5800, 0x5000, 0x4000, 0x3000, 0x1800, 0x1800, 0x4800, 0x5000, 0x4000, 0x2000, 0x0800,
  0x1800, 0x0800, 0x0000, 0x0000, 0x0000, 0x0000, 0x1041, 0x0022, 0x0001, 0x1040, 0x1882, 0x1082, 0x0020, 0x0000, 0x0042, 0x0020,
  0x0000, 0x0820, 0x0820, 0x3081, 0x1041, 0x0821, 0x0000, 0x0000, 0x2841, 0x1042, 0x1042, 0x0842, 0x1862, 0x1043, 0x0000, 0x3061,
  0x1042, 0x2042, 0x2042, 0x1862, 0x1821, 0x2021, 0x3040, 0x3020, 0x4061, 0x5840, 0x2801, 0x1821, 0x2041, 0x1841, 0x0000, 0x3061,
  0x1862, 0x1862, 0x1862, 0x2083, 0x1062, 0x28A2, 0x1883, 0x1043, 0x2083, 0x0000, 0x0800, 0x0800, 0x0800, 0x3061, 0x5925, 0x2883,
  0x28A3, 0x5904, 0x40A4, 0x1863, 0x2084, 0x40C3, 0x2083, 0x3082, 0x2083, 0x20C4, 0x18A3, 0x1063, 0x1883, 0x1883, 0x18A3, 0x1863,
  0x1883, 0x1883, 0x1063, 0x4184, 0x9B6B, 0x1862, 0x1041, 0x1063, 0x20A4, 0x2084, 0x3821, 0x5001, 0x20A4, 0x1884, 0x20A4, 0x28A4,
  0x28A4, 0x20A3, 0x28A4, 0x28C4, 0x28A4, 0x20C4, 0x20C4, 0x20A4, 0x20A4, 0x20C5, 0x20C5, 0x28E5, 0x28C5, 0x30C5, 0x4106, 0x30C5,
  0x2021, 0x4020, 0x8180, 0x8140, 0xA1A0, 0x88C0, 0x8840, 0x6800, 0x6000, 0x5800, 0x2800, 0x0800, 0x3800, 0x5800, 0x4000, 0x2800,
  0x0800, 0x0000, 0x0000, 0x0000, 0x0000, 0x0000, 0x1041, 0x0022, 0x1861, 0x0882, 0x0041, 0x0862, 0x0862, 0x0000, 0x0021, 0x0022,
  0x0821, 0x0000, 0x0000, 0x1042, 0x1041, 0x0821, 0x0000, 0x0000, 0x2840, 0x0022, 0x0022, 0x0822, 0x1862, 0x0021, 0x0000, 0x3881,
  0x1862, 0x1042, 0x1842, 0x1841, 0x2042, 0x2041, 0x2021, 0x2841, 0x2021, 0x1801, 0x2821, 0x1821, 0x1822, 0x0821, 0x0800, 0x2062,
  0x1062, 0x1062, 0x1062, 0x1062, 0x1063, 0x1063, 0x1063, 0x1063, 0x0822, 0x0000, 0x0800, 0x0800, 0x1000, 0x1883, 0x20A3, 0x1883,
  0x1084, 0x1063, 0x1863, 0x1043, 0x1043, 0x1863, 0x1863, 0x1863, 0x20A3, 0x18A4, 0x1083, 0x1084, 0x1883, 0x1084, 0x1884, 0x1884,
  0x18A4, 0x18A4, 0x1884, 0x49A5, 0x9B4A, 0x1841, 0x1062, 0x30E4, 0x28C4, 0x2084, 0x2883, 0x4862, 0x28C4, 0x2084, 0x38E4, 0x2084,
  0x2083, 0x1884, 0x2084, 0x20C5, 0x20A5, 0x18A4, 0x20C4, 0x20C5, 0x20A4, 0x28C4, 0x20C5, 0x28E5, 0x3105, 0x30E5, 0x30C5, 0x1821,
  0x2000, 0x4000, 0x1020, 0x1800, 0x1020, 0x8980, 0x78E0, 0x7800, 0x7800, 0x5800, 0x5800, 0x2000, 0x1000, 0x2800, 0x5800, 0x4800,
  0x3000, 0x0800, 0x0000, 0x0000, 0x0000, 0x0000, 0x0822, 0x1061, 0x1082, 0x0021, 0x0000, 0x0021, 0x0041, 0x0841, 0x0000, 0x0022,
  0x0000, 0x1000, 0x0000, 0x0000, 0x1020, 0x1821, 0x2020, 0x3060, 0x4060, 0x2041, 0x1021, 0x0822, 0x1042, 0x0000, 0x0801, 0x2841,
  0x1042, 0x1862, 0x1842, 0x1042, 0x1842, 0x2041, 0x1821, 0x1821, 0x2021, 0x1821, 0x1821, 0x1022, 0x1022, 0x0000, 0x2840, 0x1062,
  0x1062, 0x1863, 0x0863, 0x1063, 0x1063, 0x1063, 0x1063, 0x1063, 0x0843, 0x0000, 0x0800, 0x1800, 0x2882, 0x1063, 0x1883, 0x20A3,
  0x1063, 0x1083, 0x1083, 0x1063, 0x1883, 0x1883, 0x1883, 0x1883, 0x1883, 0x1883, 0x18A4, 0x20C5, 0x18A5, 0x20A5, 0x28C5, 0x20A5,
  0x38E5, 0x6946, 0x40E6, 0x51A5, 0x9AE8, 0x2062, 0x1882, 0x4905, 0x1864, 0x6924, 0x58E4, 0x58E4, 0x5104, 0x7123, 0x7144, 0x6144,
  0xBA23, 0x38E3, 0xA1A3, 0x30A5, 0x38E4, 0x28E5, 0x38E5, 0x30C5, 0x28C5, 0x28C5, 0x30E5, 0x3105, 0x3105, 0x1882, 0x28C1, 0x69A2,
  0x89C0, 0x91A0, 0x50E0, 0x3880, 0x2820, 0x2060, 0x99C0, 0x7040, 0x6800, 0x6800, 0x5000, 0x4000, 0x1800, 0x1800, 0x1800, 0x5000,
  0x4000, 0x2800, 0x0000, 0x0000, 0x0000, 0x0000, 0x0841, 0x1082, 0x0042, 0x0001, 0x0001, 0x0000, 0x0020, 0x0061, 0x0000, 0x0001,
  0x0000, 0x0801, 0x1001, 0x1022, 0x1021, 0x0800, 0x0800, 0x0800, 0x1820, 0x4080, 0x58C0, 0x4880, 0x2861, 0x0000, 0x0801, 0x1042,
  0x1022, 0x1042, 0x1042, 0x1042, 0x2042, 0x1041, 0x3861, 0x4081, 0x4081, 0x30A2, 0x1862, 0x1042, 0x0821, 0x1020, 0x1842, 0x0822,
  0x1043, 0x0843, 0x1063, 0x1083, 0x1063, 0x1063, 0x1863, 0x18A3, 0x1083, 0x0000, 0x0821, 0x1862, 0x1883, 0x1883, 0x1063, 0x1063,
  0x20A3, 0x1883, 0x1083, 0x1883, 0x1883, 0x1883, 0x2083, 0x28C4, 0x38C4, 0x28A4, 0x4106, 0x5106, 0x28C5, 0x38C4, 0x5926, 0x28C5,
  0x4906, 0x6945, 0x38C5, 0x51A5, 0x9B28, 0x2083, 0x1882, 0x5105, 0x2884, 0x7925, 0x58E4, 0x50C3, 0x50E4, 0x58E4, 0x8144, 0x48C4,
  0xB983, 0x30C4, 0x7124, 0x30C5, 0x4105, 0x28E6, 0x28C5, 0x28C5, 0x28C5, 0x28C4, 0x20A4, 0x1882, 0x61C2, 0xCB65, 0xDB44, 0xC2E4,
  0x71A3, 0x6100, 0x7940, 0x38A0, 0x4080, 0x2000, 0x6120, 0x70C0, 0x5800, 0x6800, 0x5000, 0x6000, 0x2800, 0x3000, 0x2800, 0x1800,
  0x3000, 0x2800, 0x1000, 0x0000, 0x0000, 0x0001, 0x0821, 0x0021, 0x0000, 0x0000, 0x0000, 0x0000, 0x0021, 0x0021, 0x0000, 0x0021,
  0x0802, 0x0822, 0x0001, 0x0000, 0x0000, 0x0000, 0x0000, 0x0000, 0x0000, 0x0000, 0x0800, 0x2020, 0x50C1, 0x68E0, 0x38A0, 0x0821,
  0x0822, 0x0842, 0x0842, 0x1862, 0x1041, 0x2841, 0x3861, 0x2862, 0x2082, 0x38E3, 0x38E3, 0x38C2, 0x0800, 0x3881, 0x38E2, 0x20A2,
  0x2083, 0x28A2, 0x40E2, 0x30C3, 0x40E2, 0x30C3, 0x20A3, 0x28E3, 0x0841, 0x2040, 0x18A4, 0x18A4, 0x1883, 0x18A3, 0x1883, 0x1883,
  0x18A4, 0x18A4, 0x18A3, 0x20A4, 0x20A3, 0x20A3, 0x20A3, 0x2083, 0x2083, 0x20A3, 0x28C4, 0x30C4, 0x20A4, 0x20A4, 0x30E4, 0x28E4,
  0x30E5, 0x48E5, 0x28C6, 0x4985, 0xAB89, 0x30A3, 0x1882, 0x30C5, 0x28C5, 0x8945, 0x40E5, 0x40E4, 0x40E4, 0x38C5, 0x5924, 0x40E5,
  0x6945, 0x3906, 0x3905, 0x28C4, 0x20A3, 0x1883, 0x20A4, 0x38E2, 0x38C2, 0x30C2, 0x28A1, 0x61A2, 0xFBE5, 0xCAC4, 0x9A24, 0x9225,
  0x79E5, 0x30A1, 0x7940, 0x6920, 0x2040, 0x2820, 0x38A0, 0x8120, 0x5000, 0x5800, 0x4800, 0x5800, 0x3800, 0x2800, 0x4000, 0x1800,
  0x0800, 0x2000, 0x2000, 0x0000, 0x0000, 0x0821, 0x0801, 0x0000, 0x0020, 0x0000, 0x0000, 0x0000, 0x0020, 0x0000, 0x0061, 0x0000,
  0x0001, 0x0000, 0x0001, 0x0001, 0x0000, 0x0000, 0x0000, 0x0000, 0x0000, 0x0000, 0x0000, 0x0000, 0x0000, 0x1820, 0x3840, 0x60C0,
  0x3060, 0x1041, 0x0842, 0x1041, 0x1021, 0x0801, 0x1020, 0x3060, 0x1841, 0x3081, 0x38E3, 0x28A1, 0x1020, 0x4902, 0x3903, 0x4103,
  0x3903, 0x4902, 0x4903, 0x4923, 0x5942, 0x6143, 0x6142, 0x5922, 0x0800, 0x6101, 0x6942, 0x5122, 0x6142, 0x5122, 0x38E3, 0x38E3,
  0x30C3, 0x28C3, 0x0841, 0x1862, 0x20A3, 0x18A3, 0x1883, 0x1863, 0x20A3, 0x18A3, 0x1883, 0x1883, 0x20A3, 0x20A3, 0x20A4, 0x20A4,
  0x20C4, 0x20C4, 0x20C4, 0x38E2, 0xCBA9, 0x3882, 0x28C3, 0x18A4, 0x20C5, 0x28C5, 0x20C5, 0x20E5, 0x28E5, 0x30E6, 0x3105, 0x3105,
  0x4126, 0x28E5, 0x7AC7, 0xD46B, 0xAB8A, 0x5942, 0x3860, 0x1840, 0x2860, 0x1040, 0x1840, 0x6961, 0xC222, 0x7983, 0x79A4, 0x69E6,
  0x69C5, 0x30C2, 0x58C0, 0x60E0, 0x1820, 0x1800, 0x2040, 0x8160, 0x4000, 0x4800, 0x4800, 0x4800, 0x4800, 0x2800, 0x4000, 0x3800,
  0x2000, 0x1000, 0x2000, 0x0000, 0x0000, 0x0001, 0x0000, 0x0000, 0x0041, 0x0020, 0x0000, 0x0021, 0x0000, 0x0041, 0x0041, 0x0000,
  0x0000, 0x0000, 0x0001, 0x1043, 0x0001, 0x0000, 0x0000, 0x0000, 0x0000, 0x0821, 0x0000, 0x0000, 0x0000, 0x0000, 0x0000, 0x1000,
  0x4080, 0x7100, 0x40A0, 0x0000, 0x0001, 0x0001, 0x0000, 0x3040, 0x3860, 0x3860, 0x58C0, 0x0000, 0x4080, 0x4902, 0x3903, 0x3903,
  0x4103, 0x4103, 0x4902, 0x4923, 0x4902, 0x5122, 0x5122, 0x2061, 0x2880, 0x4923, 0x5143, 0x5122, 0x6162, 0x6962, 0x7162, 0x7162,
  0x8182, 0x3080, 0x0000, 0x2060, 0x30A0, 0x6942, 0x7162, 0x6942, 0x7162, 0x6942, 0x6942, 0x7162, 0x7162, 0x6962, 0x6962, 0x6162,
  0x5943, 0x6962, 0x5143, 0x4040, 0xD349, 0x4862, 0x28C3, 0x4902, 0x6142, 0x5122, 0x4103, 0x4103, 0x4123, 0x3903, 0x4123, 0x3903,
  0x30E3, 0x8B07, 0xDCAD, 0x82C9, 0x4102, 0x4880, 0x2840, 0x7120, 0x2860, 0x3880, 0x2840, 0x0000, 0x2020, 0x38A1, 0x4061, 0x5984,
  0x5144, 0x1861, 0x4080, 0x2820, 0x0000, 0x0000, 0x0000, 0x7960, 0x5040, 0x4000, 0x5000, 0x3000, 0x5800, 0x3800, 0x2000, 0x5000,
  0x4000, 0x2800, 0x2800, 0x1800, 0x0000, 0x0000, 0x0000, 0x0001, 0x0020, 0x0061, 0x0000, 0x0020, 0x0000, 0x0082, 0x0020, 0x0000,
  0x0000, 0x0001, 0x0801, 0x0000, 0x1043, 0x0000, 0x0000, 0x0000, 0x0801, 0x0000, 0x0000, 0x0000, 0x1000, 0x0801, 0x0000, 0x0000,
  0x0800, 0x1820, 0x4880, 0x68C0, 0x3880, 0x0000, 0x1001, 0x1001, 0x0800, 0x0800, 0x1820, 0x1000, 0x1820, 0x4081, 0x5102, 0x28E3,
  0x3903, 0x30E3, 0x38E3, 0x38C2, 0x4103, 0x4923, 0x38E2, 0x0800, 0x4902, 0x4923, 0x3903, 0x4123, 0x4923, 0x4922, 0x5922, 0x5943,
  0x4902, 0x0000, 0x0000, 0x0800, 0x40E2, 0x5143, 0x5142, 0x6143, 0x5142, 0x6162, 0x6962, 0x5942, 0x5942, 0x6962, 0x6162, 0x5943,
  0x5942, 0x6142, 0x5942, 0x4860, 0xD2E7, 0x5124, 0x2861, 0x5122, 0x5942, 0x5142, 0x5942, 0x5943, 0x5942, 0x5943, 0x5123, 0x5142,
  0x4963, 0xDBE8, 0x9B0A, 0x59E7, 0x1820, 0x2000, 0x2020, 0x1820, 0x3060, 0x3040, 0x2820, 0x0800, 0x0000, 0x0000, 0x0000, 0x1040,
  0x0820, 0x0000, 0x0800, 0x1000, 0x1800, 0x0800, 0x0000, 0x58E0, 0x60A0, 0x4000, 0x5800, 0x2800, 0x5000, 0x4000, 0x2000, 0x3800,
  0x5000, 0x4000, 0x2800, 0x2000, 0x0000, 0x0000, 0x0000, 0x0000, 0x0000, 0x0882, 0x0020, 0x0000, 0x0020, 0x0082, 0x0000, 0x0000,
  0x0801, 0x0000, 0x1022, 0x0001, 0x0001, 0x1043, 0x0000, 0x0000, 0x0000, 0x0000, 0x0000, 0x0000, 0x1821, 0x0800, 0x0000, 0x1840,
  0x1841, 0x0000, 0x0000, 0x1820, 0x58A1, 0x7920, 0x2040, 0x0800, 0x0801, 0x0801, 0x0000, 0x2020, 0x3040, 0x1000, 0x50C0, 0x28A2,
  0x28E3, 0x20C3, 0x30E2, 0x28C2, 0x38E2, 0x4103, 0x1040, 0x3060, 0x4923, 0x4923, 0x4922, 0x5143, 0x4103, 0x4922, 0x4923, 0x5143,
  0x20A1, 0x0800, 0x0800, 0x3080, 0x5142, 0x4923, 0x6142, 0x6122, 0x5122, 0x5143, 0x4923, 0x5122, 0x4902, 0x4922, 0x4922, 0x4923,
  0x4923, 0x4902, 0x5123, 0x4060, 0xB143, 0x51A6, 0x30E2, 0x4102, 0x4122, 0x4123, 0x3903, 0x38E2, 0x28A2, 0x38E3, 0x30E3, 0x28E2,
  0xCC2A, 0xAA26, 0x8228, 0x69E6, 0x28A2, 0x0000, 0x0000, 0x0800, 0x1000, 0x1000, 0x0800, 0x0000, 0x0000, 0x0000, 0x0000, 0x0000,
  0x0000, 0x0800, 0x2040, 0x2840, 0x2861, 0x2041, 0x0000, 0x38A0, 0x70E0, 0x4000, 0x4800, 0x3800, 0x3000, 0x4800, 0x3800, 0x1800,
  0x4800, 0x4800, 0x3800, 0x2800, 0x0000, 0x0000, 0x0000, 0x0000, 0x0000, 0x0041, 0x0000, 0x0000, 0x0020, 0x0061, 0x0000, 0x0000,
  0x0000, 0x0001, 0x0000, 0x0001, 0x0801, 0x0021, 0x1042, 0x0000, 0x0000, 0x0000, 0x0000, 0x0000, 0x0800, 0x0000, 0x1020, 0x1040,
  0x0000, 0x0800, 0x0000, 0x0000, 0x0000, 0x2020, 0x68E0, 0x50C0, 0x0801, 0x0000, 0x0000, 0x0800, 0x2020, 0x1820, 0x2840, 0x2840,
  0x2881, 0x2082, 0x1062, 0x2082, 0x38E2, 0x2082, 0x0000, 0x38A1, 0x30E3, 0x30E3, 0x40E3, 0x50E1, 0x50A1, 0x30E2, 0x28E3, 0x3902,
  0x30C2, 0x0800, 0x1841, 0x30E2, 0x30E2, 0x30E2, 0x38C2, 0x28A2, 0x30E3, 0x4122, 0x3903, 0x3903, 0x28C2, 0x30E3, 0x3902, 0x30E3,
  0x3903, 0x4122, 0x30E3, 0x4060, 0xA840, 0x61C6, 0x4965, 0x28C2, 0x3903, 0x3923, 0x18A2, 0x30C2, 0x1861, 0x18A3, 0x20A2, 0xA369,
  0xC3AA, 0xA329, 0x8B0A, 0x7248, 0x5144, 0x1820, 0x2041, 0x0800, 0x0000, 0x0000, 0x3943, 0x8AE8, 0xABCB, 0x82E9, 0x6228, 0x3924,
  0x1062, 0x0820, 0x0800, 0x0800, 0x0800, 0x0800, 0x1800, 0x2860, 0x7120, 0x4000, 0x4000, 0x4800, 0x2000, 0x5000, 0x4800, 0x2800,
  0x2000, 0x4000, 0x4800, 0x3000, 0x1800, 0x0000, 0x0000, 0x0021, 0x0000, 0x0020, 0x0020, 0x0000, 0x0061, 0x0041, 0x0000, 0x0000,
  0x0001, 0x0001, 0x0001, 0x0001, 0x0801, 0x0801, 0x0001, 0x1063, 0x0000, 0x0000, 0x0000, 0x0800, 0x0801, 0x0800, 0x0800, 0x0000,
  0x0800, 0x0000, 0x0000, 0x0000, 0x0000, 0x0000, 0x0800, 0x3860, 0x58E1, 0x0000, 0x0000, 0x0000, 0x0800, 0x0800, 0x3860, 0x4080,
  0x1000, 0x7100, 0x1841, 0x1042, 0x1062, 0x0000, 0x2040, 0x1882, 0x2082, 0x1862, 0x2882, 0x1842, 0x1862, 0x40A1, 0x20A3, 0x2082,
  0x1020, 0x30A2, 0x28C3, 0x20C3, 0x20A2, 0x28C2, 0x20A2, 0x28E3, 0x30E3, 0x28C3, 0x30C3, 0x30C2, 0x20A3, 0x28C3, 0x28C2, 0x28C2,
  0x20C3, 0x28C2, 0x20A2, 0x4102, 0xC142, 0x5081, 0x4964, 0x20C2, 0x20C3, 0x1882, 0x0862, 0x1882, 0x0021, 0x0862, 0x51C4, 0xAB09,
  0x7A68, 0x7AA9, 0x82EA, 0x59E7, 0x59C6, 0x3082, 0x1861, 0x1020, 0x0840, 0xA368, 0xDC6B, 0x9AE9, 0x8A89, 0x8AEA, 0x7ACA, 0x72AA,
  0x6249, 0x4165, 0x1882, 0x1000, 0x2020, 0x0800, 0x0800, 0x0800, 0x6900, 0x5020, 0x4000, 0x5000, 0x2000, 0x3000, 0x5000, 0x4000,
  0x2000, 0x1800, 0x3800, 0x5000, 0x3800, 0x0800, 0x0000, 0x0000, 0x0000, 0x0000, 0x0041, 0x0000, 0x0041, 0x0020, 0x0000, 0x0000,
  0x0001, 0x0001, 0x0001, 0x0801, 0x0000, 0x0001, 0x0801, 0x0821, 0x1063, 0x0000, 0x0000, 0x0801, 0x0000, 0x0000, 0x0000, 0x0000,
  0x0000, 0x0800, 0x2860, 0x40A0, 0x40A0, 0x58E0, 0x58C0, 0x58E0, 0x3880, 0x1020, 0x0000, 0x0000, 0x0000, 0x0800, 0x0801, 0x1000,
  0x0800, 0x2020, 0x70E0, 0x2061, 0x0001, 0x0800, 0x2061, 0x1042, 0x1042, 0x1022, 0x1021, 0x2041, 0x1042, 0x1062, 0x1862, 0x0021,
  0x2020, 0x2082, 0x28A2, 0x1042, 0x1841, 0x2881, 0x2082, 0x28A2, 0x2082, 0x20A3, 0x28C2, 0x20A2, 0x1062, 0x1062, 0x1882, 0x1062,
  0x20A2, 0x20A2, 0x1083, 0x4163, 0xE387, 0x3800, 0x4860, 0x20C2, 0x0841, 0x0841, 0x0841, 0x0862, 0x0042, 0x5A05, 0xED2D, 0xC40C,
  0xABAC, 0x7AC9, 0x7269, 0x6207, 0x38C2, 0x4104, 0x0800, 0x1861, 0xAA65, 0xA162, 0x6820, 0x71A5, 0x7289, 0x7AAA, 0x82EA, 0x82EA,
  0x7269, 0x7289, 0x51C7, 0x28E4, 0x1820, 0x2020, 0x0800, 0x0000, 0x60E0, 0x60A0, 0x4800, 0x4000, 0x3800, 0x1800, 0x4800, 0x5000,
  0x4000, 0x2000, 0x1800, 0x3000, 0x4000, 0x2800, 0x0000, 0x0000, 0x0000, 0x0000, 0x0020, 0x0000, 0x0062, 0x0020, 0x0000, 0x0000,
  0x0000, 0x0001, 0x0000, 0x0802, 0x0000, 0x0802, 0x0000, 0x0000, 0x0821, 0x0842, 0x0000, 0x0000, 0x0000, 0x0000, 0x0000, 0x1042,
  0x2062, 0x3082, 0x2882, 0x1841, 0x0820, 0x0820, 0x1020, 0x4080, 0x58C0, 0x8141, 0x9161, 0x58E0, 0x2860, 0x0000, 0x0001, 0x0000,
  0x0801, 0x1000, 0x3040, 0x60E0, 0x0000, 0x2020, 0x0822, 0x0822, 0x1042, 0x0821, 0x0801, 0x1021, 0x1841, 0x0821, 0x0821, 0x1000,
  0x0821, 0x0842, 0x0841, 0x1821, 0x1000, 0x3860, 0x4880, 0x0821, 0x2081, 0x1062, 0x1062, 0x2082, 0x1061, 0x2082, 0x1082, 0x1062,
  0x0041, 0x1881, 0x1062, 0x4164, 0xE449, 0x3800, 0x4000, 0x0841, 0x1881, 0x0021, 0x1082, 0x0041, 0x0021, 0x7266, 0x3943, 0x3944,
  0x7288, 0x932B, 0x6A48, 0x59E7, 0x2061, 0x28A2, 0x0820, 0xA1A3, 0x9123, 0x89E5, 0x7185, 0x5800, 0x69C6, 0x82EA, 0x82EA, 0x7AA9,
  0x50E3, 0x7289, 0x6A69, 0x51E7, 0x20A2, 0x2840, 0x1800, 0x0800, 0x40A0, 0x68E0, 0x4800, 0x5000, 0x4000, 0x2000, 0x2800, 0x5000,
  0x5000, 0x4800, 0x3800, 0x2000, 0x1800, 0x3000, 0x2000, 0x0000, 0x0000, 0x0000, 0x0000, 0x0000, 0x0062, 0x0020, 0x0000, 0x0000,
  0x0000, 0x0001, 0x0001, 0x0000, 0x0001, 0x0001, 0x0000, 0x0820, 0x0801, 0x0821, 0x0001, 0x0000, 0x0000, 0x1843, 0x1042, 0x0001,
  0x0000, 0x0000, 0x1063, 0x0821, 0x1042, 0x1861, 0x1021, 0x1000, 0x0000, 0x1041, 0x2861, 0x3880, 0x7121, 0x8140, 0x3080, 0x0000,
  0x0001, 0x0001, 0x1000, 0x1000, 0x0800, 0x50A0, 0x1841, 0x0821, 0x0821, 0x2041, 0x1821, 0x1021, 0x1021, 0x1021, 0x0000, 0x2020,
  0x1022, 0x0021, 0x0801, 0x0000, 0x0000, 0x0000, 0x1820, 0x2841, 0x1021, 0x1041, 0x0021, 0x0821, 0x1841, 0x0842, 0x0821, 0x1841,
  0x0041, 0x1041, 0x0021, 0x4184, 0xE4CA, 0x2800, 0x3000, 0x0021, 0x1041, 0x0841, 0x0041, 0x0021, 0x0000, 0x58C0, 0x3040, 0x0800,
  0x0000, 0x3965, 0x59E7, 0x3945, 0x1041, 0x18A1, 0xC42B, 0xCC6D, 0xBC0C, 0xABEC, 0x934B, 0x7A07, 0x6104, 0x6A69, 0x6A89, 0x5124,
  0x3800, 0x50A2, 0x7AA9, 0x6A49, 0x3925, 0x2040, 0x2840, 0x0800, 0x2040, 0x7940, 0x5020, 0x6000, 0x4800, 0x3000, 0x2000, 0x2800,
  0x5800, 0x5800, 0x4800, 0x3800, 0x2800, 0x2000, 0x2800, 0x2000, 0x0000, 0x0000, 0x0000, 0x0000, 0x0061, 0x0000, 0x0000, 0x0000,
  0x0821, 0x0000, 0x0000, 0x0001, 0x0001, 0x0000, 0x1861, 0x0821, 0x0801, 0x0000, 0x0000, 0x0822, 0x1043, 0x0000, 0x0000, 0x1022,
  0x0000, 0x0843, 0x0821, 0x1022, 0x1042, 0x0821, 0x1841, 0x1841, 0x0821, 0x2084, 0x0000, 0x0000, 0x0000, 0x2820, 0x8140, 0x8960,
  0x1840, 0x0000, 0x0800, 0x0000, 0x1820, 0x1821, 0x58E0, 0x1020, 0x0001, 0x0801, 0x0801, 0x1021, 0x0001, 0x0000, 0x1000, 0x1821,
  0x48A1, 0x0821, 0x0001, 0x0000, 0x0000, 0x0000, 0x0800, 0x2821, 0x0801, 0x2041, 0x0821, 0x1041, 0x0821, 0x0821, 0x1041, 0x0821,
  0x0021, 0x0021, 0x0041, 0x38E1, 0xD203, 0x2800, 0x3000, 0x0001, 0x0021, 0x0021, 0x0041, 0x0001, 0x50C0, 0x60E0, 0x2020, 0x2820,
  0x0800, 0x0000, 0x20A3, 0x1882, 0x0840, 0xCC4B, 0xC44C, 0xB40C, 0x8B2B, 0x72AA, 0x82EA, 0x6A27, 0x69C6, 0x6228, 0x7289, 0x30A2,
  0x4000, 0x6965, 0x48E3, 0x6228, 0x4986, 0x2881, 0x3860, 0x0800, 0x0800, 0x6900, 0x5860, 0x6000, 0x6020, 0x4800, 0x2000, 0x1800,
  0x4000, 0x5800, 0x5800, 0x5000, 0x4000, 0x3800, 0x3800, 0x3800, 0x2800, 0x0800, 0x0000, 0x0000, 0x0021, 0x0000, 0x0000, 0x0000,
  0x0821, 0x1041, 0x0000, 0x0001, 0x0001, 0x0020, 0x1061, 0x0001, 0x0000, 0x0000, 0x0822, 0x0842, 0x0000, 0x0801, 0x1022, 0x0801,
  0x0000, 0x1063, 0x0821, 0x0821, 0x1063, 0x0821, 0x0801, 0x0821, 0x1863, 0x1041, 0x0000, 0x0000, 0x0000, 0x0000, 0x1000, 0x58A0,
  0x9181, 0x48E0, 0x0000, 0x0000, 0x1000, 0x0801, 0x1020, 0x58E0, 0x2040, 0x0801, 0x0000, 0x0820, 0x0001, 0x0800, 0x0801, 0x0001,
  0x1840, 0x1840, 0x0001, 0x0000, 0x0000, 0x0000, 0x1001, 0x0000, 0x0001, 0x0801, 0x1041, 0x0821, 0x0821, 0x0800, 0x0820, 0x0841,
  0x0000, 0x1061, 0x1061, 0x3901, 0xDA23, 0x2800, 0x2800, 0x0021, 0x0842, 0x1881, 0x0021, 0x40A0, 0x7920, 0x3840, 0x2020, 0x0800,
  0x1800, 0x0000, 0x0000, 0x0000, 0x20A1, 0x1040, 0x0841, 0x3943, 0x936B, 0x934B, 0x728A, 0x4945, 0x6208, 0x51A7, 0x5A28, 0x20C3,
  0x4000, 0x50E3, 0x5103, 0x59E7, 0x4166, 0x1861, 0x2840, 0x1000, 0x2800, 0x50E0, 0x7100, 0x5820, 0x80C0, 0x5800, 0x4000, 0x1800,
  0x2800, 0x4800, 0x5800, 0x5000, 0x5000, 0x4800, 0x4000, 0x3800, 0x3000, 0x2800, 0x1000, 0x0000, 0x0000, 0x0000, 0x0000, 0x0000,
  0x0000, 0x1041, 0x1041, 0x0000, 0x0000, 0x0841, 0x0021, 0x0000, 0x0000, 0x0822, 0x0821, 0x0801, 0x0822, 0x0800, 0x0801, 0x0000,
  0x0843, 0x0021, 0x0822, 0x1042, 0x0821, 0x0821, 0x1022, 0x0021, 0x1883, 0x0000, 0x0000, 0x0800, 0x0800, 0x0000, 0x0000, 0x0800,
  0x3040, 0x99A1, 0x7960, 0x1820, 0x0001, 0x0000, 0x0000, 0x1041, 0x38A0, 0x0820, 0x0000, 0x0000, 0x0000, 0x1820, 0x1040, 0x0000,
  0x0820, 0x1840, 0x0000, 0x0801, 0x0801, 0x0001, 0x0000, 0x0800, 0x1041, 0x0800, 0x0001, 0x0820, 0x0000, 0x2060, 0x0820, 0x28C1,
  0x30C1, 0x38E1, 0x30C1, 0x4921, 0xD2A4, 0x2000, 0x2800, 0x3040, 0x2820, 0x2860, 0x2040, 0x3860, 0x2020, 0x2000, 0x1000, 0x0800,
  0x0000, 0x0000, 0x0000, 0x0000, 0x48A0, 0x7100, 0x3040, 0x0000, 0x1061, 0x72A9, 0x7ACA, 0x48E3, 0x4986, 0x59E7, 0x49A7, 0x1041,
  0x3000, 0x3041, 0x3061, 0x4104, 0x30E4, 0x1020, 0x1800, 0x2800, 0x2800, 0x2040, 0x8160, 0x5820, 0x70C0, 0x8120, 0x5800, 0x4000,
  0x2000, 0x2800, 0x4800, 0x5800, 0x4800, 0x4800, 0x5000, 0x5040, 0x3800, 0x2800, 0x2000, 0x1000, 0x0000, 0x0020, 0x0000, 0x0000,
  0x0000, 0x0020, 0x1061, 0x0000, 0x0000, 0x0041, 0x0000, 0x0000, 0x0822, 0x0001, 0x0001, 0x1022, 0x1842, 0x0801, 0x0800, 0x0000,
  0x1064, 0x0000, 0x0000, 0x1062, 0x0821, 0x0001, 0x0821, 0x0842, 0x0842, 0x0000, 0x0000, 0x0000, 0x0800, 0x0000, 0x0800, 0x0000,
  0x0000, 0x1820, 0x7921, 0x8961, 0x1020, 0x0820, 0x0000, 0x0000, 0x2080, 0x0820, 0x0820, 0x0000, 0x0000, 0x0000, 0x30C0, 0x0820,
  0x4100, 0x2080, 0x1860, 0x0000, 0x0000, 0x1041, 0x1040, 0x0000, 0x1041, 0x40E1, 0x1040, 0x28A0, 0x28A0, 0x38E0, 0x30E1, 0x6981,
  0x6141, 0x7100, 0x6040, 0x4040, 0xA1C1, 0x1800, 0x1800, 0x1800, 0x2000, 0x50C0, 0x7920, 0x4040, 0x2820, 0x0000, 0x0800, 0x0000,
  0x0000, 0x0000, 0x0000, 0x50C0, 0x7120, 0x2020, 0x3840, 0x1800, 0x0000, 0x2904, 0x72AA, 0x4945, 0x20A3, 0x4145, 0x1882, 0x0800,
  0x1800, 0x1800, 0x1821, 0x2021, 0x0821, 0x0800, 0x1800, 0x5800, 0x3000, 0x0800, 0x7960, 0x68A0, 0x5020, 0x8920, 0x9160, 0x6860,
  0x3800, 0x2000, 0x3000, 0x4800, 0x6020, 0x6060, 0x70E0, 0x5860, 0x4820, 0x4020, 0x2800, 0x2000, 0x0800, 0x0000, 0x0001, 0x1040,
  0x0000, 0x0000, 0x0041, 0x1061, 0x0000, 0x0021, 0x0000, 0x0001, 0x0822, 0x0000, 0x0801, 0x0801, 0x1022, 0x1043, 0x0000, 0x0842,
  0x0822, 0x0002, 0x0842, 0x0821, 0x0821, 0x0822, 0x0000, 0x1864, 0x0000, 0x0000, 0x0800, 0x0000, 0x0000, 0x0000, 0x0800, 0x0800,
  0x0000, 0x0000, 0x1820, 0x58C0, 0x8980, 0x0820, 0x0840, 0x1040, 0x1060, 0x4101, 0x4921, 0x2060, 0x2860, 0x30C0, 0x38E0, 0x5141,
  0x5961, 0x4921, 0x4901, 0x4921, 0x4101, 0x4101, 0x4921, 0x6181, 0x4921, 0x69A1, 0x71A1, 0x5120, 0x9221, 0x79C1, 0x79A1, 0x70E0,
  0x6820, 0x7000, 0x5800, 0x1800, 0x4040, 0x0800, 0x1020, 0x58E0, 0x7920, 0x50A0, 0x1800, 0x0800, 0x2000, 0x1000, 0x0000, 0x0000,
  0x0000, 0x0000, 0x3860, 0x50A0, 0x4040, 0x3020, 0x1000, 0x2000, 0x0800, 0x0000, 0x5A08, 0x51C7, 0x0000, 0x0820, 0x0000, 0x0000,
  0x0000, 0x0000, 0x0000, 0x0000, 0x0000, 0x0000, 0x3000, 0x5000, 0x2000, 0x0000, 0x50C0, 0x8160, 0x6860, 0x78C0, 0x6840, 0x78E0,
  0x68C0, 0x3820, 0x2000, 0x3000, 0x4800, 0x68C0, 0x4000, 0x60A0, 0x7940, 0x6900, 0x60C0, 0x3840, 0x2800, 0x0000, 0x0000, 0x4101,
  0x0000, 0x0000, 0x0021, 0x0861, 0x0000, 0x0000, 0x0000, 0x0823, 0x0000, 0x0800, 0x0801, 0x0801, 0x0801, 0x0801, 0x0000, 0x1064,
  0x0021, 0x0822, 0x1863, 0x0000, 0x0822, 0x0822, 0x0021, 0x1063, 0x0000, 0x0000, 0x0000, 0x0000, 0x1000, 0x2040, 0x0000, 0x0000,
  0x0000, 0x0000, 0x0000, 0x1820, 0x58A0, 0x7140, 0x1040, 0x4101, 0x5961, 0x6161, 0x40E0, 0x30A0, 0x81C1, 0x79C1, 0x8A01, 0x40E0,
  0x5940, 0x8A01, 0x81E1, 0x9A21, 0x9201, 0x81E1, 0x9A21, 0xA242, 0xA241, 0x89E1, 0x9201, 0x9A01, 0x7140, 0x68C0, 0x6860, 0x7820,
  0x6020, 0x3000, 0x2000, 0x2020, 0x8180, 0x9980, 0x8940, 0x4040, 0x3020, 0x2000, 0x1000, 0x1000, 0x0800, 0x0800, 0x0000, 0x0000,
  0x1020, 0x2040, 0x50A0, 0x3040, 0x1000, 0x2000, 0x0800, 0x0800, 0x0800, 0x0000, 0x4145, 0x1882, 0x0000, 0x0000, 0x0000, 0x0800,
  0x1800, 0x2800, 0x1800, 0x0800, 0x0000, 0x0800, 0x5000, 0x3800, 0x0800, 0x1800, 0x2040, 0x91A0, 0x6880, 0x6040, 0x99A0, 0x8180,
  0x50C0, 0x48A0, 0x58A0, 0x3020, 0x3000, 0x3820, 0x7100, 0x6100, 0x2040, 0x0000, 0x0800, 0x40A0, 0x4880, 0x3020, 0x2080, 0x1040,
  0x0842, 0x0000, 0x0000, 0x0041, 0x0000, 0x0000, 0x0801, 0x0001, 0x0801, 0x0801, 0x0000, 0x0001, 0x0001, 0x0000, 0x0001, 0x0843,
  0x0021, 0x0822, 0x0822, 0x0822, 0x0821, 0x0822, 0x1043, 0x0821, 0x0000, 0x0000, 0x0000, 0x0000, 0x0800, 0x2040, 0x0800, 0x3840,
  0x4040, 0x1000, 0x0000, 0x0000, 0x1000, 0x60C0, 0x48C0, 0x1061, 0x38C1, 0x5940, 0x0820, 0x6141, 0x6161, 0x4900, 0x2080, 0x38C0,
  0x79C1, 0x4101, 0x4901, 0x5141, 0x6961, 0x79C1, 0x71A1, 0x5941, 0x71A1, 0x5941, 0x6940, 0x60A0, 0x6000, 0x3800, 0x3000, 0x5800,
  0x5020, 0x5020, 0x3000, 0x3060, 0x4880, 0x2820, 0x2820, 0x1800, 0x1800, 0x1000, 0x0800, 0x1020, 0x50C0, 0x58E0, 0x50E0, 0x50C0,
  0x60C0, 0x58A0, 0x1820, 0x2020, 0x1800, 0x0800, 0x0800, 0x0000, 0x0000, 0x0000, 0x0020, 0x0000, 0x0000, 0x0800, 0x2800, 0x3800,
  0x4800, 0x6000, 0x4000, 0x2000, 0x2000, 0x3000, 0x2800, 0x2800, 0x3800, 0x1800, 0x0000, 0x7940, 0x68C0, 0x7900, 0x6920, 0x1020,
  0x0000, 0x0000, 0x2060, 0x58C0, 0x58A0, 0x60E0, 0x58E0, 0x1020, 0x0000, 0x0000, 0x0000, 0x0000, 0x0820, 0x3060, 0x38E1, 0x0000,
  0x0001, 0x0041, 0x0000, 0x0021, 0x0000, 0x0000, 0x0822, 0x0000, 0x0801, 0x0801, 0x0000, 0x0001, 0x0800, 0x0000, 0x0822, 0x0821,
  0x0822, 0x1063, 0x0000, 0x0821, 0x1043, 0x0001, 0x1064, 0x0000, 0x0000, 0x0000, 0x0000, 0x0000, 0x0000, 0x0000, 0x0000, 0x1000,
  0x4860, 0x6080, 0x4860, 0x0800, 0x0000, 0x1820, 0x60E0, 0x1040, 0x20C1, 0x1040, 0x1020, 0x4100, 0x38E0, 0x30A0, 0x0000, 0x5100,
  0x1860, 0x30A0, 0x7181, 0x6961, 0x6161, 0x5961, 0x40E1, 0x5121, 0x40E1, 0x40E1, 0x38A1, 0x2020, 0x1820, 0x3020, 0x3000, 0x3000,
  0x1800, 0x5000, 0x7820, 0x4000, 0x0800, 0x0000, 0x0000, 0x0800, 0x0000, 0x0000, 0x0000, 0x2860, 0x2020, 0x2020, 0x3860, 0x58A0,
  0x2840, 0x2820, 0x2820, 0x1000, 0x0800, 0x0000, 0x0000, 0x0000, 0x0000, 0x0000, 0x0000, 0x0800, 0x2000, 0x3800, 0x4000, 0x5000,
  0x5800, 0x2000, 0x4800, 0x4800, 0x4800, 0x4000, 0x5800, 0x5800, 0x3000, 0x0000, 0x0000, 0x3880, 0x7900, 0x6100, 0x0000, 0x0000,
  0x0000, 0x0000, 0x0000, 0x0000, 0x3060, 0x2860, 0x0000, 0x0000, 0x0000, 0x0001, 0x0021, 0x0000, 0x0000, 0x0820, 0x20A1, 0x0001,
  0x0000, 0x0041, 0x0041, 0x0000, 0x0000, 0x0000, 0x0001, 0x0000, 0x2060, 0x2060, 0x2880, 0x0800, 0x0000, 0x0000, 0x0843, 0x0001,
  0x0802, 0x0001, 0x0000, 0x0822, 0x1023, 0x0001, 0x0843, 0x0000, 0x0000, 0x0000, 0x0000, 0x0000, 0x0000, 0x0000, 0x0000, 0x0000,
  0x0000, 0x0800, 0x4060, 0x5060, 0x1000, 0x0000, 0x2841, 0x40A0, 0x0840, 0x0820, 0x1040, 0x2080, 0x20A0, 0x0000, 0x0820, 0x0820,
  0x38C0, 0x6961, 0x5941, 0x38C0, 0x5141, 0x2080, 0x7181, 0x5941, 0x89C1, 0x9202, 0x79C2, 0xA221, 0x91E1, 0x8141, 0x7100, 0x5060,
  0x8181, 0x91E1, 0x7921, 0x91E2, 0x4820, 0x1000, 0x1860, 0x30E1, 0x20A1, 0x1061, 0x0820, 0x0000, 0x0000, 0x0000, 0x1000, 0x1800,
  0x2020, 0x0800, 0x1800, 0x1000, 0x0000, 0x0000, 0x0000, 0x0000, 0x0000, 0x1000, 0x2800, 0x3800, 0x5000, 0x4000, 0x4800, 0x3000,
  0x1800, 0x0000, 0x0000, 0x2000, 0x4800, 0x5000, 0x3000, 0x1800, 0x0000, 0x0000, 0x0000, 0x0000, 0x60E0, 0x1020, 0x0000, 0x0000,
  0x0001, 0x0001, 0x0001, 0x0000, 0x0001, 0x0001, 0x0021, 0x0022, 0x0862, 0x0842, 0x0042, 0x0041, 0x0042, 0x20A2, 0x0042, 0x0041,
  0x0000, 0x0000, 0x0041, 0x0000, 0x0000, 0x0820, 0x28A0, 0x30C1, 0x28A1, 0x30C1, 0x4900, 0x5120, 0x40E0, 0x1840, 0x0021, 0x0822,
  0x0801, 0x0000, 0x0822, 0x1042, 0x0001, 0x0822, 0x0822, 0x0000, 0x0000, 0x0000, 0x0000, 0x0000, 0x0000, 0x0000, 0x0000, 0x0000,
  0x0000, 0x0000, 0x0000, 0x2021, 0x3860, 0x0000, 0x0801, 0x48A1, 0x0820, 0x0000, 0x0000, 0x28C1, 0x1860, 0x0000, 0x0000, 0x38C0,
  0x6161, 0x40E1, 0x2880, 0x5121, 0x2080, 0x6141, 0x5961, 0x79A1, 0x71A1, 0x89E1, 0x89E1, 0x5941, 0x89C1, 0xAA41, 0xB262, 0x9A22,
  0xAA82, 0xB282, 0x7181, 0x40A0, 0x5921, 0x81C1, 0x8201, 0x6981, 0x71C1, 0x5962, 0x20A1, 0x0000, 0x0000, 0x0000, 0x0000, 0x0000,
  0x0800, 0x0800, 0x1000, 0x0800, 0x0000, 0x0000, 0x0800, 0x1800, 0x4000, 0x6000, 0x7000, 0x7020, 0x5800, 0x2800, 0x0800, 0x0000,
  0x0000, 0x0021, 0x0000, 0x0001, 0x0000, 0x0000, 0x0000, 0x0021, 0x0041, 0x0021, 0x0042, 0x0021, 0x0800, 0x0001, 0x0021, 0x0021,
  0x0041, 0x0042, 0x0882, 0x0062, 0x0882, 0x10A2, 0x0862, 0x0862, 0x1082, 0x1082, 0x18A2, 0x0862, 0x1082, 0x18A2, 0x0862, 0x0042,
  0x0000, 0x0000, 0x0000, 0x0000, 0x1040, 0x2081, 0x1881, 0x1081, 0x1060, 0x0020, 0x0840, 0x1060, 0x30C1, 0x4901, 0x38C0, 0x0000,
  0x0000, 0x0801, 0x30C1, 0x28A1, 0x0000, 0x0822, 0x0001, 0x0000, 0x0000, 0x0000, 0x0000, 0x0000, 0x0000, 0x0000, 0x0000, 0x0000,
  0x0000, 0x0000, 0x0000, 0x0000, 0x1020, 0x1820, 0x0000, 0x1821, 0x1840, 0x0000, 0x0000, 0x2080, 0x0000, 0x0000, 0x30A0, 0x3902,
  0x4102, 0x1060, 0x1040, 0x4101, 0x1040, 0x5961, 0x5121, 0x5121, 0x28A0, 0x2080, 0x5120, 0x9A01, 0x81C1, 0x91E1, 0x79A1, 0x81C1,
  0x89C1, 0x6181, 0x5121, 0x7981, 0x81A1, 0x6961, 0x6161, 0x4101, 0x5142, 0x20A2, 0x18A2, 0x0021, 0x0000, 0x0000, 0x0000, 0x0000,
  0x0000, 0x0000, 0x0800, 0x0000, 0x0000, 0x2800, 0x5000, 0x7000, 0x9020, 0x4000, 0x5020, 0x3000, 0x0000, 0x0021, 0x0021, 0x0042,
  0x0862, 0x0842, 0x1062, 0x0842, 0x0862, 0x0862, 0x0862, 0x1082, 0x1082, 0x0862, 0x0862, 0x0882, 0x0042, 0x1082, 0x0862, 0x1082,
  0x1082, 0x1082, 0x18C2, 0x10A2, 0x10C2, 0x18A2, 0x18A2, 0x18A2, 0x1082, 0x0862, 0x20A1, 0x0841, 0x28C1, 0x1082, 0x0041, 0x0041,
  0x0000, 0x0000, 0x0000, 0x0840, 0x1061, 0x0041, 0x0020, 0x0000, 0x0000, 0x0000, 0x0000, 0x0000, 0x0020, 0x1061, 0x28A1, 0x2880,
  0x0000, 0x0802, 0x0000, 0x1881, 0x30C0, 0x1042, 0x0000, 0x0000, 0x0000, 0x0000, 0x0000, 0x1020, 0x48E0, 0x4920, 0x2040, 0x4081,
  0x50A1, 0x7101, 0x68E0, 0x58C0, 0x3860, 0x2840, 0x0000, 0x0000, 0x1021, 0x0000, 0x0021, 0x0000, 0x0000, 0x0000, 0x1040, 0x0840,
  0x30C1, 0x0000, 0x30E1, 0x0000, 0x30C1, 0x30C1, 0x0820, 0x0000, 0x0800, 0x30C1, 0x5121, 0x5962, 0x6981, 0x38E1, 0x38C0, 0x5141,
  0x5121, 0x4101, 0x79A1, 0x6961, 0x4921, 0x4101, 0x6961, 0x4901, 0x38E1, 0x28C1, 0x4102, 0x3102, 0x4101, 0x1061, 0x0841, 0x0021,
  0x0000, 0x0000, 0x0000, 0x0000, 0x0021, 0x2881, 0x3881, 0x2820, 0x0841, 0x0020, 0x0021, 0x0021, 0x0841, 0x0862, 0x18A2, 0x18A2,
  0x0842, 0x18A2, 0x18C2, 0x10A2, 0x18C2, 0x18C2, 0x10A2, 0x18A2, 0x1082, 0x1082, 0x0882, 0x1082, 0x10A2, 0x18C2, 0x1082, 0x0041,
  0x1082, 0x0841, 0x18C2, 0x18A2, 0x10A2, 0x1082, 0x0862, 0x1082, 0x0861, 0x0861, 0x0041, 0x0861, 0x20A1, 0x0862, 0x0020, 0x1881,
  0x0000, 0x0000, 0x0020, 0x0841, 0x0021, 0x0000, 0x0000, 0x0000, 0x0000, 0x0000, 0x0000, 0x0000, 0x0000, 0x0000, 0x0020, 0x1881,
  0x1061, 0x0001, 0x0000, 0x0000, 0x20A1, 0x30C1, 0x0820, 0x0000, 0x0000, 0x0000, 0x30A0, 0x4901, 0x30C0, 0x0000, 0x1001, 0x1021,
  0x1021, 0x2021, 0x2840, 0x4081, 0x58C1, 0x8121, 0x8120, 0x58C0, 0x2040, 0x0000, 0x0000, 0x0000, 0x0000, 0x0800, 0x1840, 0x2000,
  0x1020, 0x0000, 0x0840, 0x0840, 0x1040, 0x0000, 0x0000, 0x0820, 0x38C1, 0x4921, 0x6161, 0x4121, 0x20A1, 0x0820, 0x4101, 0x5941,
  0x4921, 0x4101, 0x81C1, 0x6961, 0x6161, 0x79A1, 0x6961, 0x7981, 0x7981, 0x79A1, 0x81C1, 0x71A1, 0x79A1, 0x6182, 0x5961, 0x4922,
  0x3902, 0x28C2, 0x1882, 0x20A2, 0x18C3, 0x20C2, 0x28E2, 0x28E2, 0x20E2, 0x28E2, 0x20C2, 0x28E2, 0x20C2, 0x20C2, 0x10A2, 0x20E2,
  0x2902, 0x20E2, 0x20E2, 0x10A2, 0x18C2, 0x1082, 0x18A2, 0x10A2, 0x1082, 0x1082, 0x28E2, 0x18A2, 0x20C2, 0x18A2, 0x1082, 0x18A2,
  0x0862, 0x0861, 0x0841, 0x1081, 0x0882, 0x0862, 0x0861, 0x0861, 0x1061, 0x0021, 0x1061, 0x0862, 0x0041, 0x0840, 0x20A1, 0x0821,
  0x0000, 0x0000, 0x0000, 0x0020, 0x2880, 0x2880, 0x1840, 0x0000, 0x0000, 0x0000, 0x0000, 0x0000, 0x0020, 0x1040, 0x2080, 0x2080,
  0x0020, 0x0000, 0x0000, 0x0000, 0x0041, 0x1081, 0x1880, 0x0000, 0x0000, 0x2880, 0x28C1, 0x1081, 0x0821, 0x0822, 0x1021, 0x0821,
  0x0822, 0x1821, 0x0821, 0x2841, 0x1021, 0x3041, 0x60A1, 0x78E0, 0x8900, 0x78E0, 0x3060, 0x0000, 0x0000, 0x1800, 0x3800, 0x3000,
  0x1000, 0x0000, 0x0000, 0x0000, 0x0000, 0x0020, 0x0020, 0x30C1, 0x4101, 0x4901, 0x40E0, 0x1040, 0x0000, 0x30C0, 0x5121, 0x4101,
  0x28A1, 0x4921, 0x4122, 0x4921, 0x4921, 0x5941, 0x5121, 0x5941, 0x4901, 0x40E1, 0x28A0, 0x5121, 0x6161, 0x71A1, 0x6981, 0x6981,
  0x71A1, 0x71A1, 0x6161, 0x5142, 0x4122, 0x30E2, 0x18A2, 0x28E2, 0x28E2, 0x28E2, 0x28E2, 0x28C2, 0x20C2, 0x28E2, 0x28E2, 0x28E2,
  0x28E2, 0x2902, 0x28E2, 0x20C2, 0x18A2, 0x18C2, 0x20A2, 0x18A2, 0x28C2, 0x28E2, 0x28E2, 0x20C2, 0x1882, 0x20C1, 0x18A2, 0x20C2,
  0x20C2, 0x0861, 0x1061, 0x0000, 0x20C1, 0x1082, 0x20A1, 0x1881, 0x0861, 0x1061, 0x20A1, 0x1061, 0x1860, 0x28C1, 0x0821, 0x0841,
  0x0000, 0x0820, 0x28A1, 0x28A1, 0x28C1, 0x30C1, 0x38E1, 0x4101, 0x28A0, 0x0820, 0x0020, 0x1061, 0x1081, 0x0861, 0x0861, 0x18A1,
  0x30C1, 0x2080, 0x0820, 0x0000, 0x0000, 0x0882, 0x1881, 0x0000, 0x1860, 0x28C1, 0x1081, 0x0000, 0x0822, 0x0801, 0x0001, 0x0000,
  0x0000, 0x0801, 0x0801, 0x0821, 0x0801, 0x1001, 0x1021, 0x3041, 0x58A1, 0x8101, 0x78E0, 0x60C0, 0x1820, 0x0800, 0x1800, 0x0000,
  0x0000, 0x0000, 0x0800, 0x3000, 0x5020, 0x4020, 0x2020, 0x1061, 0x1041, 0x28A1, 0x0820, 0x0000, 0x1040, 0x3901, 0x30C1, 0x20A1,
  0x3901, 0x4121, 0x4101, 0x38E1, 0x4942, 0x4102, 0x38E1, 0x38E1, 0x1860, 0x1840, 0x4901, 0x4122, 0x5961, 0x6161, 0x5941, 0x6161,
  0x5121, 0x38E1, 0x5142, 0x5141, 0x4921, 0x3902, 0x3901, 0x28C2, 0x20C2, 0x3101, 0x28E2, 0x20A2, 0x28E2, 0x28C2, 0x28C2, 0x28C2,
  0x30E2, 0x30E2, 0x20C2, 0x20C2, 0x20A2, 0x28E2, 0x28C2, 0x20A1, 0x30E2, 0x3902, 0x28E2, 0x28C2, 0x30E2, 0x20C2, 0x20C2, 0x20C2,
  0x28C1, 0x20C1, 0x18A1, 0x0820, 0x0000, 0x1881, 0x30E1, 0x1082, 0x0840, 0x3901, 0x0861, 0x1061, 0x3901, 0x0840, 0x0861, 0x1061,
  0x0840, 0x18A2, 0x1082, 0x0861, 0x0841, 0x0820, 0x1081, 0x20A1, 0x20A1, 0x30C0, 0x0820, 0x0861, 0x0861, 0x0861, 0x0000, 0x0000,
  0x0861, 0x20A1, 0x1860, 0x1040, 0x0000, 0x0041, 0x0041, 0x0000, 0x28A1, 0x0862, 0x0861, 0x0000, 0x0000, 0x0000, 0x0001, 0x0000,
  0x0000, 0x0000, 0x0000, 0x0000, 0x0000, 0x0000, 0x1001, 0x1001, 0x1821, 0x2841, 0x60C1, 0x7901, 0x7901, 0x3060, 0x0800, 0x0000,
  0x0000, 0x0000, 0x1800, 0x2800, 0x2000, 0x0800, 0x4000, 0x5000, 0x1020, 0x0820, 0x0000, 0x0000, 0x20A1, 0x1081, 0x38E1, 0x38C1,
  0x1860, 0x1040, 0x40E1, 0x38E1, 0x4122, 0x4921, 0x20A0, 0x0000, 0x0820, 0x4101, 0x4101, 0x3902, 0x28C1, 0x28C2, 0x30E2, 0x3902,
  0x30E2, 0x40E1, 0x3901, 0x3902, 0x4101, 0x4102, 0x4101, 0x30E1, 0x3901, 0x20C1, 0x3902, 0x28C1, 0x28C1, 0x3901, 0x38E1, 0x1860,
  0x1061, 0x28C2, 0x28C2, 0x30E2, 0x30E1, 0x4921, 0x30E2, 0x4921, 0x28C1, 0x4921, 0x38E1, 0x3901, 0x28C1, 0x4101, 0x20A1, 0x30C1,
  0x20A1, 0x30C1, 0x28C1, 0x2081, 0x0000, 0x0000, 0x28A1, 0x0820, 0x2080, 0x38E1, 0x0020, 0x3901, 0x20A1, 0x0020, 0x0882, 0x0000,
  0x10A2, 0x0882, 0x0021, 0x0000, 0x0000, 0x0000, 0x0000, 0x0841, 0x18A1, 0x1881, 0x30C1, 0x0020, 0x0000, 0x0041, 0x0000, 0x0000,
  0x0000, 0x20A1, 0x30C1, 0x4101, 0x2080, 0x0000, 0x0020, 0x1880, 0x1082, 0x10A2, 0x0000, 0x0000, 0x0021, 0x0001, 0x0001, 0x0001,
  0x0021, 0x0000, 0x0000, 0x0000, 0x0000, 0x0021, 0x0000, 0x0000, 0x0801, 0x1001, 0x2041, 0x4881, 0x70E1, 0x70E1, 0x4880, 0x0000,
  0x0000, 0x1000, 0x2800, 0x1000, 0x1800, 0x0000, 0x3000, 0x4000, 0x2000, 0x0000, 0x0000, 0x1040, 0x0861, 0x28C1, 0x1060, 0x0000,
  0x0840, 0x28A1, 0x30E2, 0x30E2, 0x4121, 0x1040, 0x0000, 0x0000, 0x28C1, 0x28C1, 0x1060, 0x0020, 0x1880, 0x28C2, 0x28A2, 0x30E2,
  0x3902, 0x4122, 0x4941, 0x5961, 0x5141, 0x5141, 0x5961, 0x5121, 0x30A0, 0x4101, 0x5962, 0x5161, 0x5120, 0x28A0, 0x0000, 0x28A0,
  0x4941, 0x5141, 0x4122, 0x4941, 0x5141, 0x4122, 0x5141, 0x3902, 0x30C1, 0x4921, 0x1081, 0x4921, 0x20A1, 0x30E1, 0x1881, 0x2081,
  0x28A1, 0x3901, 0x38E1, 0x30E1, 0x0000, 0x0000, 0x0820, 0x0000, 0x38E1, 0x1081, 0x1860, 0x28E2, 0x0020, 0x0882, 0x0841, 0x1840,
  0x0062, 0x0000, 0x0000, 0x0000, 0x0000, 0x0000, 0x0000, 0x0000, 0x0020, 0x0861, 0x1061, 0x20A1, 0x0000, 0x0000, 0x0021, 0x0000,
  0x1861, 0x18A1, 0x30E1, 0x1860, 0x1060, 0x0000, 0x0000, 0x1081, 0x0882, 0x0020, 0x0000, 0x0001, 0x0000, 0x0000, 0x0000, 0x0000,
  0x0821, 0x0000, 0x0000, 0x0000, 0x0821, 0x0042, 0x0000, 0x0000, 0x0000, 0x0801, 0x0801, 0x1021, 0x4060, 0x58A1, 0x58A1, 0x3860,
  0x0000, 0x1000, 0x1000, 0x1800, 0x1000, 0x1000, 0x2800, 0x1800, 0x0000, 0x0000, 0x0800, 0x4020, 0x2020, 0x0000, 0x0000, 0x0000,
  0x20C2, 0x30E2, 0x20A2, 0x20C2, 0x0840, 0x0000, 0x0000, 0x0861, 0x1081, 0x0000, 0x0000, 0x20A1, 0x3902, 0x3102, 0x30E1, 0x4101,
  0x3901, 0x4921, 0x3902, 0x4102, 0x4921, 0x5141, 0x30C0, 0x0820, 0x30C0, 0x5141, 0x5141, 0x30A0, 0x0000, 0x0000, 0x30C0, 0x6161,
  0x5141, 0x4121, 0x4921, 0x3901, 0x4941, 0x3901, 0x28E1, 0x18A1, 0x38E1, 0x1061, 0x0841, 0x1881, 0x20A1, 0x1082, 0x1082, 0x0020,
  0x0000, 0x1040, 0x2080, 0x18A1, 0x0820, 0x0000, 0x0000, 0x1860, 0x38E1, 0x0841, 0x0820, 0x18A1, 0x0000, 0x0041, 0x2080, 0x1881,
  0x0000, 0x0000, 0x0000, 0x0000, 0x0000, 0x0041, 0x0020, 0x0000, 0x0000, 0x0020, 0x0861, 0x1881, 0x0020, 0x0000, 0x0041, 0x0020,
  0x1081, 0x1081, 0x1060, 0x0000, 0x0041, 0x0000, 0x0841, 0x0042, 0x0061, 0x0000, 0x0000, 0x0000, 0x0001, 0x0021, 0x0001, 0x0001,
  0x0001, 0x0000, 0x0000, 0x0000, 0x0842, 0x0021, 0x0000, 0x0000, 0x0801, 0x0000, 0x0000, 0x0801, 0x0801, 0x2841, 0x3861, 0x3861,
  0x2841, 0x0000, 0x1000, 0x0800, 0x0000, 0x1800, 0x1000, 0x0800, 0x0000, 0x0000, 0x2000, 0x2000, 0x0000, 0x0000, 0x0800, 0x1021,
  0x1861, 0x1041, 0x1082, 0x0841, 0x0000, 0x0000, 0x0020, 0x0021, 0x0000, 0x0000, 0x20A1, 0x28C2, 0x28A1, 0x2081, 0x1881, 0x28A1,
  0x28A1, 0x30C2, 0x38E2, 0x30E2, 0x30C1, 0x1040, 0x0000, 0x2080, 0x3902, 0x38E1, 0x1040, 0x0000, 0x0000, 0x2080, 0x4921, 0x30E1,
  0x4121, 0x4121, 0x30E1, 0x4121, 0x20A1, 0x30E1, 0x1081, 0x1081, 0x1881, 0x0042, 0x1082, 0x1082, 0x0862, 0x1061, 0x20A2, 0x0882,
  0x0841, 0x0000, 0x0000, 0x0820, 0x1061, 0x0000, 0x0000, 0x2080, 0x2081, 0x0820, 0x0000, 0x0041, 0x0820, 0x30C1, 0x1061, 0x0041,
  0x0000, 0x0000, 0x0000, 0x0000, 0x0000, 0x0020, 0x0841, 0x0020, 0x0000, 0x0000, 0x0021, 0x0021, 0x0841, 0x0000, 0x0000, 0x0841,
  0x0862, 0x0861, 0x0000, 0x0000, 0x0041, 0x0000, 0x0862, 0x0042, 0x0020, 0x0000, 0x0000, 0x0041, 0x0862, 0x0862, 0x1062, 0x0820,
  0x0000, 0x0801, 0x0000, 0x0821, 0x0862, 0x0000, 0x0000, 0x0000, 0x0801, 0x1022, 0x0000, 0x0000, 0x0801, 0x0821, 0x1021, 0x4081,
  0x3861, 0x2040, 0x0000, 0x1000, 0x0800, 0x2000, 0x1800, 0x0000, 0x0000, 0x0800, 0x2000, 0x0000, 0x0000, 0x0800, 0x2820, 0x3000,
  0x1820, 0x0800, 0x0820, 0x0000, 0x0000, 0x0000, 0x0000, 0x0000, 0x0000, 0x0000, 0x0000, 0x0000, 0x0820, 0x0000, 0x18A1, 0x20A1,
  0x28E2, 0x30E2, 0x20A2, 0x28A1, 0x0000, 0x0000, 0x0820, 0x30E1, 0x30C1, 0x0000, 0x0000, 0x0000, 0x1860, 0x4101, 0x3901, 0x28C1,
  0x3901, 0x18A2, 0x28A1, 0x0861, 0x0041, 0x1061, 0x0861, 0x1881, 0x0862, 0x20A1, 0x1061, 0x20A1, 0x0862, 0x28C1, 0x18A1, 0x20C2,
  0x18A2, 0x1881, 0x0000, 0x0000, 0x0000, 0x0000, 0x0000, 0x0820, 0x1041, 0x0000, 0x0000, 0x0000, 0x28A0, 0x1082, 0x0041, 0x0061,
  0x0000, 0x0000, 0x0000, 0x0000, 0x0000, 0x0000, 0x0041, 0x0021, 0x0000, 0x0000, 0x0000, 0x0021, 0x0841, 0x0000, 0x0000, 0x0862,
  0x0061, 0x0020, 0x0000, 0x0000, 0x0021, 0x0020, 0x0042, 0x0061, 0x0000, 0x0000, 0x0021, 0x0021, 0x0000, 0x0820, 0x0862, 0x1081,
  0x0000, 0x0001, 0x0000, 0x0841, 0x0862, 0x0000, 0x0000, 0x0000, 0x0000, 0x0801, 0x0000, 0x0000, 0x0000, 0x0821, 0x0821, 0x1021,
  0x3861, 0x3861, 0x0800, 0x0800, 0x1800, 0x1800, 0x0000, 0x0000, 0x0000, 0x1800, 0x0000, 0x0000, 0x0800, 0x3820, 0x1800, 0x2800,
  0x0000, 0x0800, 0x0000, 0x0000, 0x0000, 0x0000, 0x1041, 0x1862, 0x1063, 0x1883, 0x1084, 0x1863, 0x1883, 0x1042, 0x0001, 0x0820,
  0x0841, 0x1882, 0x20A2, 0x0000, 0x0000, 0x0000, 0x20A1, 0x28C1, 0x0000, 0x0000, 0x0000, 0x0820, 0x30C1, 0x30E1, 0x20A1, 0x4101,
  0x1040, 0x0020, 0x0000, 0x0000, 0x1081, 0x20A1, 0x1881, 0x1082, 0x18A2, 0x28C1, 0x18A1, 0x1040, 0x0000, 0x1860, 0x28A1, 0x20A1,
  0x20A1, 0x20A1, 0x0000, 0x0000, 0x0000, 0x0000, 0x0000, 0x0000, 0x0000, 0x0000, 0x0000, 0x1040, 0x18A1, 0x0861, 0x0082, 0x0061,
  0x0000, 0x0000, 0x0000, 0x0041, 0x0041, 0x0021, 0x0000, 0x0000, 0x0000, 0x0000, 0x0000, 0x0000, 0x0021, 0x0000, 0x0020, 0x0062,
  0x0041, 0x0000, 0x0000, 0x0000, 0x0000, 0x0021, 0x0062, 0x0000, 0x0000, 0x0000, 0x0021, 0x0000, 0x0000, 0x0000, 0x0000, 0x0861,
  0x0841, 0x0000, 0x0020, 0x0042, 0x0021, 0x0000, 0x0000, 0x0000, 0x0000, 0x0000, 0x0000, 0x0000, 0x0000, 0x0801, 0x0821, 0x0801,
  0x0801, 0x2841, 0x2021, 0x0000, 0x1800, 0x0800, 0x0000, 0x0000, 0x0800, 0x0800, 0x0000, 0x0800, 0x2800, 0x1000, 0x2000, 0x0000,
  0x0000, 0x0000, 0x0000, 0x1020, 0x20A3, 0x20C4, 0x28A4, 0x18A4, 0x18A4, 0x1842, 0x1042, 0x1864, 0x1043, 0x1022, 0x1042, 0x1022,
  0x1021, 0x0800, 0x0000, 0x0000, 0x0000, 0x0820, 0x0841, 0x0820, 0x0000, 0x0000, 0x0800, 0x28A1, 0x1882, 0x2080, 0x0820, 0x0820,
  0x0000, 0x0000, 0x0020, 0x1082, 0x1082, 0x20A1, 0x28C1, 0x1881, 0x20A2, 0x0841, 0x1081, 0x0042, 0x0000, 0x0000, 0x0000, 0x1040,
  0x0820, 0x0841, 0x1040, 0x0000, 0x0000, 0x0000, 0x0000, 0x0000, 0x0000, 0x0000, 0x0000, 0x1881, 0x0041, 0x0862, 0x0020, 0x0000,
  0x0000, 0x0000, 0x0042, 0x0041, 0x0021, 0x0021, 0x0000, 0x0820, 0x1881, 0x18A2, 0x1881, 0x0840, 0x0000, 0x0000, 0x0041, 0x0042,
  0x0000, 0x0000, 0x0000, 0x0000, 0x0000, 0x0041, 0x0041, 0x0000, 0x0000, 0x0020, 0x0000, 0x0000, 0x0000, 0x0000, 0x0000, 0x0000,
  0x0041, 0x0000, 0x0041, 0x0022, 0x0000, 0x0000, 0x0000, 0x0000, 0x0000, 0x0000, 0x0000, 0x0000, 0x0000, 0x0000, 0x0000, 0x0801,
  0x0001, 0x1001, 0x2021, 0x0800, 0x0800, 0x0000, 0x0000, 0x0000, 0x0800, 0x0000, 0x1000, 0x2800, 0x2000, 0x1000, 0x0000, 0x0000,
  0x0000, 0x1020, 0x2841, 0x2083, 0x2083, 0x1884, 0x1863, 0x1821, 0x1800, 0x1800, 0x1800, 0x1021, 0x0801, 0x0801, 0x1021, 0x0801,
  0x1022, 0x0801, 0x0000, 0x0000, 0x0000, 0x0000, 0x0820, 0x1061, 0x1081, 0x0000, 0x0841, 0x1081, 0x0020, 0x0000, 0x0000, 0x0000,
  0x0000, 0x0020, 0x1061, 0x0841, 0x1061, 0x18A1, 0x1881, 0x1061, 0x1081, 0x0000, 0x0042, 0x1061, 0x18A2, 0x0820, 0x0000, 0x0000,
  0x0000, 0x0020, 0x0820, 0x1060, 0x0000, 0x0000, 0x0000, 0x0000, 0x0000, 0x0000, 0x0840, 0x0862, 0x0062, 0x0020, 0x0000, 0x0000,
  0x0000, 0x0022, 0x0000, 0x0000, 0x0000, 0x0000, 0x0000, 0x0041, 0x1061, 0x0861, 0x0862, 0x0862, 0x1081, 0x0000, 0x0021, 0x0041,
  0x0000, 0x0000, 0x0000, 0x0000, 0x0000, 0x0021, 0x0000, 0x0000, 0x0000, 0x0000, 0x0020, 0x0000, 0x0000, 0x0021, 0x0000, 0x0000,
  0x0000, 0x0020, 0x0041, 0x0021, 0x0000, 0x0000, 0x0000, 0x0000, 0x0000, 0x0000, 0x0000, 0x0000, 0x0000, 0x0000, 0x0801, 0x0000,
  0x0000, 0x0801, 0x1021, 0x2041, 0x0000, 0x0000, 0x0000, 0x0000, 0x0000, 0x0800, 0x1800, 0x2000, 0x0820, 0x0000, 0x0000, 0x0800,
  0x2000, 0x2021, 0x2062, 0x1842, 0x1042, 0x0800, 0x1000, 0x1000, 0x0000, 0x0800, 0x1020, 0x0000, 0x0000, 0x0000, 0x0000, 0x0801,
  0x0821, 0x0000, 0x0000, 0x0000, 0x0840, 0x20A1, 0x10A2, 0x0041, 0x0000, 0x0000, 0x0861, 0x0000, 0x0000, 0x0000, 0x0000, 0x0000,
  0x0000, 0x18A1, 0x1081, 0x0041, 0x0000, 0x0840, 0x0041, 0x18A1, 0x0020, 0x0000, 0x0862, 0x20A1, 0x1881, 0x0020, 0x0000, 0x0000,
  0x0000, 0x0000, 0x1061, 0x0041, 0x0000, 0x0000, 0x0000, 0x0000, 0x0000, 0x0000, 0x1081, 0x0042, 0x0041, 0x0000, 0x0000, 0x0000,
  0x0021, 0x0000, 0x0000, 0x0000, 0x0000, 0x0020, 0x0042, 0x0021, 0x0000, 0x0000, 0x0021, 0x0041, 0x0841, 0x0861, 0x0021, 0x0021,
  0x0000, 0x0041, 0x0000, 0x0000, 0x0000, 0x0021, 0x0000, 0x0000, 0x0041, 0x0062, 0x0062, 0x0021, 0x0000, 0x0000, 0x0041, 0x0000,
  0x0000, 0x0041, 0x0021, 0x0021, 0x0000, 0x0000, 0x0000, 0x0000, 0x0041, 0x0041, 0x0041, 0x0020, 0x0000, 0x0000, 0x0801, 0x0001,
  0x0000, 0x0000, 0x0801, 0x2042, 0x1021, 0x0000, 0x0000, 0x0000, 0x0800, 0x1800, 0x1800, 0x0000, 0x0000, 0x0000, 0x0800, 0x2000,
  0x1821, 0x1022, 0x1821, 0x0020, 0x0000, 0x1000, 0x1800, 0x0000, 0x0000, 0x0800, 0x1082, 0x0020, 0x0000, 0x0801, 0x0821, 0x0021,
  0x0000, 0x0000, 0x0000, 0x0820, 0x1882, 0x0062, 0x0041, 0x0000, 0x0000, 0x0000, 0x0000, 0x0000, 0x0020, 0x0820, 0x0000, 0x0000,
  0x1060, 0x1062, 0x0042, 0x0820, 0x0820, 0x0000, 0x0062, 0x1061, 0x0000, 0x0021, 0x20A1, 0x10A2, 0x0020, 0x0000, 0x0000, 0x0000,
  0x0000, 0x0020, 0x0062, 0x0000, 0x0041, 0x0000, 0x0000, 0x0000, 0x0000, 0x0020, 0x0862, 0x0042, 0x0000, 0x0000, 0x0000, 0x0000,
  0x0000, 0x0000, 0x0000, 0x0000, 0x0000, 0x0042, 0x0022, 0x0000, 0x0000, 0x0000, 0x0000, 0x0020, 0x0042, 0x0862, 0x0041, 0x0000,
  0x0000, 0x0020, 0x0021, 0x0020, 0x0000, 0x0021, 0x0000, 0x0021, 0x0042, 0x0021, 0x0000, 0x0000, 0x0000, 0x0000, 0x0062, 0x0020,
  0x0000, 0x0042, 0x0001, 0x0000, 0x0000, 0x0000, 0x0020, 0x0062, 0x0041, 0x0042, 0x0062, 0x0882, 0x0020, 0x0000, 0x0000, 0x0001,
  0x0801, 0x0000, 0x0000, 0x0821, 0x1842, 0x0000, 0x0000, 0x0000, 0x1800, 0x1000, 0x0000, 0x0000, 0x0000, 0x0800, 0x1821, 0x1021,
  0x1021, 0x0800, 0x0000, 0x0000, 0x0800, 0x1001, 0x0800, 0x0000, 0x0000, 0x0000, 0x0882, 0x0882, 0x0000, 0x0821, 0x1082, 0x0020,
  0x0000, 0x0000, 0x0020, 0x1082, 0x0062, 0x0041, 0x0000, 0x0000, 0x0000, 0x0000, 0x0000, 0x0841, 0x0862, 0x0062, 0x0041, 0x0000,
  0x0000, 0x0021, 0x0840, 0x20A2, 0x0841, 0x0000, 0x0021, 0x0021, 0x0000, 0x1060, 0x0861, 0x0041, 0x0000, 0x0000, 0x0000, 0x0020,
  0x0000, 0x0000, 0x0041, 0x0000, 0x0000, 0x0021, 0x0000, 0x0000, 0x0000, 0x0041, 0x0042, 0x0000, 0x0000, 0x0000, 0x0021, 0x0001,
  0x0000, 0x0000, 0x0000, 0x0000, 0x0000, 0x0022, 0x0021, 0x0000, 0x0000, 0x0000, 0x0000, 0x0000, 0x0000, 0x0021, 0x0042, 0x0000,
  0x0000, 0x0000, 0x0042, 0x0020, 0x0000, 0x0021, 0x0021, 0x0042, 0x0000, 0x0000, 0x0000, 0x0000, 0x0000, 0x0000, 0x0041, 0x0021,
  0x0000, 0x0022, 0x0000, 0x0000, 0x0000, 0x0000, 0x0041, 0x0021, 0x0041, 0x0062, 0x0000, 0x0000, 0x0000, 0x0000, 0x0000, 0x0001,
  0x0801, 0x0000, 0x0000, 0x0000, 0x1022, 0x0821, 0x0000, 0x0800, 0x1000, 0x0000, 0x0000, 0x0000, 0x0800, 0x1800, 0x1000, 0x1001,
  0x0000, 0x0000, 0x0000, 0x0000, 0x1000, 0x1000, 0x0000, 0x0000, 0x0821, 0x0000, 0x0041, 0x0882, 0x0000, 0x0000, 0x0041, 0x0000,
  0x0000, 0x0000, 0x0862, 0x0042, 0x0062, 0x0000, 0x0000, 0x0000, 0x0000, 0x0000, 0x0062, 0x0041, 0x0041, 0x0000, 0x0000, 0x0021,
  0x0000, 0x0000, 0x0861, 0x0882, 0x0021, 0x0000, 0x0000, 0x0000, 0x0020, 0x1082, 0x0042, 0x0000, 0x0000, 0x0000, 0x0000, 0x0862,
  0x0041, 0x0000, 0x0021, 0x0000, 0x0000, 0x0042, 0x0000, 0x0000, 0x0000, 0x0042, 0x0021, 0x0000, 0x0000, 0x0021, 0x0021, 0x0000,
  0x0000, 0x0000, 0x0000, 0x0000, 0x0021, 0x0021, 0x0000, 0x0000, 0x0000, 0x0000, 0x0000, 0x0000, 0x0000, 0x0021, 0x0021, 0x0021,
  0x0000, 0x0000, 0x0021, 0x0021, 0x0000, 0x0000, 0x0042, 0x0000, 0x0000, 0x0000, 0x0000, 0x0000, 0x0000, 0x0000, 0x0020, 0x0042,
  0x0000, 0x0021, 0x0000, 0x0000, 0x0000, 0x0042, 0x0021, 0x0042, 0x0021, 0x0000, 0x0000, 0x0000, 0x0000, 0x0000, 0x0000, 0x0000,
  0x0022, 0x0821, 0x0000, 0x0000, 0x0001, 0x1022, 0x0000, 0x0800, 0x0000, 0x0000, 0x0000, 0x0000, 0x1800, 0x1000, 0x1000, 0x0000,
  0x0000, 0x0000, 0x0000, 0x0800, 0x1000, 0x0000, 0x0000, 0x0841, 0x0021, 0x0000, 0x0000, 0x0062, 0x0021, 0x0000, 0x0000, 0x0000,
  0x0000, 0x0021, 0x0062, 0x0042, 0x0000, 0x0000, 0x0000, 0x0000, 0x0000, 0x0042, 0x0062, 0x0041, 0x0000, 0x0000, 0x0021, 0x0000,
  0x0000, 0x0021, 0x0000, 0x0042, 0x0000, 0x0000, 0x0000, 0x0000, 0x0841, 0x0062, 0x0000, 0x0000, 0x0000, 0x0000, 0x0042, 0x0021,
  0x0000, 0x0000, 0x0000, 0x0000, 0x0000, 0x0021, 0x0021, 0x0000, 0x0000, 0x0062, 0x0000, 0x0000, 0x0021, 0x0021, 0x0000, 0x0000,
  0x0000, 0x0000, 0x0000, 0x0000, 0x0042, 0x0000, 0x0000, 0x0000, 0x0000, 0x0000, 0x0000, 0x0000, 0x0000, 0x0000, 0x0021, 0x0021,
  0x0000, 0x0000, 0x0000, 0x0021, 0x0000, 0x0021, 0x0000, 0x0000, 0x0000, 0x0000, 0x0000, 0x0000, 0x0000, 0x0000, 0x0000, 0x0042,
  0x0000, 0x0000, 0x0000, 0x0000, 0x0041, 0x0021, 0x0021, 0x0000, 0x0000, 0x0000, 0x0000, 0x0000, 0x0000, 0x0000, 0x0000, 0x0000,
  0x0001, 0x0822, 0x0001, 0x0000, 0x0000, 0x0801, 0x0000, 0x0000, 0x0000, 0x0000, 0x0000, 0x1000, 0x1000, 0x1000, 0x0000, 0x0000,
  0x0000, 0x0000, 0x0000, 0x0800, 0x0000, 0x0000, 0x0000, 0x0000, 0x0000, 0x0000, 0x0000, 0x0041, 0x0021, 0x0000, 0x0000, 0x0000,
  0x0000, 0x0062, 0x0042, 0x0021, 0x0000, 0x0000, 0x0000, 0x0000, 0x0021, 0x0042, 0x0021, 0x0000, 0x0000, 0x0000, 0x0000, 0x0000,
  0x0020, 0x0062, 0x0021, 0x0000, 0x0000, 0x0000, 0x0000, 0x0000, 0x0041, 0x0041, 0x0000, 0x0000, 0x0000, 0x0021, 0x0021, 0x0000,
  0x0000, 0x0000, 0x0000, 0x0000, 0x0000, 0x0000, 0x0021, 0x0000, 0x0000, 0x0021, 0x0000, 0x0000, 0x0021, 0x0000, 0x0000, 0x0000,
  0x0000, 0x0000, 0x0000, 0x0000, 0x0021, 0x0000, 0x0000, 0x0000, 0x0000, 0x0000, 0x0000, 0x0000, 0x0000, 0x0000, 0x0000, 0x0021,
  0x0000, 0x0000, 0x0000, 0x0021, 0x0000, 0x0000, 0x0000, 0x0000, 0x0000, 0x0000, 0x0000, 0x0000, 0x0000, 0x0000, 0x0000, 0x0022,
  0x0000, 0x0000, 0x0000, 0x0021, 0x0021, 0x0022, 0x0000, 0x0000, 0x0000, 0x0000, 0x0000, 0x0000, 0x0000, 0x0000, 0x0000, 0x0000,
  0x0000, 0x0021, 0x0001, 0x0000, 0x0000, 0x0000, 0x0001, 0x0000, 0x0000, 0x0000, 0x0000, 0x1800, 0x1001, 0x0000, 0x0000, 0x0000,
  0x0000, 0x0000, 0x0000, 0x0000, 0x0000, 0x0000, 0x0000, 0x0000, 0x0000, 0x0000, 0x0000, 0x0021, 0x0000, 0x0000, 0x0000, 0x0000,
  0x0000, 0x0062, 0x0021, 0x0000, 0x0000, 0x0000, 0x0000, 0x0000, 0x0042, 0x0021, 0x0000, 0x0000, 0x0000, 0x0000, 0x0000, 0x0000,
  0x0021, 0x0062, 0x0000, 0x0000, 0x0000, 0x0000, 0x0000, 0x0000, 0x0042, 0x0000, 0x0000, 0x0000, 0x0000, 0x0022, 0x0000, 0x0000,
  0x0000, 0x0000, 0x0000, 0x0000, 0x0000, 0x0000, 0x0000, 0x0000, 0x0000, 0x0001, 0x0000, 0x0021, 0x0000, 0x0000, 0x0000, 0x0000,
};
